Time,P (deg/s),Q (deg/s),R (deg/s),P dot (deg/s^2),Q dot (deg/s^2),R dot (deg/s^2),P_{inertial} (deg/s),Q_{inertial} (deg/s),R_{inertial} (deg/s),q bar (psf),Reynolds Number,V_{Total} (ft/s),V_{Inertial} (ft/s),UBody,VBody,WBody,UdotBody,VdotBody,WdotBody,UdotBody_i,VdotBody_i,WdotBody_i,BodyAccel_X,BodyAccel_Y,BodyAccel_Z,Aero V_{X Body} (ft/s),Aero V_{Y Body} (ft/s),Aero V_{Z Body} (ft/s),V_{X_{inertial}} (ft/s),V_{Y_{inertial}} (ft/s),V_{Z_{inertial}} (ft/s),V_{X_{ecef}} (ft/s),V_{Y_{ecef}} (ft/s),V_{Z_{ecef}} (ft/s),V_{North} (ft/s),V_{East} (ft/s),V_{Down} (ft/s),I_{xx},I_{xy},I_{xz},I_{yx},I_{yy},I_{yz},I_{zx},I_{zy},I_{zz},Mass,Weight,X_{cg},Y_{cg},Z_{cg},Altitude ASL (ft),Altitude AGL (ft),Phi (deg),Theta (deg),Psi (deg),Q(1)_{LOCAL},Q(2)_{LOCAL},Q(3)_{LOCAL},Q(4)_{LOCAL},Q(1)_{ECEF},Q(2)_{ECEF},Q(3)_{ECEF},Q(4)_{ECEF},Q(1)_{ECI},Q(2)_{ECI},Q(3)_{ECI},Q(4)_{ECI},Alpha (deg),Beta (deg),Latitude (deg),Latitude Geodetic (deg),Longitude (deg),X_{ECI} (ft),Y_{ECI} (ft),Z_{ECI} (ft),X_{ECEF} (ft),Y_{ECEF} (ft),Z_{ECEF} (ft),Earth Position Angle (deg),Distance AGL (ft),Terrain Elevation (ft),navigation/actual-heading-rad,propulsion/tank[0]/contents-volume-gal,propulsion/tank[1]/contents-volume-gal,systems/mixture-cmd-norm,guidance/wp-heading-rad,guidance/wp-distance,guidance/wp-heading-deg,guidance/selected_target_heading,guidance/angle-to-heading-rad,ap/roll-control-autopilot-on,ap/roll-autopilot-windup-trigger,ap/limited-roll-angle-rad,ap/roll-attitude-selector,ap/limited-roll-angle-error,ap/roll-rate-pid-control,ap/total-limited-roll-rate,ap/roll-rate-saturation,ap/limited-roll-rate-error,ap/roll-command-pid-control,ap/roll-cmd-smoother,ap/roll-cmd-norm-output,ap/roll-command-selector-steering,fcs/attitude/sensor/phi-rad,fcs/wing-leveler-ap-on-off,fcs/roll-ap-error-pid,fcs/roll-ap-autoswitch,fcs/heading-true-degrees,fcs/heading-error,fcs/heading-error-bias-switch,fcs/heading-corrected,fcs/heading-command,fcs/heading-roll-error-lag,fcs/heading-roll-error,fcs/heading-roll-error-switch,fcs/heading-pi-controller,fcs/roll-command-selector,fcs/altitude-error,fcs/alt-error-lag,fcs/hdot-command,fcs/hdot-error,fcs/ap-alt-hold-switch,fcs/windup-trigger,fcs/altitude-hold-pid,fcs/elevator,fcs/pitch-trim-sum,fcs/elevator-control,fcs/elevator-actuator,fcs/roll-trim-sum,fcs/left-aileron-control,fcs/left-aileron-actuator,fcs/right-aileron-control,fcs/right-aileron-actuator,fcs/delta-aileron-pos,fcs/effective-aileron-pos,fcs/yaw-trim-sum,fcs/rudder-control,fcs/flaps-control,fcs/flap-position-normalizer,IO320 Power Available (engine 0 in ft-lbs/sec),IO320 HP (engine 0),IO320 equivalent ratio (engine 0),IO320 MAP (engine 0 in inHg),Fixed-Pitch 75-inch Two-Blade Propeller Torque (engine 0),Fixed-Pitch 75-inch Two-Blade Propeller PFactor Pitch (engine 0),Fixed-Pitch 75-inch Two-Blade Propeller PFactor Yaw (engine 0),Fixed-Pitch 75-inch Two-Blade Propeller Thrust (engine 0 in lbs),Fixed-Pitch 75-inch Two-Blade Propeller RPM (engine 0),Fuel Tank 0,Fuel Tank 1,/fdm/jsbsim/position/vrp-gc-latitude_deg,/fdm/jsbsim/position/vrp-longitude_deg,/fdm/jsbsim/position/vrp-radius-ft,velocities/pi-deg_sec
0,0,0,0,-2.812359303118484,34.91105099093554,0.1097825156575318,0.004178074132240403,0,9.277188200408133e-19,11.48770493,2523409.639,133.9322046,1533.21858429,133.9322046001824,0,0,-1.352548628429905,-4.337192996519952e-18,22.74554259257622,-22.85691926889408,0,-1.3525486284299,-1.352548628429898,0,-9.281298709272729,133.9322046001824,0,0,2.973892345718596e-14,1527.357650254479,133.9322046001824,2.973892345718596e-14,0,133.9322046001824,133.9322046001824,0,-2.973892345718596e-14, 1337.930962, 2.857725524,-7.063917207, 2.857725524, 1379.179417, 7.371507843,-7.063917207, 7.371507843, 2338.252732,55.13760484,1774,40.97745208568207,-1.499436302142052,36.83934611048478,19685.039370079,22965.879265095,0,1.272221872585407e-14,0,1,0,1.110223024625157e-16,0,0.7071067811865476,0,-0.7071067811865475,0,0.7071067811865476,0,-0.7071067811865475,0,0,0,0,0,0,20945331.36483008,0,0,20945331.36483008,0,0,0,22965.879265095,-3280.8398950125,0.003,9.84848485,9.84848485,0.465830736,3.14159265,0,180.013259,3.14159265,3.13859265,0,1,0.523,0,0,0,0.348,0,0,0,0,0,0,0,-1,0,0,0,0,0,0,0,0,0,0,0,0,-100,-0.497512438,-0.0139303483,-0.0139303483,0,0,0,-0,0,0,0.002,0,0,0,0,0,0,0,0,0,0,0,-825,-1.5,1.29953,29.9213,0,0,0,-0,0,65,65,-3.69872189791986938e-07,3.41807957492594514e-07,20945331.5032179058,0.00417807413224040303
0.1,-0.0274153415341016,0.2502680557063615,-0.02516387340856568,0.3669322216225299,2.781660136025206,-0.3019120815722821,-0.02324603959453178,0.2502682583493896,-0.02489327268770286,11.51251158,2526132.694,134.07673489,1533.22719196,133.7960597020573,0.002456470161900251,8.670942329876393,1.674823819481486,0.06629934951182581,0.4796451996915607,0.1041013705201692,0.01171731118488617,1.702318107406122,3.786996459866782,-0.00484731809920134,-32.06437093702194,133.7960597020578,0.002456470161900242,8.67094232987642,0.002791211335045141,1527.353610498153,134.0767342165403,0.01281505546170969,-0.004039842086641505,134.0767342165403,134.0767342090894,-0.00403984208638787,-0.01289277439445868, 1337.930962, 2.857725524,-7.063917207, 2.857725524, 1379.179417, 7.371507843,-7.063917207, 7.371507843, 2338.252732,55.13760484,1774,40.97745208568207,-1.499436302142052,36.83934611048478,19685.039847359,22965.879742371,0.02964369728951484,3.713500857510888,359.9991409958046,0.9994749247659044,0.0002587971173510617,0.03240073357590562,-1.587403807115509e-05,0.7296460771618468,0.0001942217800434444,-0.6838249299743323,0.0001717726057363201,-0.729646076594255,-0.0001964657185555526,0.6838249293333212,-0.0001741669041321744,3.7079912672521,0.0010497374723528,3.2989951763192e-05,3.3212077071687e-05,-1.1339915733037e-09,20945331.36485279,137.4617739774017,12.05997155947164,20945331.36530387,-0.000414547624103534,12.05997155947164,0.00037602667190164,22965.879742371,-3280.8398950125,6.28617031,9.84848485,9.84848485,0.465830727,3.14155828,12.0485609,180.011289,3.14155828,3.13857327,0,1,0.523,0,-0.00051738012,-0.0154633556,0.348,0,-0.0149077476,-0.037269369,-0.0374755677,0,0,0,-1,0.0160008411,0,360.025659,-360.025659,360,-0.0256590339,-0.000447750142,-0.000205368825,-0.000722748945,0,0,0,-100,-97.3351375,-2.72538385,-2.73827662,0,0,0,-0,-0.0630125575,-0.0307879356,-0.0278655192,-0.000602060714,-0.000210119189,0.00226727293,0.000157589392,-0.0023254547,0.00459272763,0.00229636382,-6.40050616e-05,-1.78702132e-05,0,0,50045.9,90.9925,1.29953,13.0211,190.69,-1.80397e-05,10.5402,223.343,2506.88,65,65,3.2596354464532268e-05,3.40875680095821679e-07,20945331.4945827127,-0.0232460395945317776
0.2,-0.02044803751086097,0.4893602817591096,-0.05229463066849046,-0.2521972993963199,1.898824915838801,-0.233464801663671,-0.01627890889129772,0.4893607514130668,-0.05202137293765702,11.54173875,2529337.175,134.246825611,1533.24309398,133.962365295901,0.0120513284060651,8.734685212332261,1.644467632857119,0.1278326341766949,0.8027347802652898,0.3417563442018476,0.008718654042472865,1.693070630901883,3.813766752640168,-0.006645342731522374,-32.29969930307729,133.9623652959015,0.01205132840606512,8.734685212332289,0.02436953422773264,1527.354633520188,134.2468178560968,0.04553100514610087,-0.003017451245521098,134.2468178560968,134.2468178002432,-0.003017451243858219,-0.04569539122639554, 1337.930962, 2.857725524,-7.063917207, 2.857725524, 1379.179417, 7.371507843,-7.063917207, 7.371507843, 2338.252732,55.13760484,1774,40.97745208568207,-1.499436302142052,36.83934611048478,19685.042577036,22965.88247205,0.02748884170978421,3.750053711631006,359.9953572752246,0.9994645422446793,0.0002410826000958481,0.03271954061108572,-4.834266503123469e-05,0.7298639458886567,0.0002046544716923817,-0.6835923931949621,0.000136287827061993,-0.7298639449270082,-0.0002093900643145209,0.6835923917608134,-0.0001413439662950675,3.7305491445567,0.0051434382375727,6.9689815638316e-05,7.0159045539186e-05,-2.0925544300894e-09,20945331.3660111,290.1971886186325,25.4761571258189,20945331.36802144,-0.000764964650386446,25.4761571258189,0.00079383408512568,22965.88247205,-3280.839895019,6.28610428,9.84848485,9.84848485,0.465830674,3.14156263,25.4520527,180.011539,3.14156263,3.13864366,0,1,0.523,0,-0.000479770795,-0.0143552507,0.348,0,-0.0140332986,-0.0350832464,-0.0354155932,0,0,0,-1,0.0175501004,0,360.021875,-360.021875,360,-0.0218750346,-0.000381719354,-0.000215759011,-0.000695529807,0,0,0,-100,-97.5887347,-2.73248457,-2.77817996,0,0,0,-0,-0.0651668172,-0.0318405069,-0.0278655192,-0.000559512585,-0.000195269892,0.00226727293,0.000146452419,-0.0023254547,0.00459272763,0.00229636382,-0.00037021304,-0.000103363481,0,0,47236.7,85.885,1.29953,12.5509,179.708,0.00778523,10.604,224.053,2510.09,65,65,6.92960145599775677e-05,3.39928896394437958e-07,20945331.4972251803,-0.0162789088912977213
0.3,-0.06590732964649983,0.6394754312742973,-0.07259501657703674,-0.6689798583617257,1.034059013061877,-0.1667128966430247,-0.06173847215861657,0.6394763339469405,-0.07231765420504269,11.57055712,2532492.742,134.414337009,1533.25843341,134.124749134118,0.02664561919077558,8.818443922148347,1.598255414030529,0.1639484840412599,0.8714411455591602,0.6254279790812447,0.004124556757834441,1.651442197713644,3.822882780478475,-0.008849819472211166,-32.58173514394176,134.1247491341185,0.02664561919077566,8.818443922148376,0.07261205430681432,1527.355300959417,134.4142960462275,0.104911165658411,-0.002351936037310473,134.4142960462275,134.4142958497912,-0.002351936032153299,-0.1051625425878484, 1337.930962, 2.857725524,-7.063917207, 2.857725524, 1379.179417, 7.371507843,-7.063917207, 7.371507843, 2338.252732,55.13760484,1774,40.97745208568207,-1.499436302142052,36.83934611048478,19685.049882445,22965.88977746,0.02334139058999201,3.806504200080418,359.9891707748603,0.9994483066127193,0.0002067183049786721,0.03321188690658488,-0.0001012156824625214,0.7302003866199602,0.000217742124125697,-0.6832330074015734,7.460180547363253e-05,-0.7302003857903347,-0.0002249663339229543,0.6832330050610697,-8.232262799812036e-05,3.7616730499229,0.011358025982336,0.00010643592311353,0.00010715256897026,-2.8165175541995e-09,20945331.37062269,442.932689142096,38.90924774560285,20945331.37530607,-0.001029620226802308,38.90924774560285,0.0012116414983497,22965.88977746,-3280.8398950124,6.2859963,9.84848485,9.84848485,0.465830532,3.14156619,38.8724335,180.011743,3.14156619,3.1387552,0,1,0.523,0,-0.000407384118,-0.0121093869,0.348,0,-0.0110699418,-0.0276748544,-0.0287562995,0,0,0,-1,0.00130597531,0,360.015688,-360.015688,360,-0.0156880786,-0.000273756971,-0.00022134353,-0.000628727648,0,0,0,-100,-97.8181987,-2.73890956,-2.84407211,0,0,0,-0,-0.0669877448,-0.0327302121,-0.0278655192,-0.000487672942,-0.000170197857,0.00226727293,0.000127648392,-0.0023254547,0.00459272763,0.00229636382,-0.000855923779,-0.000238973919,0,0,44584.7,81.0631,1.29953,12.1204,169.767,0.0235325,10.6519,223.515,2507.36,65,65,0.000106041809331776059,3.39220126204324011e-07,20945331.5043975748,-0.0617384721586165738
0.4,-0.1455148284657524,0.7093818593515755,-0.08650941054649361,-0.9254850888105262,0.3262816361315278,-0.1070190294649628,-0.1413463017103551,0.7093832907035217,-0.08622712328984695,11.59847299,2535545.538,134.576420958,1533.27267954,134.2817663059186,0.04373645227735563,8.900472046079019,1.538724094533374,0.1760962946388596,0.7634639587374998,0.8971784637696274,-0.004311098205718496,1.584464536184399,3.812930660221663,-0.01118819651515207,-32.85284830156137,134.2817663059191,0.04373645227735577,8.900472046079047,0.1490389697158197,1527.355332454141,134.5762832948406,0.1924757158792225,-0.002324488207873212,134.5762832948406,134.5762828100268,-0.002324488196327626,-0.1928143928024824, 1337.930962, 2.857725524,-7.063917207, 2.857725524, 1379.179417, 7.371507843,-7.063917207, 7.371507843, 2338.252732,55.13760484,1774,40.97745208568207,-1.499436302142052,36.83934611048478,19685.064554304,22965.90444932,0.01285403847777605,3.87423006754346,359.9812397073054,0.9994285087011343,0.0001176425144078675,0.03380257576998154,-0.0001674126047334364,0.7306038471879192,0.0002015644315611587,-0.6828015645906773,-3.519253665176222e-05,-0.7306038476144806,-0.0002112736132262451,0.6828015616554763,2.480362446593775e-05,3.7921354233011,0.018620752080114,0.00014322715070512,0.00014419151631638,-3.4368647624916e-09,20945331.38147826,595.6682278358472,52.35883272830161,20945331.38994842,-0.001256397452038982,52.35883272830161,0.0016294489115738,22965.90444932,-3280.8398950123,6.28585788,9.84848485,9.84848485,0.465830247,3.14156866,52.309293,180.011884,3.14156866,3.13889609,0,1,0.523,0,-0.000224345294,-0.00648213674,0.348,0,-0.00410054841,-0.010251371,-0.0124750511,0,0,0,-1,-0.0309804869,0,360.007756,-360.007756,360,-0.00775642679,-0.000135349647,-0.000220597466,-0.000444942759,0,0,0,-100,-98.0258262,-2.74472313,-2.93753753,0,0,0,-0,-0.0684413083,-0.0334404232,-0.0278655192,-0.000295447998,-0.000103111351,0.00226727293,7.73335134e-05,-0.0023254547,0.00459272763,0.00229636382,-0.00143514487,-0.000400692448,0,0,42102.4,76.5498,1.29953,11.7266,160.775,0.0435405,10.665,221.955,2499.74,65,65,0.000142832663003643784,3.38585196742009604e-07,20945331.5189216435,-0.141346301710355143
0.5,-0.2448970422513001,0.7180575926760417,-0.09485935311112965,-1.0575223838538,-0.1645895790662501,-0.05650865133333671,-0.2407288725015112,0.718059589690728,-0.09457184588796241,11.62511082,2538454.863,134.730927241,1533.2851837,134.4321866198373,0.06103818978125231,8.966952106472574,1.467532479451579,0.1670643794583419,0.5589330093240683,1.12077402854154,-0.01795062095424097,1.498767498351702,3.783984958685482,-0.0134080433696274,-33.07701174305651,134.4321866198378,0.06103818978125253,8.966952106472604,0.2504572682178197,1527.354268701241,134.7305819007813,0.3050316069740848,-0.003395109435147589,134.7305819007813,134.7305809350391,-0.003395109412851649,-0.3054578715154985, 1337.930962, 2.857725524,-7.063917207, 2.857725524, 1379.179417, 7.371507843,-7.063917207, 7.371507843, 2338.252732,55.13760484,1774,40.97745208568207,-1.499436302142052,36.83934611048478,19685.089281533,22965.929176544,-0.00667627715323934,3.946010586645363,359.9721546360432,0.9994071281577718,-4.986092531089794e-05,0.0344286464181042,-0.0002408467159531011,0.7310312074268609,0.0001350476479161147,-0.6823439845669992,-0.0002055611575638432,-0.7310312109826849,-0.0001472381883662146,0.6823439820453847,0.0001925007866305257,3.816114251914,0.025957149222076,0.00018006168059132,0.0001812740575157,-4.1879699828613e-09,20945331.40126669,748.4037192698976,65.82424756457094,20945331.41463741,-0.00153097523048018,65.82424756457094,0.0020472563247978,22965.929176544,-3280.8398950154,6.28569931,9.84848485,9.84848485,0.465829766,3.14156939,65.7619673,180.011926,3.14156939,3.13905539,0,1,0.523,0,0.000116523018,0.00391615297,0.348,0,0.00800732766,0.0200183191,0.0164363644,0,0,0,-1,-0.0773047643,0,359.998671,-359.998671,360,0.00132931369,2.3196524e-05,-0.000212603964,-9.60809457e-05,0,0,0,-100,-98.2136952,-2.74998346,-3.05544134,0,0,0,-0,-0.0695612402,-0.033987622,-0.0278655192,7.49323214e-05,1.96135351e-05,0.00226727293,-2.61513802e-05,-0.0023254547,0.00459272763,0.00229636382,-0.00202906408,-0.00056651469,0,0,39795.2,72.3548,1.29953,11.3667,152.649,0.0644177,10.6316,219.578,2488.16,65,65,0.000179666797585768329,3.37767824594233722e-07,20945331.543510288,-0.240728872501511232
0.6,-0.3530411000035848,0.6875933452100956,-0.09858942447815981,-1.096130578431719,-0.4386321897873658,-0.01556112344903281,-0.3488732884225319,0.6875958984401956,-0.09829677526775005,11.6502009,2541191.73,134.87632571,1533.29525314,134.5749238515074,0.07657965188688103,9.011506138768226,1.385915814887556,0.1402361792995331,0.3254978348747315,1.280069575779898,-0.0374270963345153,1.400145366664379,3.73759135160457,-0.01528871107187886,-33.23814297515973,134.5749238515079,0.07657965188688132,9.011506138768256,0.3710850952333946,1527.351551932229,134.8756182856524,0.4367969263728622,-0.006122028296172045,134.8756182856525,134.8756166197069,-0.006122028254660796,-0.4373110400562172, 1337.930962, 2.857725524,-7.063917207, 2.857725524, 1379.179417, 7.371507843,-7.063917207, 7.371507843, 2338.252732,55.13760484,1774,40.97745208568207,-1.499436302142052,36.83934611048478,19685.126287479,22965.966182497,-0.03667385178908471,4.016712963603798,359.9624176454947,0.9993856251124809,-0.0003083493983624202,0.03504535682412545,-0.0003165505552784343,0.7314518623915263,5.799903420250788e-06,-0.6818929371392051,-0.0004418710184863995,-0.731451871727699,-2.046860647793268e-05,0.6818929368566644,0.0004261362166476806,3.8309634064403,0.032531217486486,0.00021693718103864,0.0002183978451344,-5.445137576556e-09,20945331.43221131,901.1390265534262,79.30463988212952,20945331.45159634,-0.001990551700487231,79.30463988212952,0.0024650637380218,22965.966182497,-3280.839895012,6.28552937,9.84848485,9.84848485,0.465829047,3.14156755,79.2296049,180.011821,3.14156755,3.13922349,0,1,0.523,0,0.000640079463,0.0198115344,0.348,0,0.0257820314,0.0644550786,0.0594332761,0,0,0,-1,-0.135559567,0,359.988933,-359.988933,360,0.0110670215,0.000193119525,-0.000196956165,0.000443123298,0,0,0,-100,-98.3836859,-2.75474321,-3.19205425,0,0,0,-0,-0.0704203894,-0.0344074023,-0.0278655192,0.00065518977,0.000171495922,0.00226727293,-0.00022866123,-0.0023254547,0.00459272763,0.00229636382,-0.00256955497,-0.000717419747,0,0,37663,68.4782,1.29953,11.0382,145.314,0.0833239,10.5485,216.56,2473.43,65,65,0.000216541909124692898,3.36379787515338783e-07,20945331.5804028511,-0.348873288422531902
0.7,-0.46183576953753,0.638193589913736,-0.09864615334220175,-1.067848817154751,-0.5335841544448857,0.01608191459067335,-0.4576683015362353,0.6381966551510605,-0.0983486562548181,11.67356126,2543736.829,135.011597389,1533.30220682,134.7090118519216,0.08873886972588767,9.033586265497377,1.295113239858514,0.09911490486065658,0.1111093644367642,1.374482289759193,-0.06280019043103367,1.293320580139126,3.676447395602007,-0.01664695420097212,-33.33558603895805,134.7090118519221,0.08873886972588801,9.033586265497407,0.5043509822755528,1527.346591170567,135.0103459472934,0.5812001254328916,-0.0110964270551727,135.0103459472934,135.0103433535848,-0.01109642697663707,-0.5818023210478689, 1337.930962, 2.857725524,-7.063917207, 2.857725524, 1379.179417, 7.371507843,-7.063917207, 7.371507843, 2338.252732,55.13760484,1774,40.97745208568207,-1.499436302142052,36.83934611048478,19685.177164882,22966.017059892,-0.0775998964912606,4.083360638557596,359.9524396280462,0.9993648694305513,-0.0006619703305118607,0.03562677270602915,-0.0003906531601505547,0.7318480888308322,-0.0001918485970927993,-0.6814673756387439,-0.000744317685589018,-0.7318481073246265,0.0001747043793058204,0.6814673802495766,0.0007259059998847334,3.8365108397073,0.037658713610223,0.00025385096439885,0.00025556017342743,-7.7421878114296e-09,20945331.47590485,1053.873954880864,92.79902720170105,20945331.50241792,-0.002830272869005057,92.79902720170105,0.0028828711512459,22966.017059892,-3280.8398950118,6.28535522,9.84848485,9.84848485,0.465828059,3.14156215,92.7112241,180.011511,3.14156215,3.13939224,0,1,0.523,0,0.00135437369,0.0414309421,0.348,0,0.0493042187,0.123260547,0.116815019,0,0,0,-1,-0.203673013,0,359.978954,-359.978954,360,0.0210457739,0.000367248755,-0.000173655152,0.00118071854,0,0,0,-100,-98.5374997,-2.75904999,-3.34085231,0,0,0,-0,-0.0711057528,-0.0347422708,-0.0278655192,0.0014572907,0.000381445841,0.00226727293,-0.000508594455,-0.0023254547,0.00459272763,0.00229636382,-0.00300044102,-0.000837723132,0,0,35702.2,64.913,1.29953,10.7386,138.701,0.0980677,10.4193,213.054,2456.22,65,65,0.000253455325316514319,3.3388127603430885e-07,20945331.6312005371,-0.457668301536235389
0.8,-0.5656178945248956,0.5853722648351843,-0.09594756692732485,-0.9946251221122233,-0.5041122317909652,0.03865678606034908,-0.5614507483985322,0.5853757736715736,-0.09564559953819493,11.69507834,2546078.344,135.136118851,1533.3054143,134.8336163533082,0.09624209929875495,9.036440489230978,1.196609508363593,0.04709673287316513,-0.05707888238909931,1.413418068395899,-0.09372357519759024,1.181890639697758,3.603908494366145,-0.01733891036385723,-33.37857803399741,134.8336163533087,0.09624209929875537,9.03644048923101,0.6441737324032565,1527.338811248488,135.1341341152427,0.7321599064566477,-0.01889346903023343,135.1341341152427,135.1341303724396,-0.01889346887978602,-0.7328503868633902, 1337.930962, 2.857725524,-7.063917207, 2.857725524, 1379.179417, 7.371507843,-7.063917207, 7.371507843, 2338.252732,55.13760484,1774,40.97745208568207,-1.499436302142052,36.83934611048478,19685.24286551,22966.082760526,-0.1292229841556533,4.144801564050428,359.9425423935781,0.9993451884163529,-0.001108813084199561,0.03616286828518436,-0.0004603042657254256,0.7322130288622127,-0.0004585622185436536,-0.6810746207411641,-0.001109534765375174,-0.7322130605173457,0.0004389446442469378,0.6810746336669926,0.001088444207554523,3.8341834015905,0.040805275557137,0.00029080011618462,0.00029275810828324,-1.1773389419111e-08,20945331.53329908,1206.608250801831,106.3063441204591,20945331.56805392,-0.004303939088686093,106.3063441204591,0.0033006785644699,22966.082760526,-3280.8398950116,6.28518248,9.84848485,9.84848485,0.465826782,3.14155217,106.205761,180.010939,3.14155217,3.13955499,0,1,0.523,0,0.00225536654,0.0686430107,0.348,0,0.078339772,0.19584943,0.188063151,0,0,0,-1,-0.279710786,0,359.969056,-359.969056,360,0.0309437374,0.000539968218,-0.000143013312,0.00211235323,0,0,0,-100,-98.6766761,-2.76294693,-3.49579732,0,0,0,-0,-0.0717001878,-0.0350327117,-0.0278655192,0.00247886145,0.000648841985,0.00226727293,-0.000865122647,-0.0023254547,0.00459272763,0.00229636382,-0.00327745876,-0.000915066485,0,0,33906.3,61.6478,1.29953,10.4659,132.747,0.107099,10.2522,209.191,2437.11,65,65,0.000290404136626396035,3.29577177158522051e-07,20945331.6968575232,-0.561450748398532151
0.9,-0.6607120936029665,0.5390289045347635,-0.09140000027731009,-0.89383450302347,-0.4057462816899948,0.05211741081109991,-0.6565452471992936,0.539032773775866,-0.09109392915539825,11.71468905,2548209.964,135.249556685,1533.3043188,134.948061438391,0.09814900362654409,9.025168380768031,1.092161900313212,-0.01258074399990225,-0.1697342229470635,1.41101681259434,-0.1296062138972191,1.068426336695104,3.523474139193231,-0.01726045194761007,-33.38104423718818,134.9480614383915,0.09814900362654455,9.025168380768063,0.7856913676557157,1527.327685187355,135.2466590529542,0.8848141730490564,-0.03003998996870669,135.2466590529543,135.2466539547236,-0.03003998968479957,-0.8855931109384265, 1337.930962, 2.857725524,-7.063917207, 2.857725524, 1379.179417, 7.371507843,-7.063917207, 7.371507843, 2338.252732,55.13760484,1774,40.97745208568207,-1.499436302142052,36.83934611048478,19685.323790077,22966.16368509,-0.1908439208004863,4.201184283088138,359.9329591301387,0.9993264938190765,-0.001642863073004279,0.03665495316735041,-0.0005236033749473147,0.7325475461034628,-0.0007914318201413823,-0.6807136839653596,-0.001531925513171882,-0.7325475954286255,0.0007693427207568779,0.6807137092888575,0.001508154409145761,3.8261769059764,0.041578873178043,0.00032778159370172,0.00032998858652024,-1.8384289751958e-08,20945331.60479472,1359.341605555769,119.8254783669803,20945331.64890502,-0.00672065288677004,119.8254783669803,0.003718485977694,22966.16368509,-3280.8398950147,6.28501522,9.84848485,9.84848485,0.46582521,3.14153657,119.712103,180.010045,3.14153657,3.13970665,0,1,0.523,0,0.00333085478,0.101075017,0.348,0,0.11244871,0.281121774,0.272119749,0,0,0,-1,-0.36193625,0,359.959472,-359.959472,360,0.0405277068,0.000707208484,-0.00010556375,0.00322529103,0,0,0,-100,-98.8026081,-2.76647303,-3.65206614,0,0,0,-0,-0.07227153,-0.0353118695,-0.0278655192,0.00370771875,0.000970495384,0.00226727293,-0.00129399384,-0.0023254547,0.00459272763,0.00229636382,-0.00336770249,-0.000940262535,0,0,32267.3,58.6679,1.29953,10.2179,127.395,0.10945,10.0574,205.08,2416.59,65,65,0.000327385298113494797,3.2262477776510631e-07,20945331.7777725682,-0.656545247199293525
1,-0.7449846704330614,0.5038706698589547,-0.08592695426940482,-0.7785842524819989,-0.2846692089502327,0.05616246562422433,-0.7408181053448548,0.5038748100407687,-0.08561708061913763,11.73236608,2550129.247,135.351781228,1533.29844707,135.0518517603351,0.09383750003932625,9.005176970420342,0.9836800137792823,-0.07680377015482581,-0.2303182207416796,1.382027073546325,-0.1697463493344933,0.9546669647502959,3.43837421134179,-0.01634716653852811,-33.35751597998768,135.0518517603356,0.09383750003932675,9.005176970420374,0.925516313932309,1527.31275165997,135.3478105718656,1.035775218438628,-0.04499710869023178,135.3478105718656,135.3478039300817,-0.04499710817400875,-1.036642756661433, 1337.930962, 2.857725524,-7.063917207, 2.857725524, 1379.179417, 7.371507843,-7.063917207, 7.371507843, 2338.252732,55.13760484,1774,40.97745208568207,-1.499436302142052,36.83934611048478,19685.419926334,22966.25982135,-0.2614750765407136,4.253406795931096,359.9238317672102,0.999308441012611,-0.00225555999159336,0.03711086476180578,-0.0005795573313742789,0.7328569387586839,-0.001185106591013106,-0.6803787797062314,-0.002004734665251034,-0.732857010644098,0.001160547658735762,0.6803788220405632,0.001978281482424692,3.8148013939984,0.039722367110532,0.00036479229680516,0.00036724848711922,-2.8555810942277e-08,20945331.69037957,1512.073660875705,133.3552966662793,20945331.74495896,-0.0104390050805705,133.3552966662793,0.004136293390918,22966.25982135,-3280.8398950144,6.28485592,9.84848485,9.84848485,0.465823342,3.14151437,133.22912,180.008774,3.14151437,3.13984376,0,1,0.523,0,0.004563601,0.138205994,0.348,0,0.151070467,0.377676166,0.367606382,0,0,0,-1,-0.448833859,0,359.950344,-359.950344,360,0.0496557421,0.000866492699,-6.19731577e-05,0.00450162784,0,0,0,-100,-98.9165559,-2.76966356,-3.80630632,0,0,0,-0,-0.0728682674,-0.0356034354,-0.0278655192,0.00512550773,0.00134160165,0.00226727293,-0.0017888022,-0.0023254547,0.00459272763,0.00229636382,-0.00324904395,-0.00090713307,0,0,30776.1,55.9566,1.29953,9.99271,122.594,0.10466,9.8452,200.813,2395.08,65,65,0.000364395703528907599,3.12048522744251353e-07,20945331.8739289865,-0.740818105344854816
1.1,-0.8174410198016282,0.4805986073912369,-0.08048702142684291,-0.6582932603388085,-0.1730504314710033,0.05042241864735657,-0.8132747232133639,0.4806029307258315,-0.08017356089999464,11.74810684,2551836.396,135.442802361,1533.28740968,135.1446801136153,0.08299326557394524,8.981161421399493,0.8730534537520889,-0.1425366382688475,-0.2496694649853666,1.339121263398681,-0.2134266548970888,0.8417505924295932,3.351311496824214,-0.01457438583428095,-33.32047456716636,135.1446801136158,0.08299326557394576,8.981161421399525,1.061649215189227,1527.293620949849,135.4376203407626,1.183043543046731,-0.06415432531339763,135.4376203407627,135.4376119845528,-0.06415432441757873,-1.183999795250879, 1337.930962, 2.857725524,-7.063917207, 2.857725524, 1379.179417, 7.371507843,-7.063917207, 7.371507843, 2338.252732,55.13760484,1774,40.97745208568207,-1.499436302142052,36.83934611048478,19685.530994419,22966.370889429,-0.3399767876434233,4.302646407307359,359.9152065615289,0.9992905797506865,-0.002936983656695905,0.03754086949673024,-0.0006280652568147559,0.7331481479367851,-0.001632643215974564,-0.6800623301107447,-0.002520876303203249,-0.7331482475425409,0.001605616159377428,0.68006239445824,0.00249173950791313,3.8020520909614,0.035108282316063,0.00040182911598285,0.00040453467963086,-4.3385249886453e-08,20945331.7897738,1664.804015930492,146.8946623172195,20945331.85593585,-0.0158601290399929,146.8946623172195,0.004554100804142,22966.370889429,-3280.8398950174,6.28470538,9.84848485,9.84848485,0.465821184,3.14148468,146.755674,180.007072,3.14148468,3.13996461,0,1,0.523,0,0.00593371432,0.174,0.348,0,0.18815004,0.4703751,0.467181953,0,0,0,-1,-0.53910677,0,359.941718,-359.941718,360,0.0582815831,0.00101701362,-1.29557836e-05,0.00592075854,0,0,0,-100,-99.01966,-2.77255048,-3.95655028,0,0,0,-0,-0.0735200777,-0.03592191,-0.0278655192,0.0067104894,0.0017564706,0.00226727293,-0.0023419608,-0.0023254547,0.00459272763,0.00229636382,-0.00290972228,-0.000812394461,0,0,29423.2,53.4966,1.29953,9.78867,118.295,0.0926994,9.62443,196.466,2372.93,65,65,0.000401432236241070829,2.96758160668638982e-07,20945331.9850413986,-0.813274723213364026
1.2,-0.877889451169741,0.4673542660327403,-0.07607012830854466,-0.5394355388622849,-0.088688135246312,0.03469500993592732,-0.8737234158911614,0.4673586940253451,-0.0757532152210777,11.76192591,2553333.431,135.5227257,1533.27089556,135.2264186153933,0.06560258047980078,8.956594552145445,0.7619999263083912,-0.2068117141482802,-0.2413166225878456,1.291588758281186,-0.2599709883404392,0.7304278819861788,3.26435920955809,-0.01195703310877273,-33.27905779695885,135.2264186153938,0.06560258047980133,8.956594552145479,1.193194927295405,1527.269973363371,135.5162127687155,1.325723851335075,-0.08783114424630342,135.5162127687155,135.5162025411895,-0.08783114276391045,-1.326768902767803, 1337.930962, 2.857725524,-7.063917207, 2.857725524, 1379.179417, 7.371507843,-7.063917207, 7.371507843, 2338.252732,55.13760484,1774,40.97745208568207,-1.499436302142052,36.83934611048478,19685.656572577,22966.496467588,-0.4251561711420499,4.350023326085291,359.9070301819006,0.9992724709879689,-0.003676714030503471,0.03795473240905912,-0.0006699158854234932,0.7334277681380227,-0.002126115887099236,-0.6797571197910226,-0.003073540096845725,-0.7334279008026909,0.002096622525924225,0.6797572113992876,0.003041718068167438,3.7893971934396,0.027735209087877,0.00043888896395384,0.00044184405598669,-6.4066780935946e-08,20945331.90255572,1817.53223445348,160.4424467437927,20945331.98141394,-0.02342057315718193,160.4424467437927,0.0049719082173661,22966.496467588,-3280.8398950138,6.28456268,9.84848485,9.84848485,0.465818744,3.14144668,160.29064,180.004895,3.14144668,3.14006931,0,1,0.523,0,0.00742037502,0.174,0.348,0,0.189225873,0.473064682,0.472816461,0,0,0,-1,-0.631660483,0,359.933541,-359.933541,360,0.066458565,0.00115970196,4.08121124e-05,0.00746118713,0,0,0,-100,-99.1129524,-2.77516267,-4.10193157,0,0,0,-0,-0.0742413035,-0.0362743009,-0.0278655192,0.00843957567,0.00220905893,0.00226727293,-0.00294541191,-0.0023254547,0.00459272763,0.00229636382,-0.0023480748,-0.000655582484,0,0,28198.6,51.2702,1.29953,9.60411,114.454,0.0739086,9.40202,192.098,2350.44,65,65,0.000438491802857773644,2.7556762659101707e-07,20945332.1106825769,-0.873723415891161537
1.3,-0.9266817797920734,0.4610660424120958,-0.0736711152441667,-0.4263136495992391,-0.03738266563834553,0.009149774770878839,-0.9225160031595016,0.4610705132221268,-0.073350820826683,11.77385026,2554623.661,135.591725077,1533.24866391,135.297097231767,0.04194388961524032,8.93362360276801,0.6519680743753269,-0.2667723407409391,-0.2180916452617367,1.245119377463205,-0.3087713844926447,0.6212285654390878,3.178978119719444,-0.008548725110625681,-33.2388449397223,135.2970972317675,0.04194388961524088,8.933623602768044,1.320005436649025,1527.241553550541,135.5837750753798,1.463667972931315,-0.1162827668570284,135.5837750753797,135.5837628297544,-0.1162827645100561,-1.464801881350667, 1337.930962, 2.857725524,-7.063917207, 2.857725524, 1379.179417, 7.371507843,-7.063917207, 7.371507843, 2338.252732,55.13760484,1774,40.97745208568207,-1.499436302142052,36.83934611048478,19685.796189882,22966.636084896,-0.5158354728064281,4.396406575449786,359.8991484212484,0.9992537603284343,-0.004464427155935682,0.03836002899810811,-0.000706777841709986,0.7337009054841882,-0.002657044565803516,-0.6794575414547529,-0.003656605819649889,-0.7337010766579541,0.002625086860558439,0.679457665675012,0.003622096823227376,3.7777379626011,0.017723853636952,0.0004759687965635,0.00047917355153499,-9.1873026979291e-08,20945332.02825449,1970.257851483038,173.9975371339743,20945332.1209223,-0.03358556388252509,173.9975371339743,0.0053897156305901,22966.636084896,-3280.8398950167,6.28442512,9.84848485,9.84848485,0.465816032,3.14139963,173.832905,180.002199,3.14139963,3.14015982,0,1,0.523,0,0.0090030274,0.174,0.348,0,0.190097329,0.475243322,0.475045265,0,0,0,-1,-0.725582297,0,359.925659,-359.925659,360,0.0743409062,0.00129724881,9.87759652e-05,0.00910180336,0,0,0,-100,-99.1973669,-2.77752627,-4.24232815,0,0,0,-0,-0.0750356409,-0.0366624142,-0.0278655192,0.0102897483,0.00269334162,0.00226727293,-0.00359112216,-0.0023254547,0.00459272763,0.00229636382,-0.00157225697,-0.000438974146,0,0,27092.9,49.2598,1.29953,9.43752,111.032,0.0489341,9.18283,187.761,2327.85,65,65,0.000475571355271691614,2.47213035351051216e-07,20945332.2503767908,-0.922516003159501441
1.4,-0.964528296753129,0.4584909568897305,-0.07424602418504836,-0.3217491609436081,-0.01655831659164888,-0.02554280253974726,-0.9603627790348478,0.4584954323256799,-0.07392237999206064,11.78391643,2555711.375,135.65002639,1533.22053545,135.3568753193169,0.01257288146302826,8.913237638455834,0.5440986914590593,-0.3197627328492362,-0.190160213768749,1.202301225001747,-0.3592966977839617,0.5145708202692555,3.09610700578051,-0.004439539394633023,-33.20234884917217,135.3568753193175,0.01257288146302884,8.913237638455868,1.442340206092654,1527.208163142592,135.6405411603931,1.597135210586121,-0.1497074508602566,135.6405411603932,135.6405267567435,-0.1497074472883627,-1.598358007274877, 1337.930962, 2.857725524,-7.063917207, 2.857725524, 1379.179417, 7.371507843,-7.063917207, 7.371507843, 2338.252732,55.13760484,1774,40.97745208568207,-1.499436302142052,36.83934611048478,19685.949383557,22966.789278569,-0.6108975467669362,4.442341834212248,359.8913090166337,0.999234210770065,-0.005290292902080462,0.03876152088745035,-0.0007411654520563963,0.7339707593940953,-0.003216700403889384,-0.679160060528703,-0.00426490042267516,-0.7339709745975029,0.003182280432582862,0.6791602226795148,0.004227702632884155,3.7674824973405,0.0053105263917348,0.00051306562750965,0.00051652015986601,-1.2813845718332e-07,20945332.16640745,2122.98037943577,187.5588418234293,20945332.27399814,-0.04684293652326232,187.5588418234293,0.0058075230438141,22966.789278569,-3280.8398950164,6.28428829,9.84848485,9.84848485,0.465813055,3.1413429,187.381379,179.998948,3.1413429,3.14023992,0,1,0.523,0,0.0106621736,0.174,0.348,0,0.190776291,0.476940728,0.476789316,0,0,0,-1,-0.820122949,0,359.917819,-359.917819,360,0.0821808883,0.0014340565,0.000160581939,0.0108227555,0,0,0,-100,-99.2737481,-2.77966495,-4.37802295,0,0,0,-0,-0.0759007559,-0.0370851093,-0.0278655192,0.0122390114,0.00320356124,0.00226727293,-0.00427141498,-0.0023254547,0.00459272763,0.00229636382,-0.000599772924,-0.000167456601,0,0,26096.6,47.4483,1.29953,9.2875,107.992,0.0186725,8.96988,183.494,2305.37,65,65,0.000512667905780072003,2.10368967761717971e-07,20945332.403657414,-0.960362779034847791
1.5,-0.9920457219995148,0.4570962831366728,-0.0786453775004667,-0.1734842479201727,-0.01097304057928266,-0.06693200433245289,-0.9878804648079986,0.4571007550246717,-0.07831839740132059,11.79215844,2556600.53,135.697838052,1533.18637746,135.4059507032832,-0.02170430536979781,8.895577277741403,0.4371775391683528,-0.3635712638334856,-0.1638568787768122,1.163391009070011,-0.411232839605902,0.408797946839636,3.014265404799317,0.0001046148028569794,-33.16993750151298,135.4059507032837,-0.02170430536979722,8.895577277741436,1.56059424074693,1527.169651882456,135.6867235187007,1.726520407507845,-0.1882553670939893,135.6867235187007,135.6867068220082,-0.1882553618433875,-1.727832097809507, 1337.930962, 2.857725524,-7.063917207, 2.857725524, 1379.179417, 7.371507843,-7.063917207, 7.371507843, 2338.252732,55.13760484,1774,40.97745208568207,-1.499436302142052,36.83934611048478,19686.115725484,22966.955620493,-0.7093150273572112,4.488069787391274,359.8831693811161,0.9992137030444148,-0.006145231567527924,0.03916132059344102,-0.0007763675849944891,0.734238739329772,-0.003796337504775671,-0.6788630988874084,-0.004894329163604496,-0.7342390041368597,0.003759457408183409,0.6788633041264357,0.004854440714133073,3.7586803314765,-0.0091642219073263,0.00055017653669927,0.00055388094122496,-1.7424486819942e-07,20945332.31658658,2275.699313417251,201.1252933506987,20945332.44021334,-0.06369782768388177,201.1252933506987,0.0062253304570382,22966.955620493,-3280.839895016,6.28414623,9.84848485,9.84848485,0.465809823,3.14127594,200.934997,179.995112,3.14127594,3.14031502,0,1,0.523,0,0.0123798827,0.174,0.348,0,0.191278298,0.478195746,0.478087672,0,0,0,-1,-0.914671989,0,359.909679,-359.909679,360,0.0903211234,0.0015761036,0.000226147653,0.0126060303,0,0,0,-100,-99.3428607,-2.7816001,-4.5094322,0,0,0,-0,-0.0768320671,-0.037540148,-0.0278655192,0.014267016,0.00373439144,0.00226727293,-0.00497918859,-0.00247918859,0.00474646152,0.00237323076,0.000543333394,0.000151698684,0,0,25200.9,45.8198,1.29953,9.15274,105.301,-0.0157923,8.7648,179.328,2283.16,65,65,0.000549778535262273097,1.63662744753824779e-07,20945332.5700934529,-0.987880464807998626
1.6,-0.9956376776647057,0.455818679374172,-0.08733608092576836,0.117210971607124,-0.01742984515589548,-0.1127474569437929,-0.9914726830004217,0.455823177325608,-0.08700577399363602,11.79858294,2557292.066,135.735208391,1533.14604776,135.4443865924299,-0.05984599204923066,8.880391656235091,0.3321430683865896,-0.3947522509480453,-0.1409274572755734,1.127734164585107,-0.4643207096101349,0.3047124983785188,2.934250577024321,0.004501614915087248,-33.14089094492052,135.4443865924304,-0.05984599204923006,8.880391656235126,1.675125336527668,1527.125874103558,135.7223723793437,1.852181192789471,-0.2320721059029648,135.7223723793437,135.7223532588829,-0.2320720984156631,-1.853581755040267, 1337.930962, 2.857725524,-7.063917207, 2.857725524, 1379.179417, 7.371507843,-7.063917207, 7.371507843, 2338.252732,55.13760484,1774,40.97745208568207,-1.499436302142052,36.83934611048478,19686.294825871,22967.134720889,-0.8096203622967121,4.533651102710406,359.8743194524075,0.9991922302080881,-0.007016298985169276,0.03955998077894982,-0.0008164319363814849,0.7345052311917939,-0.004383940826969916,-0.6785662608108827,-0.005538601254120616,-0.7345055510430675,0.004344602763114024,0.6785665138178187,0.005496020276756512,3.7512204746356,-0.025261852963122,0.0005872986331042,0.00059125298511766,-2.3161383731304e-07,20945332.47840224,2428.414133982581,214.6958348786974,20945332.61917812,-0.08466991640489141,214.6958348786974,0.0066431378702622,22967.134720889,-3280.8398950155,6.28399177,9.84848485,9.84848485,0.465806344,3.14119828,214.492703,179.990661,3.14119828,3.14039182,0,1,0.523,0,0.014130541,0.174,0.348,0,0.191393167,0.478482918,0.478505521,0,0,0,-1,-1.00438965,0,359.900828,-359.900828,360,0.099171704,0.00173054623,0.000295718038,0.0144262591,0,0,0,-100,-99.4053962,-2.78335109,-4.63693285,0,0,0,-0,-0.0778252967,-0.03802544,-0.0278655192,0.0163470906,0.00427885095,0.00226727293,-0.00570513461,-0.00320513461,0.00547240754,0.00273620377,0.00182341776,0.000509098239,0,0,24397.3,44.3588,1.29953,9.03204,102.927,-0.0534064,8.56838,175.286,2261.37,65,65,0.000586900355381205592,1.05685362912838142e-07,20945332.7492917925,-0.991472683000421684
1.7,-0.9736445670680146,0.4533907439829596,-0.1009079729981305,0.3528434273295144,-0.03394132191295294,-0.1642297708950543,-0.9694798366809658,0.4533953459176414,-0.1005743518359039,11.80323772,2557791.334,135.762419936,1533.09955132,135.4724925065745,-0.1003934709756202,8.86726350205727,0.2306728891631233,-0.4099242479878157,-0.1231341542263564,1.094339752126722,-0.5167666477312117,0.2038585376672182,2.857500315876776,0.009016763203140106,-33.11407350185334,135.472492506575,-0.1003934709756196,8.867263502057305,1.786214861151957,1527.076810881904,135.7477710905,1.974398777983799,-0.2811765184199537,135.7477710905001,135.7477494197728,-0.2811765080236624,-1.975888166298791, 1337.930962, 2.857725524,-7.063917207, 2.857725524, 1379.179417, 7.371507843,-7.063917207, 7.371507843, 2338.252732,55.13760484,1774,40.97745208568207,-1.499436302142052,36.83934611048478,19686.486327179,22967.326222194,-0.909170882073607,4.579029622894326,359.8643047802199,0.9991699483380883,-0.007880285801862643,0.0399570404325657,-0.0008662295385208714,0.7347700193732482,-0.004959654604570559,-0.6782699826254014,-0.006184749451482416,-0.7347703990725427,0.00491786070324526,0.6782702869436066,0.006139474107565369,3.7449158382082,-0.042369034851715,0.00062442907088898,0.00062863342654691,-3.0169366903467e-07,20945332.65149705,2581.124311908899,228.2694260905261,20945332.81053493,-0.1102886522962763,228.2694260905261,0.0070609452834863,22967.326222194,-3280.8398950118,6.28381698,9.84848485,9.84848485,0.465802623,3.1411095,228.053458,179.985574,3.1411095,3.14047783,0,1,0.523,0,0.0158680254,0.174,0.348,0,0.191048261,0.477620652,0.477744978,0,0,0,-1,-1.08575039,0,359.890813,-359.890813,360,0.109187114,0.00190531514,0.000369893441,0.0162379188,0,0,0,-100,-99.4619807,-2.78493546,-4.76082363,0,0,0,-0,-0.0788771125,-0.0385393571,-0.0278655192,0.0184272756,0.00482333938,0.00232333938,-0.00643111917,-0.00393111917,0.00625445855,0.00312722928,0.00319295625,0.000891473386,0,0,23678.2,43.0512,1.29953,8.92431,100.843,-0.0926615,8.38101,171.388,2240.09,65,65,0.000624030524551307799,3.50093381865132747e-08,20945332.9408893585,-0.969479836680965823
1.8,-0.9234106981487846,0.4490667766763307,-0.119662903821061,0.6625503017926411,-0.0548915334575486,-0.2165967491022034,-0.919246232921113,0.4490716122745736,-0.1193259922020867,11.80618098,2558104.761,135.779812512,1533.04701709,135.490644213932,-0.141673652776094,8.855661738707083,0.1331455280778884,-0.4071971632840177,-0.1107628953508097,1.061899869278662,-0.5677343051547314,0.1065853573922364,2.784172886170137,0.01303255912974635,-33.08813530798852,135.4906442139325,-0.1416736527760933,8.855661738707118,1.89402398513479,1527.02256250154,135.7632604896349,2.093334192823324,-0.3354682418859571,135.7632604896348,135.7632361470581,-0.335468227786196,-2.094912338709012, 1337.930962, 2.857725524,-7.063917207, 2.857725524, 1379.179417, 7.371507843,-7.063917207, 7.371507843, 2338.252732,55.13760484,1774,40.97745208568207,-1.499436302142052,36.83934611048478,19686.689894229,22967.529789243,-1.005472492430937,4.624040160945843,359.8526222015154,0.9991471192927058,-0.008715258607355588,0.04035110186946197,-0.0009310501675415859,0.73503230073235,-0.005504229212864271,-0.6779754377808943,-0.006821004814896462,-0.7350327443359208,0.005459981521180912,0.6779757955673723,0.006773033336816056,3.7395303445932,-0.05978284764862,0.00066156509190073,0.00066601948878846,-3.8591869773178e-07,20945332.835536,2733.829323072799,241.8450587222772,20945333.0139486,-0.1410783780061138,241.8450587222772,0.0074787526967103,22967.529789243,-3280.8398950113,6.28361308,9.84848485,9.84848485,0.465798668,3.14100931,241.616257,179.979833,3.14100931,3.14058154,0,1,0.523,0,0.0175488055,0.174,0.348,0,0.190227731,0.475569327,0.475829392,0,0,0,-1,-1.1563192,0,359.879129,-359.879129,360,0.120870553,0.00210919115,0.000449654466,0.01799846,0,0,0,-100,-99.5131804,-2.78636905,-4.88128139,0,0,0,-0,-0.0799857409,-0.039081033,-0.0278655192,0.0204576772,0.00535479701,0.00285479701,-0.00713972935,-0.00463972935,0.00749452636,0.00374726318,0.00459639851,0.00128331446,0,0,23036.1,41.8839,1.29953,8.82852,99.0238,-0.131969,8.2027,167.646,2219.44,65,65,0.000661166289789676771,-4.97793886804076135e-08,20945333.1445460916,-0.91924623292111296
1.9,-0.8474382563841469,0.4426291520851964,-0.1437222642569987,0.8596945047286638,-0.07566021093400055,-0.2696302908952329,-0.8432740560245888,0.4426344065493025,-0.1433821007513738,11.80747697,2558239.387,135.787758415,1532.98872168,135.4992501907136,-0.1817814952470454,8.845082731634063,0.03983303212452549,-0.3848661117208709,-0.1029561659768063,1.02924253292565,-0.6153330209072203,0.01321549355205222,2.714375042223302,0.01678105374395356,-33.06184071256491,135.4992501907141,-0.1817814952470447,8.845082731634099,1.998587315774467,1526.963374371653,135.7692150964889,2.209021927936211,-0.3947017763614171,135.769215096489,135.7691879665499,-0.3947017576362128,-2.210688741828065, 1337.930962, 2.857725524,-7.063917207, 2.857725524, 1379.179417, 7.371507843,-7.063917207, 7.371507843, 2338.252732,55.13760484,1774,40.97745208568207,-1.499436302142052,36.83934611048478,19686.905201502,22967.745096513,-1.095684882893688,4.668465357399484,359.8387549544983,0.9991241236106627,-0.009496257482931958,0.04074031794019339,-0.001016467990165114,0.7352910382229816,-0.005996073895009715,-0.6776842014646907,-0.007433659393603327,-0.7352915487342465,0.005949374332624314,0.6776846130480167,0.007382990112646627,3.7348391856754,-0.076702905356323,0.00069870403589047,0.00070340849368121,-4.8567882708018e-07,20945333.03019377,2886.528659584704,255.4217602995057,20945333.22909363,-0.1775471939113231,255.4217602995057,0.0078965601099343,22967.745096513,-3280.8398950141,6.28337105,9.84848485,9.84848485,0.465794485,3.14089754,255.18013,179.973429,3.14089754,3.14071179,0,1,0.523,0,0.0191233088,0.174,0.348,0,0.188937977,0.472344942,0.472702515,0,0,0,-1,-1.21373152,0,359.865261,-359.865261,360,0.134738822,0.00235119244,0.000536369359,0.0196596781,0,0,0,-100,-99.5595078,-2.78766622,-4.99835496,0,0,0,-0,-0.0811511426,-0.0396504483,-0.0278655192,0.0223809584,0.00585821586,0.00335821586,-0.00781095448,-0.00531095448,0.00866917034,0.00433458517,0.00597042085,0.0016669415,0,0,22464.5,40.8445,1.29953,8.74371,97.4456,-0.16958,8.03333,164.068,2199.47,65,65,0.000698304996626610409,-1.50047924736110764e-07,20945333.3599310294,-0.843274056024588825
2,-0.7560917614445745,0.4342169852587155,-0.1729528470501191,0.9638567640463118,-0.09387073859198523,-0.3189744641166911,-0.7519278244619334,0.4342228954020871,-0.1726094852448816,11.80719522,2558202.784,135.786658179,1532.92509025,135.498742003015,-0.2187855401950009,8.835133716744526,-0.04907700840173135,-0.3439250619170602,-0.0983837494366071,0.9955118706381541,-0.6585697591266361,-0.07597757273386059,2.648186428729013,0.02005663894119379,-33.03427938804406,135.4987420030155,-0.2187855401950001,8.835133716744561,2.099837134046914,1526.899638334578,135.7660394197233,2.321394178422155,-0.4584851747827667,135.7660394197233,135.7660093942299,-0.4584851503810293,-2.323149551309131, 1337.930962, 2.857725524,-7.063917207, 2.857725524, 1379.179417, 7.371507843,-7.063917207, 7.371507843, 2338.252732,55.13760484,1774,40.97745208568207,-1.499436302142052,36.83934611048478,19687.131921548,22967.971816561,-1.177762406635532,4.712082683521611,359.8221845643116,0.9991013441162911,-0.01020524753315466,0.04112280518839394,-0.001127830326223399,0.7355451707394454,-0.006418655016849712,-0.6773978761523816,-0.008013741566688003,-0.7355457502527183,0.006369505351021579,0.6773983400847435,0.007960372929912219,3.7306640332329,-0.092317563917811,0.00073584334927615,0.00074079787044919,-6.0227452163318e-07,20945333.2351431,3039.221846241043,268.998597340561,20945333.45564256,-0.2201705046104507,268.998597340561,0.0083143675231584,22967.971816561,-3280.8398950168,6.28308184,9.84848485,9.84848485,0.465790081,3.14077417,268.744145,179.96636,3.14077417,3.14087763,0,1,0.523,0,0.0205558318,0.174,0.348,0,0.187363335,0.468408338,0.468820764,0,0,0,-1,-1.25933637,0,359.84869,-359.84869,360,0.151310432,0.00264036705,0.000631781764,0.0211876136,0,0,0,-100,-99.6014265,-2.78883994,-5.11198949,0,0,0,-0,-0.0823747261,-0.0402482912,-0.0278655192,0.0241533839,0.00632214824,0.00382214824,-0.00842953098,-0.00592953098,0.00975167922,0.00487583961,0.00724961313,0.00202409199,0,0,21957.1,39.922,1.29953,8.66902,96.0872,-0.203738,7.87268,160.662,2180.24,65,65,0.00073544409695696397,-2.67079172837824687e-07,20945333.5867130198,-0.751927824461933403
2.1,-0.6578367976327174,0.4241118139972063,-0.2068084170536701,0.993295635193272,-0.111862367692342,-0.3606580246792678,-0.6536731214843725,0.4241186605225559,-0.2064619238917029,11.80540649,2558002.624,135.776917575,1532.85661961,135.4895493048903,-0.2509122219770411,8.825554845348394,-0.1351189532499673,-0.2865684898960401,-0.09578624811575764,0.9600703999936755,-0.6969858733813324,-0.1624355821860236,2.584007053583704,0.02266532135854695,-33.00490597908297,135.4895493048908,-0.2509122219770402,8.825554845348432,2.19763691192023,1526.831817463036,135.7541449400354,2.430314355810683,-0.526355246471735,135.7541449400354,135.7541119192439,-0.5263552152151632,-2.432158160665468, 1337.930962, 2.857725524,-7.063917207, 2.857725524, 1379.179417, 7.371507843,-7.063917207, 7.371507843, 2338.252732,55.13760484,1774,40.97745208568207,-1.499436302142052,36.83934611048478,19687.369716428,22968.209611441,-1.250607560632516,4.754692102759926,359.8024262530024,0.9990791029831546,-0.01083246912078603,0.04149687954514533,-0.001269875245071549,0.7357937352761539,-0.006761721214799952,-0.677117880444836,-0.008557700419575306,-0.7357943852588733,0.006710123051036443,0.6771183937396279,0.008501630997803593,3.7268828593272,-0.10588117470045,0.00077298059238,0.00077818516298765,-7.3688806830856e-07,20945333.45004628,3191.908451028676,282.5746780021827,20945333.69325748,-0.2693805131279987,282.5746780021827,0.0087321749363824,22968.209611441,-3280.8398950162,6.28273699,9.84848485,9.84848485,0.465785461,3.14063934,282.307415,179.958634,3.14063934,3.14108765,0,1,0.523,0,0.0218272196,0.174,0.348,0,0.185654768,0.464136919,0.464569654,0,0,0,-1,-1.29473256,0,359.82893,-359.82893,360,0.171070199,0.00298517498,0.000737979929,0.0225651995,0,0,0,-100,-99.6393561,-2.78990197,-5.22206013,0,0,0,-0,-0.0836588966,-0.0408757369,-0.0278655192,0.0257504105,0.00674016994,0.00424016994,-0.00898689326,-0.00648689326,0.0107270632,0.0053635316,0.00837328862,0.00233782218,0,0,21508.3,39.106,1.29953,8.60363,94.929,-0.232825,7.71648,157.339,2161.8,65,65,0.000772581155810738926,-4.02044426226296108e-07,20945333.8245524019,-0.653673121484372399
2.2,-0.5593717878658955,0.4118603522759884,-0.2443534412622588,0.9649603235127615,-0.1341634113880023,-0.3914222172342765,-0.5552083690011752,0.4118684500263873,-0.2440038969334154,11.80210748,2557638.52,135.758514562,1532.78379416,135.4716699062724,-0.2766579688512716,8.816143665615861,-0.2213317472532972,-0.2160351143474938,-0.09565730699850405,0.9221094616808401,-0.7305219275822123,-0.2491995122133262,2.518629739938597,0.0244423719891739,-32.97315074291641,135.4716699062729,-0.2766579688512705,8.816143665615899,2.291766941678357,1526.760400206662,135.7335176176578,2.53556271300369,-0.5978234052995574,135.7335176176578,135.7334815118285,-0.5978233658883154,-2.537494799960067, 1337.930962, 2.857725524,-7.063917207, 2.857725524, 1379.179417, 7.371507843,-7.063917207, 7.371507843, 2338.252732,55.13760484,1774,40.97745208568207,-1.499436302142052,36.83934611048478,19687.618230734,22968.458125746,-1.313883554183529,4.796096885183026,359.7790686594038,0.9990576499895494,-0.0113748187432466,0.04186088048683185,-0.001446437272927602,0.7360357342836182,-0.007020366599657306,-0.6768455651016493,-0.009066052757968616,-0.7360364558493635,0.006966321366441804,0.6768461235107903,0.009007281262586726,3.7234098242378,-0.11676133174095,0.00081011338835092,0.00081556797844157,-8.9057068416393e-07,20945333.67454811,3344.588089836338,296.1491334071759,20945333.94158299,-0.3255615079665404,296.1491334071759,0.0091499823496065,22968.458125746,-3280.8398950124,6.28232933,9.84848485,9.84848485,0.465780633,3.14049333,295.869072,179.950268,3.14049333,3.14134931,0,1,0.523,0,0.022931594,0.174,0.348,0,0.183932166,0.459830415,0.460256456,0,0,0,-1,-1.32164387,0,359.80557,-359.80557,360,0.194429513,0.00339279501,0.000857334189,0.0237889282,0,0,0,-100,-99.6736762,-2.79086293,-5.32835773,0,0,0,-0,-0.0850071994,-0.0415345176,-0.0278655192,0.0271629983,0.00710991481,0.00460991481,-0.00947988641,-0.00697988641,0.0115898012,0.00579490061,0.00928932356,0.00259357914,0,0,21113,38.3872,1.29953,8.5468,93.9528,-0.255358,7.55654,153.92,2144.18,65,65,0.000809713800240960836,-5.55989542099724071e-07,20945334.0730936602,-0.555208369001175206
2.3,-0.4657665982128451,0.3977041338913643,-0.2844289964101228,0.894270485358002,-0.1494189869266733,-0.4097222935975912,-0.4616034319156418,0.3977138205826508,-0.2840764967585779,11.79735261,2557116.315,135.731757725,1532.70711593,135.4454335846766,-0.2948745320536381,8.806680711393156,-0.3022376688106125,-0.1361251963046878,-0.09696264972360069,0.8816229823011668,-0.7594482695958787,-0.3307138364829373,2.457462053612062,0.02526380491815136,-32.93853714997059,135.4454335846771,-0.2948745320536368,8.806680711393193,2.381976142316505,1526.685863123841,135.704475743528,2.636888145418428,-0.672412942960546,135.7044757435281,135.7044364739807,-0.6724128939816514,-2.638908346735944, 1337.930962, 2.857725524,-7.063917207, 2.857725524, 1379.179417, 7.371507843,-7.063917207, 7.371507843, 2338.252732,55.13760484,1774,40.97745208568207,-1.499436302142052,36.83934611048478,19687.877084661,22968.716979677,-1.36784054871149,4.83607069306877,359.7518069079703,0.9990371689351822,-0.01183434822793924,0.0422128769716501,-0.001660212568501761,0.7362699322702314,-0.007194135575831667,-0.6765824255108386,-0.009542155834837711,-0.7362707264234249,0.007137644492844764,0.6765830238247975,0.009480681152201756,3.7201429094535,-0.1244740342691,0.00084723937759232,0.00085294394132663,-1.0642407920214e-06,20945333.90826901,3497.260427083229,309.7211009846798,20945334.2002393,-0.389049232733214,309.7211009846798,0.0095677897628305,22968.716979677,-3280.839895015,6.28185352,9.84848485,9.84848485,0.465775604,3.14033652,309.428258,179.941283,3.14033652,-3.141517,0,1,-0.523,0,0.0238733212,0.174,0.348,0,0.182286736,0.45571684,0.456116089,0,0,0,-1,-1.34181185,0,359.778307,-359.778307,360,0.221693273,0.00386854761,0.000992405185,0.0248657264,0,0,0,-100,-99.7047302,-2.79173245,-5.43064079,0,0,0,-0,-0.086423771,-0.0422266545,-0.0278655192,0.0283941741,0.00743217506,0.00493217506,-0.00990956675,-0.00740956675,0.0123417418,0.00617087091,0.00995715511,0.00278003771,0,0,20766.5,37.7573,1.29953,8.49784,93.1424,-0.270948,7.40608,150.705,2127.42,65,65,0.000846839673837542894,-7.29832311346762355e-07,20945334.331958171,-0.461603431915641793
2.4,-0.3806248153371694,0.3822900925762213,-0.3257198770255663,0.7949519801773608,-0.1590400193002016,-0.4141971329443729,-0.376461896103051,0.3823017170756695,-0.3253645296241174,11.79123272,2556445.772,135.697163611,1532.62706826,135.4113673764891,-0.304810313773196,8.797095431951162,-0.3779250242327552,-0.05097198153487814,-0.09821976497832452,0.8386411874155755,-0.7842306652121028,-0.4069425760719527,2.400446797017965,0.02505340902012866,-32.90108308711603,135.4113673764896,-0.3048103137731945,8.797095431951199,2.468010114110188,1526.608645348759,135.6675467126333,2.734036240484619,-0.7496845656061728,135.6675467126333,135.6675042124616,-0.7496845055440341,-2.7361443749529, 1337.930962, 2.857725524,-7.063917207, 2.857725524, 1379.179417, 7.371507843,-7.063917207, 7.371507843, 2338.252732,55.13760484,1774,40.97745208568207,-1.499436302142052,36.83934611048478,19688.145873152,22968.985768155,-1.413158283822674,4.874445602605081,359.7204578009421,0.9990177499985718,-0.01221689837484612,0.04255143114075815,-0.001912665617111611,0.7364953762776985,-0.007286122661396626,-0.6763295421286865,-0.009991175212945061,-0.7364962441201468,0.007227186753858334,0.6763301744791966,0.009926996397771835,3.7170374815684,-0.12870098941674,0.00088435633030304,0.0008903108068279,-1.2586910894986e-06,20945334.15080416,3649.925173133774,323.2897656110632,20945334.46882137,-0.4601334703274915,323.2897656110632,0.0099855971760546,22968.985768155,-3280.8398950078,6.28130638,9.84848485,9.84848485,0.465770382,3.14016936,322.984162,179.931704,3.14016936,-3.14113701,0,1,-0.523,0,0.0246642649,0.174,0.348,0,0.180783798,0.451959494,0.452318031,0,0,0,-1,-1.35690817,0,359.746955,-359.746955,360,0.253044689,0.00441562983,0.00114583694,0.0258101018,0,0,0,-100,-99.7328291,-2.79251921,-5.52866359,0,0,0,-0,-0.0879128412,-0.0429542142,-0.0278655192,0.0294559013,0.00771008216,0.00521008216,-0.0102801095,-0.00778010955,0.0129901917,0.00649509585,0.0103492783,0.00288951851,0,0,20464.6,37.2084,1.29953,8.45612,92.483,-0.279232,7.2648,147.691,2111.52,65,65,0.000883956548704503036,-9.24368588875790217e-07,20945334.6007428281,-0.376461896103050975
2.5,-0.3062550483179157,0.3661014665499394,-0.3668157776170298,0.6790039950601435,-0.1648267022700735,-0.4043931303391123,-0.3020923702542956,0.3661153769403732,-0.3664576976061519,11.78383875,2555636.651,135.655248401,1532.54408133,135.3699883218974,-0.306135659589613,8.787432013348736,-0.4485022882289562,0.03516149687176895,-0.09863604887911492,0.7934819149353558,-0.8054586802730637,-0.477917545026498,2.347518673714526,0.02378736448048798,-32.86110217462346,135.3699883218979,-0.3061356595896111,8.787432013348775,2.54963349639811,1526.529132533058,135.6232580393685,2.826771630811116,-0.8292524561652533,135.6232580393685,135.6232122538006,-0.8292523834136352,-2.828967505488841, 1337.930962, 2.857725524,-7.063917207, 2.857725524, 1379.179417, 7.371507843,-7.063917207, 7.371507843, 2338.252732,55.13760484,1774,40.97745208568207,-1.499436302142052,36.83934611048478,19688.424166415,22969.26406143,-1.450805636624721,4.911115660716268,359.6849728502926,0.9989993994703998,-0.01253088087108474,0.04287562762074065,-0.00220395973259434,0.7367114234842239,-0.007302160318671477,-0.6760875666430561,-0.01041917430510964,-0.7367123663719679,0.007240780440501593,0.6760882267968144,0.01035229056621063,3.7140976043746,-0.12930053461155,0.00092146216114899,0.00092766647557027,-1.4746011391884e-06,20945334.40172399,3802.582079694285,336.8543649733265,20945334.74689943,-0.5390626454677658,336.8543649733265,0.010403404589279,22969.26406143,-3280.8398950104,6.28068705,9.84848485,9.84848485,0.465764975,3.13999236,336.536024,179.921562,3.13999236,-3.14069469,0,1,-0.523,0,0.0253213352,0.174,0.348,0,0.179465768,0.448664421,0.448973747,0,0,0,-1,-1.36846374,0,359.711468,-359.711468,360,0.288532254,0.00503488783,0.00132024336,0.0266415785,0,0,0,-100,-99.758254,-2.79323111,-5.62219862,0,0,0,-0,-0.0894784645,-0.0437191777,-0.0278655192,0.0303662733,0.00794837204,0.00544837204,-0.0105978294,-0.00809782939,0.0135462014,0.00677310072,0.0104522178,0.00291825921,0,0,20203.5,36.7336,1.29953,8.42106,91.961,-0.280208,7.13253,144.873,2096.48,65,65,0.000921062340094887526,-1.1402840332339449e-06,20945334.8790202253,-0.302092370254295584
2.6,-0.2438441424061071,0.3494433347559058,-0.4063003459917254,0.556686706964157,-0.1684670851095171,-0.3807172175404034,-0.2396816995146291,0.3494598667125072,-0.4059396531527452,11.77526072,2554698.6,135.606522391,1532.45852313,135.3218016462695,-0.2989438045374945,8.777787128019309,-0.5140940773075564,0.1181371214685834,-0.09796466754210087,0.7465830229576724,-0.8237708462407621,-0.5437267231576574,2.298592182793099,0.02149475653737733,-32.81903498756672,135.32180164627,-0.2989438045374923,8.777787128019348,2.626649988836753,1526.447648330294,135.5721311373527,2.914898011456327,-0.9107927945822506,135.5721311373527,135.5720820237079,-0.9107927074568398,-2.917181423304664, 1337.930962, 2.857725524,-7.063917207, 2.857725524, 1379.179417, 7.371507843,-7.063917207, 7.371507843, 2338.252732,55.13760484,1774,40.97745208568207,-1.499436302142052,36.83934611048478,19688.711512972,22969.551407977,-1.481918055708614,4.946019670354769,359.6454439108915,0.9989820615225387,-0.01278621382659527,0.04318492386786808,-0.002532951378512656,0.7369176507746339,-0.007250070284803396,-0.6758568431887286,-0.01083235766702925,-0.7369186704197067,0.007186247138150051,0.6758575248203114,0.01076276835593155,3.7113498989123,-0.12630832118431,0.00095855492839493,0.00096500899274434,-1.7125533329829e-06,20945334.66057726,3955.230933976623,350.4141892516491,20945335.03402202,-0.626049660686931,350.4141892516491,0.010821212002503,22969.551407977,-3280.8398950097,6.27999714,9.84848485,9.84848485,0.465759393,3.13980605,350.083139,179.910886,3.13980605,-3.14019109,0,1,-0.523,0,0.0258643493,0.174,0.348,0,0.178355183,0.445887959,0.446144246,0,0,0,-1,-1.37781531,0,359.671936,-359.671936,360,0.328064105,0.00572471863,0.00151809201,0.0273824413,0,0,0,-100,-99.7812593,-2.79387526,-5.71105668,0,0,0,-0,-0.0911242172,-0.0445232925,-0.0278655192,0.0311470492,0.00815274012,0.00565274012,-0.0108703202,-0.00837032015,0.0140230603,0.00701153013,0.0102667032,0.00286646353,0,0,19979.5,36.3263,1.29953,8.39211,91.564,-0.274198,7.00906,142.245,2082.3,65,65,0.000958155105669438725,-1.37816928138728808e-06,20945335.1663414724,-0.239681699514629115
2.7,-0.1936315176394817,0.3324681178797007,-0.4428334265158115,0.4365134540775138,-0.1712578224480943,-0.3443449817219072,-0.1894693039673648,0.3324875839142757,-0.4424702435376351,11.76558691,2553641.073,135.551485483,1532.37069729,135.2672992824367,-0.2837277340161483,8.76826437734119,-0.5748387338724497,0.1941653618455998,-0.09631639636184985,0.6983825763827269,-0.8397941753396456,-0.6045013769656101,2.253554435916193,0.0182546258615747,-32.77532769534415,135.2672992824372,-0.2837277340161458,8.768264377341229,2.698907908069746,1526.364452650968,135.5146763459188,2.998263693532495,-0.9940455056160307,135.5146763459188,135.5146238733378,-0.9940454023671537,-3.000634430936605, 1337.930962, 2.857725524,-7.063917207, 2.857725524, 1379.179417, 7.371507843,-7.063917207, 7.371507843, 2338.252732,55.13760484,1774,40.97745208568207,-1.499436302142052,36.83934611048478,19689.007443953,22969.847338971,-1.507693129524404,4.979124132464618,359.6021003690302,0.9989656417559927,-0.01299341226958819,0.04347900349739251,-0.002897254476901035,0.7371137676788977,-0.007138974986882672,-0.6756375287097297,-0.01123647335092772,-0.737114866195042,0.007072709135451676,0.6756382256432353,0.01116417795503024,3.7088244083101,-0.11992796318278,0.00099563283152581,0.0010023365457118,-1.9730502281574e-06,20945334.92689532,4107.871552360801,363.9685802498682,20945335.3297203,-0.7212782337956014,363.9685802498682,0.011239019415727,22969.847338971,-3280.8398950155,6.27924065,9.84848485,9.84848485,0.465753644,3.13961094,363.624853,179.899707,3.13961094,-3.13962971,0,1,-0.523,0,0.0263142092,0.174,0.348,0,0.177457738,0.443644345,0.443847668,0,0,0,-1,-1.3860683,0,359.628589,-359.628589,360,0.371410839,0.00648111915,0.00174159243,0.0280558016,0,0,0,-100,-99.8020754,-2.79445811,-5.79509254,0,0,0,-0,-0.0928530965,-0.045368023,-0.0278655192,0.0318215401,0.00832928813,0.00582928813,-0.0111057175,-0.00860571751,0.0144350056,0.00721750282,0.00980703151,0.0027381232,0,0,19789.4,35.9807,1.29953,8.36878,91.2805,-0.261811,6.89422,139.802,2068.97,65,65,0.000995233043285527605,-1.63853655377360514e-06,20945335.4622403607,-0.189469303967364805
2.8,-0.1550836547302063,0.3152202952877812,-0.4752225090235895,0.3252591720224633,-0.1740091098380349,-0.2970951725914545,-0.1509216644009304,0.3152429753418466,-0.4748569607112449,11.75490322,2552473.264,135.490623709,1532.28084631,135.2069586219199,-0.2613364672462732,8.758947220202536,-0.6308863746697901,0.2599894211483402,-0.09398045372350339,0.6492500520633513,-0.8540981357269006,-0.6604038930617675,2.212263236907294,0.01419012882299967,-32.73036159812932,135.2069586219204,-0.2613364672462704,8.758947220202575,2.76629634316998,1526.279745240505,135.4513892219581,3.07675775759669,-1.078810682018088,135.4513892219582,135.4513333710546,-1.078810560843348,-3.079215601775665, 1337.930962, 2.857725524,-7.063917207, 2.857725524, 1379.179417, 7.371507843,-7.063917207, 7.371507843, 2338.252732,55.13760484,1774,40.97745208568207,-1.499436302142052,36.83934611048478,19689.31147743,22970.151372438,-1.52930433274462,5.010409456528067,359.5552986016197,0.998950029189663,-0.01316283400349712,0.04375765893677313,-0.003293367173696258,0.7372995489432722,-0.006978674650458172,-0.6754296914839985,-0.01163636927916206,-0.7373007288382054,0.006909966526232303,0.6754303978950404,0.0115613674193352,3.7065432196804,-0.11051307817927,0.0010326942076824,0.0010396474604172,-2.2565316002739e-06,20945335.20019649,4260.503774161277,377.5169300924904,20945335.63351234,-0.8249091318248247,377.5169300924904,0.011656826828951,22970.151372438,-3280.8398950147,6.2784238,9.84848485,9.84848485,0.465747738,3.13940755,377.160563,179.888053,3.13940755,-3.13901625,0,1,-0.523,0,0.0266913959,0.174,0.348,0,0.176765333,0.441913333,0.442066912,0,0,0,-1,-1.39407536,0,359.581784,-359.581784,360,0.418216054,0.00729787015,0.00199259569,0.0286839916,0,0,0,-100,-99.8209106,-2.7949855,-5.8742011,0,0,0,-0,-0.0946675556,-0.0462545677,-0.0278655192,0.0324128509,0.00848406373,0.00598406373,-0.011312085,-0.00881208497,0.0147961487,0.00739807435,0.00909972561,0.00254064339,0,0,19630.3,35.6915,1.29953,8.35058,91.0998,-0.24389,6.78778,137.537,2056.48,65,65,0.00103229448761778275,-1.92183604258655766e-06,20945335.7662374936,-0.150921664400930355
2.9,-0.12706660416944,0.2976843831821548,-0.502480528055791,0.2279957165434703,-0.177077563246941,-0.2412817497309724,-0.1229048313172008,0.2977105169534904,-0.5021127411516513,11.74329271,2551204.058,135.424406717,1532.18915875,135.1412414673321,-0.2329149795445331,8.749887993901208,-0.6823968991498255,0.3130244377947502,-0.09128426448168625,0.5994609099479575,-0.8671624490874894,-0.7116173824294768,2.174549620433963,0.009460458978200879,-32.68442609958999,135.1412414673326,-0.2329149795445298,8.749887993901247,2.828736697225857,1526.193673160252,135.3827479655963,3.15030159420677,-1.164941103506528,135.3827479655963,135.3826887281318,-1.16494096256331,-3.152846320516458, 1337.930962, 2.857725524,-7.063917207, 2.857725524, 1379.179417, 7.371507843,-7.063917207, 7.371507843, 2338.252732,55.13760484,1774,40.97745208568207,-1.499436302142052,36.83934611048478,19689.623122044,22970.463017057,-1.547832801595641,5.039860695627457,359.5055048263763,0.9989351146392133,-0.01330407974828551,0.04402071360274436,-0.003716850373437447,0.7374747924965407,-0.006779096896653168,-0.6752333791480052,-0.01203569531919269,-0.7374760566164194,0.006707946801060605,0.675234089720063,0.01195798675062074,3.7045158414819,-0.098542443093975,0.0010697375272419,0.0010769401969381,-2.5633899520967e-06,20945335.47998964,4413.12745595774,391.0586796090701,20945335.94490683,-0.9370858405409308,391.0586796090701,0.012074634242175,22970.463017057,-3280.8398950107,6.27755474,9.84848485,9.84848485,0.465741684,3.13919636,390.689712,179.875952,3.13919636,-3.13835837,0,1,-0.523,0,0.0270147787,0.174,0.348,0,0.176259092,0.440647729,0.440757182,0,0,0,-1,-1.40242991,0,359.531987,-359.531987,360,0.468013497,0.00816683553,0.00227251075,0.0292872894,0,0,0,-100,-99.8379533,-2.79546269,-5.94830901,0,0,0,-0,-0.0965696089,-0.0471839109,-0.0278655192,0.0329424734,0.00862269241,0.00612269241,-0.0114969232,-0.00899692321,0.0151196156,0.00755980781,0.00818162273,0.00228430907,0,0,19499.5,35.4537,1.29953,8.3371,91.0124,-0.221451,6.6895,135.443,2044.82,65,65,0.00106933790592730893,-2.22847083113907825e-06,20945336.0778438598,-0.122904831317200827
3,-0.1080134629134377,0.2798259859214278,-0.5238682436865595,0.148161531027177,-0.180470225214031,-0.1795539097546097,-0.1038519015520033,0.2798557671977464,-0.5234983469913954,11.73083524,2549842,135.353286095,1532.09577911,135.0705931891407,-0.1998323906678542,8.741108583128831,-0.7295378776141948,0.3514491739368487,-0.08850276390181477,0.5492018160751542,-0.8793575199878467,-0.7583373849024602,2.140223502734378,0.004251216926823048,-32.63772252906302,135.0705931891412,-0.1998323906678504,8.74110858312887,2.886173338417,1526.106340844914,135.3092117808196,3.218839554920214,-1.252332178671059,135.3092117808197,135.3091491594537,-1.252332016088945,-3.221470934055333, 1337.930962, 2.857725524,-7.063917207, 2.857725524, 1379.179417, 7.371507843,-7.063917207, 7.371507843, 2338.252732,55.13760484,1774,40.97745208568207,-1.499436302142052,36.83934611048478,19689.941879824,22970.781774833,-1.564216699852901,5.067462722444767,359.4532727528529,0.9989208045302931,-0.01342554413371293,0.04426798231601226,-0.004162545247203351,0.7376393012261103,-0.006549825448745877,-0.6750486564550321,-0.01243673958491208,-0.7376406526603072,0.006476233550089876,0.6750493664867464,0.01235632419950245,3.7027394750263,-0.084590164635183,0.0011067613888263,0.0011142133444613,-2.8939835947965e-06,20945335.76577704,4565.742466813337,404.5933165096623,20945336.2634058,-1.057939346474086,404.5933165096623,0.012492441655399,22970.781774833,-3280.8398950066,6.27664312,9.84848485,9.84848485,0.465735491,3.13897782,404.211794,179.863429,3.13897782,-3.1376653,0,1,-0.523,0,0.0273007316,0.174,0.348,0,0.175912295,0.439780737,0.439853354,0,0,0,-1,-1.41147329,0,359.479751,-359.479751,360,0.520249418,0.00907835235,0.00258224178,0.0298829734,0,0,0,-100,-99.8533742,-2.79589448,-6.01736541,0,0,0,-0,-0.0985609561,-0.0481568832,-0.0278655192,0.0334292279,0.0087501004,0.0062501004,-0.0116668005,-0.00916680054,0.0154169009,0.00770845047,0.0070975435,0.00198163415,0,0,19394.6,35.263,1.29953,8.32792,91.0091,-0.195627,6.59907,133.515,2033.97,65,65,0.0011063618932561517,-2.55880946861935854e-06,20945336.3965635151,-0.103851901552003287
3.1,-0.09608319697914658,0.2616210212686618,-0.5389204349773522,0.08766904238638186,-0.1839729457303629,-0.1147335114766394,-0.09192184083634979,0.261654594424912,-0.538548559527123,11.71760732,2548395.277,135.277694361,1532.00081909,134.9954420900759,-0.1636031839958485,8.732607895586934,-0.772482428644802,0.374250207378248,-0.0858143833616829,0.498593154440421,-0.8909359655524201,-0.8007655255572872,2.109081008033297,-0.00123608477778243,-32.59038551729408,134.9954420900764,-0.1636031839958443,8.732607895586973,2.938565748737832,1526.017821547669,135.2312199653865,3.282331101772826,-1.340910499064938,135.2312199653865,135.2311539735071,-1.340910312958133,-3.285048900875431, 1337.930962, 2.857725524,-7.063917207, 2.857725524, 1379.179417, 7.371507843,-7.063917207, 7.371507843, 2338.252732,55.13760484,1774,40.97745208568207,-1.499436302142052,36.83934611048478,19690.267248008,22971.107143023,-1.579217380567475,5.09319897223706,359.399217613623,0.9989070300040397,-0.0135341111334657,0.04449926204969943,-0.004624815819908325,0.7377928828746263,-0.006299713239175146,-0.6748756182555437,-0.01284038460677917,-0.7377943248307445,0.0062236795682911,0.674876323718153,0.01275726243549537,3.7012021508403,-0.069292829739253,0.0011437645139678,0.0011514656159104,-3.2486467626971e-06,20945336.05705617,4718.348684577265,418.1203734344315,20945336.58850652,-1.187591834514024,418.1203734344315,0.012910249068623,22971.107143023,-3280.8398950156,6.27569968,9.84848485,9.84848485,0.465729171,3.13875233,417.726346,179.850509,3.13875233,-3.13694734,0,1,-0.523,0,0.0275625429,0.174,0.348,0,0.175693169,0.439232922,0.439276993,0,0,0,-1,-1.42131364,0,359.425691,-359.425691,360,0.574308539,0.010021684,0.00292214927,0.0304846922,0,0,0,-100,-99.8673276,-2.79628517,-6.08133407,0,0,0,-0,-0.100643089,-0.0491742134,-0.0278655192,0.0338885379,0.00887032478,0.00637032478,-0.0118270997,-0.00932709971,0.0156974245,0.00784871225,0.00589769715,0.00164663704,0,0,19313.4,35.1153,1.29953,8.32268,91.082,-0.167608,6.51621,131.744,2023.9,65,65,0.00114336516727098908,-2.91319566777081181e-06,20945336.7218953632,-0.0919218408363497996
3.2,-0.08930703812893248,0.2430722581634842,-0.5474560267367461,0.04704903842806658,-0.1872708844094395,-0.04965813735357005,-0.08514588047508943,0.2431097168630906,-0.5470823058781047,11.70368198,2546871.706,135.198044505,1531.90436936,134.9161989703342,-0.1258061136887185,8.72437196205996,-0.8114072063035551,0.3812209220165873,-0.08329339453073104,0.4477175542734599,-0.9020335424659748,-0.8391047401425761,2.08091222745111,-0.006794726842601564,-32.54251067442602,134.9161989703347,-0.1258061136887138,8.724371962060001,2.985883309794138,1525.92816914715,135.1491915528495,3.340745594500811,-1.430622031648283,135.1491915528495,135.1491222144615,-1.430621820128143,-3.343549578182078, 1337.930962, 2.857725524,-7.063917207, 2.857725524, 1379.179417, 7.371507843,-7.063917207, 7.371507843, 2338.252732,55.13760484,1774,40.97745208568207,-1.499436302142052,36.83934611048478,19690.598720353,22971.438615363,-1.593401163509135,5.117052557713034,359.3439882123891,0.9988937516973559,-0.01363498426450785,0.04471434258915873,-0.005097802556704966,0.7379353609578124,-0.006036583031398536,-0.6747143853398176,-0.01324616657302967,-0.7379368966179649,0.005958107477248177,0.6747150828864524,0.01316033778686818,3.6998869748837,-0.053315566937049,0.0011807457416029,0.0011886958424045,-3.6276965260493e-06,20945336.35332102,4870.945993357815,431.6394259411644,20945336.91970277,-1.326159214976542,431.6394259411644,0.013328056481847,22971.438615363,-3280.8398950081,6.27473574,9.84848485,9.84848485,0.465722732,3.13852027,431.232947,179.837211,3.13852027,-3.13621548,0,1,-0.523,0,0.0278100966,0.174,0.348,0,0.175567468,0.438918671,0.438942858,0,0,0,-1,-1.43185447,0,359.370458,-359.370458,360,0.629542009,0.0109855081,0.0032920361,0.0311021327,0,0,0,-100,-99.8799532,-2.79663869,-6.14018827,0,0,0,-0,-0.102817366,-0.0502365649,-0.0278655192,0.0343320166,0.00898640535,0.00648640535,-0.0119818738,-0.0094818738,0.0159682791,0.00798413957,0.0046349779,0.00129408583,0,0,19253.9,35.007,1.29953,8.32104,91.2233,-0.138584,6.44058,130.125,2014.61,65,65,0.00118034656292854609,-3.29195489369286252e-06,20945337.0533343889,-0.0851458804750894332
3.3,-0.08571892582868361,0.2242148679083772,-0.5495730376741068,0.02562767408901482,-0.1900432965062867,0.01296323636992892,-0.08155795932234609,0.2242562559394447,-0.5491976069634316,11.68912878,2545278.738,135.11472995,1531.80651077,134.8332568799586,-0.08800513691785916,8.716383642026752,-0.8464905349626171,0.3729195200945775,-0.08092578468329137,0.3966464823612341,-0.9126777086669977,-0.8735556396052937,2.055508490426668,-0.01222310247113768,-32.49418061446165,134.8332568799591,-0.08800513691785397,8.716383642026793,3.028102898707886,1525.837429464523,135.063525371489,3.394059888354626,-1.521420801559336,135.0635253714891,135.0634527211197,-1.52142056274703,-3.396949819637017, 1337.930962, 2.857725524,-7.063917207, 2.857725524, 1379.179417, 7.371507843,-7.063917207, 7.371507843, 2338.252732,55.13760484,1774,40.97745208568207,-1.499436302142052,36.83934611048478,19690.935787909,22971.775682917,-1.607135175011744,5.139008577235456,359.2882385863518,0.9988809608585955,-0.01373163867436877,0.04491302705203449,-0.005575673461478298,0.7380665900634084,-0.005767015987712398,-0.6745650907171409,-0.01365241899979346,-0.7380682224331883,0.005686098294153533,0.6745657776479742,0.01356388390863961,3.6987762153777,-0.03731882733468,0.0012177040225295,0.0012259029676771,-4.0314365235739e-06,20945336.65406289,5023.534282157961,445.1500904787765,20945337.25648563,-1.473752488088394,445.1500904787765,0.013745863895071,22971.775682917,-3280.8398950138,6.27376273,9.84848485,9.84848485,0.465716184,3.13828196,444.73122,179.823556,3.13828196,-3.13548077,0,1,-0.523,0,0.0280498003,0.174,0.348,0,0.175500781,0.438751951,0.438764748,0,0,-0.00153398437,-1,-1.44283035,0,359.314704,-359.314704,360,0.685295742,0.0119584107,0.00369115834,0.0317409587,0,0,0,-100,-99.8913772,-2.79695856,-6.19390838,0,0,0,-0,-0.105085043,-0.0513445521,-0.0278655192,0.034767338,0.00910035073,0.00660035073,-0.012133801,-0.00963380097,0.0162341517,0.00811707585,0.00336229826,0.000938753673,0,0,19214.1,34.9348,1.29953,8.32267,91.4264,-0.109699,6.37186,128.65,2006.05,65,65,0.00121730502709232395,-3.69539786620491157e-06,20945337.3903724737,-0.0815579593223460797
3.4,-0.08346703239706574,0.2051139185557349,-0.5456298761919091,0.02172900763407205,-0.1920264533424792,0.07067631008283208,-0.07930624896576717,0.2051592326357798,-0.5452528731064079,11.67401381,2543623.459,135.02812487,1531.70732453,134.7469910467598,-0.05167621278183776,8.708630161752232,-0.8779106331471187,0.3505918182132285,-0.07863672735777172,0.3454603831751726,-0.9228020641817224,-0.9043136523303726,2.032668570235237,-0.01733413518571094,-32.44548478988091,134.7469910467603,-0.05167621278183208,8.708630161752273,3.065208846448459,1525.745650415237,134.974600425226,3.442258294625152,-1.613258740680402,134.974600425226,134.9745245078065,-1.613258472719735,-3.44523393581191, 1337.930962, 2.857725524,-7.063917207, 2.857725524, 1379.179417, 7.371507843,-7.063917207, 7.371507843, 2338.252732,55.13760484,1774,40.97745208568207,-1.499436302142052,36.83934611048478,19691.277939774,22972.117834789,-1.620595371096085,5.159056653855432,359.2326007615177,0.9988686775565974,-0.0138258794096639,0.04509515423534142,-0.006052860429129759,0.738186470386757,-0.005496225744672947,-0.6744278625478236,-0.01405648105605038,-0.7381882021480312,0.005412865509118769,0.6744285367370235,0.0139652401051723,3.6978544821159,-0.021927498206377,0.0012546384139251,0.0012630860425574,-4.4601577452672e-06,20945336.95877114,5176.113444589279,458.6520223834555,20945337.59834422,-1.630478030151608,458.6520223834555,0.014163671308295,22972.117834789,-3280.8398950129,6.27279166,9.84848485,9.84848485,0.465709537,3.13803771,458.220823,179.809561,3.13803771,-3.13475395,0,1,-0.523,0,0.0282847251,0.174,0.348,0,0.175460509,0.438651272,0.438660541,0,0,-0.00153398437,-1,-1.45384736,0,359.259062,-359.259062,360,0.740937665,0.0129293623,0.0041182593,0.0324029844,0,0,0,-100,-99.9017141,-2.797248,-6.24248193,0,0,0,-0,-0.107447282,-0.052498742,-0.0278655192,0.0351983547,0.00921316935,0.00671316935,-0.0122842258,-0.0097842258,0.0164973952,0.00824869758,0.00213009039,0.000594721238,0,0,19192.5,34.8955,1.29953,8.32729,91.6848,-0.0820018,6.30974,127.313,1998.22,65,65,0.00125423961319815597,-4.12382120383615128e-06,20945337.7324991226,-0.0793062489657671704
3.5,-0.08090420650637191,0.1858569686004538,-0.5362150141221133,0.03289421032173059,-0.193046475072807,0.1213849828359117,-0.0767435972740801,0.1859061629013442,-0.535836577613007,11.65839983,2541912.604,134.938584766,1531.60690071,134.657758977565,-0.01814317904391394,8.701107776649767,-0.9058438115622831,0.316065711738807,-0.07632043141632039,0.2942607157885107,-0.9322649644249321,-0.9315667009215877,2.012203538626855,-0.0219633768125912,-32.39653146081332,134.6577589775655,-0.01814317904390778,8.701107776649808,3.097194509282047,1525.652890493426,134.882776532003,3.48533415437586,-1.70607720396147,134.882776532003,134.8826974026882,-1.706076905031789,-3.488395267855051, 1337.930962, 2.857725524,-7.063917207, 2.857725524, 1379.179417, 7.371507843,-7.063917207, 7.371507843, 2338.252732,55.13760484,1774,40.97745208568207,-1.499436302142052,36.83934611048478,19691.624663923,22972.46455894,-1.633784613946532,5.177193041748124,359.1776598993512,0.998856946725593,-0.01391798794174442,0.0452606173904558,-0.006524270312786418,0.7382949582102907,-0.005228012774049733,-0.6743028080707777,-0.01445495041720509,-0.7382967915880411,0.005142209448264298,0.6743034678627211,0.01436100418158318,3.697110696279,-0.007703708995489,0.0012915480740055,0.0013002442195936,-4.9141367568778e-06,20945337.26693398,5328.683379521151,472.1449139262126,20945337.94476653,-1.796436944471679,472.1449139262126,0.014581478721519,22972.46455894,-3280.8398950152,6.27183276,9.84848485,9.84848485,0.465702802,3.13778781,471.701456,179.795241,3.13778781,-3.13404496,0,1,-0.523,0,0.0285149208,0.174,0.348,0,0.175417487,0.438543718,0.438556327,0,0,-0.00153398437,-1,-1.46442566,0,359.204117,-359.204117,360,0.795882574,0.0138881509,0.00457162412,0.0330865449,0,0,0,-100,-99.9110673,-2.79750989,-6.28590515,0,0,0,-0,-0.109905124,-0.0536996434,-0.0278655192,0.0356254232,0.00932495451,0.00682495451,-0.0124332727,-0.00993327268,0.0167582272,0.0083791136,0.000984087247,0.000274757159,0,0,19187.6,34.8865,1.29953,8.33462,91.9929,-0.0564158,6.2539,126.107,1991.08,65,65,0.00129114947604381538,-4.57750559542027136e-06,20945338.0792023167,-0.0767435972740801026
3.6,-0.07665638311624363,0.1666143954020352,-0.5221048024533531,0.0560910988303643,-0.1886288124503441,0.1636038629393592,-0.0724959383867444,0.1666673874818004,-0.5217250723560991,11.64234282,2540152.183,134.846426718,1531.50534323,134.5658801103656,0.01147475905397011,8.693824082755823,-0.9315351097519773,0.2716184444669114,-0.07373889265338462,0.2431144889670946,-0.9408555565238863,-0.9565541006069354,1.992878507796911,-0.02597550519948249,-32.34748862856689,134.5658801103661,0.01147475905397673,8.693824082755864,3.124063474943042,1525.559225544169,134.7883746403078,3.523291046875,-1.799800197888749,134.7883746403078,134.7882923642379,-1.799799866217978,-3.526437395384805, 1337.930962, 2.857725524,-7.063917207, 2.857725524, 1379.179417, 7.371507843,-7.063917207, 7.371507843, 2338.252732,55.13760484,1774,40.97745208568207,-1.499436302142052,36.83934611048478,19691.975448195,22972.815343213,-1.646558515473448,5.193422430181494,359.1239329117446,0.9988458325225132,-0.01400693755834158,0.04540938087394757,-0.006985462138530194,0.7383920736877247,-0.004964791375912495,-0.6741899978397755,-0.01484396087770514,-0.7383940103397095,0.004876544269253407,0.6741906419230341,0.01474731005431987,3.6965396337129,0.0048755853715624,0.0013284322562269,0.0013373767472153,-5.3936318625538e-06,20945337.57803949,5481.243992483799,485.6284921931154,20945338.29524042,-1.971723658552946,485.6284921931154,0.014999286134743,22972.815343213,-3280.8398950142,6.27089505,9.84848485,9.84848485,0.465695988,3.1375325,485.172848,179.780612,3.1375325,-3.13336255,0,1,-0.523,0,0.0287378674,0.174,0.348,0,0.175347213,0.438368033,0.438389581,0,0,-0.00153398437,-1,-1.47404202,0,359.150386,-359.150386,360,0.849613519,0.0148257559,0.00504915145,0.0337870189,0,0,0,-100,-99.9195305,-2.79774685,-6.32418425,0,0,0,-0,-0.112459466,-0.0549476949,-0.0278655192,0.0360458908,0.00943501192,0.00693501192,-0.0125800159,-0.0100800159,0.0170150278,0.0085075139,-3.652778e-05,-1.01985562e-05,0,0,19197.9,34.9053,1.29953,8.34442,92.3454,-0.0337065,6.20405,125.026,1984.61,65,65,0.00132803386609743959,-5.05671198770270762e-06,20945338.4299695902,-0.0724959383867443963
3.7,-0.06959184227768525,0.17172772578201,-0.5041601360253387,0.08905712076670419,0.3846314402683182,0.1984363659714505,-0.06543155552962217,0.1717844034696024,-0.5037792091713151,11.62584771,2538342.647,134.751672546,1531.40276951,134.4712563061427,0.03629882426994691,8.688680210309757,-0.962230294418571,0.2197105565088987,-0.005841920422355429,0.1838180061849712,-0.9480675337215304,-0.9820953261068062,1.971471159255901,-0.02926885664240711,-32.29040800604409,134.4712563061432,0.03629882426995398,8.688680210309798,3.145323176459229,1525.464770856588,134.691433599726,3.555636410205677,-1.894312150361606,134.691433599726,134.6913482639049,-1.89431178429173,-3.558867751035823, 1337.930962, 2.857725524,-7.063917207, 2.857725524, 1379.179417, 7.371507843,-7.063917207, 7.371507843, 2338.252732,55.13760484,1774,40.97745208568207,-1.499436302142052,36.83934611048478,19692.329764768,22973.169659784,-1.658656196769632,5.208353767674745,359.0718355912878,0.9988351755753768,-0.01409060157639171,0.04554667710347358,-0.007432845037635882,0.7384814040419463,-0.00470759694516622,-0.6740856193112651,-0.01521946953693609,-0.7384834449785102,0.004616905745993299,0.6740862465683324,0.01512011446457183,3.6969509757211,0.015434090114149,0.0013652902680596,0.0013744829282301,-5.8988760076634e-06,20945337.89156012,5633.795198258585,499.1025040142785,20945338.64923811,-2.156423329613062,499.1025040142785,0.015417093547967,22973.169659784,-3280.8398950132,6.26998578,9.84848485,9.84848485,0.465689106,3.13727205,498.634754,179.765689,3.13727205,-3.13271373,0,1,-0.523,0,0.0289490118,0.174,0.348,0,0.175229568,0.438073919,0.438109117,0,0,-0.00306796875,-1,-1.48216577,0,359.098285,-359.098285,360,0.901714677,0.0157349211,0.00554844083,0.0344974526,0,0,0,-100,-99.9271882,-2.79796127,-6.35682902,0,0,0,-0,-0.115116872,-0.0562461034,-0.0290266604,0.0364546919,0.00954201561,0.00704201561,-0.0127226875,-0.0102226875,0.0172647031,0.00863235154,-0.000900455567,-0.000251407194,0,0,19222.2,34.9495,1.29953,8.35647,92.7375,-0.0144635,6.15927,124.064,1978.78,65,65,0.0013648920847820164,-5.56167440830097618e-06,20945338.7842710093,-0.0654315555296221679
3.8,-0.05925466894659922,0.2323828285883908,-0.4828376482931586,0.1198380789380184,0.8404927357326203,0.2304829167953907,-0.05509456268417505,0.2324430557894294,-0.4824552976372278,11.60892388,2536484.932,134.654369857,1531.29928286,134.3733222741622,0.05566015146040959,8.695198942416955,-0.9979390821175036,0.1617648677186749,0.1605985463313431,0.1563443289131357,-0.9547916099201156,-1.007110498870926,1.955217981489499,-0.03175980552739605,-32.26485247195517,134.3733222741627,0.0556601514604171,8.695198942416996,3.161937958531432,1525.369625688798,134.5919792160692,3.583334593887017,-1.989513906958212,134.5919792160691,134.5918908947337,-1.989513504815333,-3.586650678664856, 1337.930962, 2.857725524,-7.063917207, 2.857725524, 1379.179417, 7.371507843,-7.063917207, 7.371507843, 2338.252732,55.13760484,1774,40.97745208568207,-1.499436302142052,36.83934611048478,19692.687063739,22973.526958748,-1.669743833403399,5.2264630742817,359.0215982256859,0.9988232826915497,-0.01416582461649575,0.0457114577704518,-0.007863968127568378,0.7385892953600994,-0.004455931389207832,-0.6739609325246295,-0.01557751217166014,-0.73859144089586,0.00436279966510787,0.6739615418353601,0.01547544963364949,3.7024058660129,0.023683537785919,0.0014021214148961,0.0014115620633537,-6.4300690951324e-06,20945338.2069462,5786.336923684539,512.5666954582808,20945339.00620971,-2.350609035699563,512.5666954582808,0.015834900961191,22973.526958748,-3280.8398950154,6.26910897,9.84848485,9.84848485,0.465682165,3.1370067,512.086923,179.750484,3.1370067,-3.13210228,0,1,-0.523,0,0.0291425276,0.174,0.348,0,0.175054615,0.437636538,0.437685701,0,0,-0.00306796875,-1,-1.48839039,0,359.048044,-359.048044,360,0.951955743,0.0166116277,0.00606693433,0.0352094619,0,0,0,-100,-99.9341172,-2.79815528,-6.38480596,0,0,0,-0,-0.117870354,-0.057591455,-0.0303653816,0.0368451453,0.00964421677,0.00714421677,-0.0128589557,-0.0103589557,0.0175031725,0.00875158623,-0.00158368239,-0.000442164122,0,0,19259.4,35.0172,1.29953,8.37055,93.1652,0.000911742,6.12353,123.214,1973.57,65,65,0.00140172340875804164,-6.09259163229906282e-06,20945339.1415444426,-0.0550945626841750496
3.9,-0.04612260348539084,0.3294395876771072,-0.4585640312822806,0.1441034225562466,1.093175936408994,0.2562347624077253,-0.0419627315030045,0.3295032069949994,-0.4581796862198114,11.59158208,2534580.115,134.55457473,1531.19491652,134.2716944107703,0.06900427938186038,8.720143306843438,-1.036369939332612,0.09898619986605961,0.3617127993290623,0.1792022594208831,-0.9612960226094196,-1.033884788684342,1.946235957184331,-0.03337667844143234,-32.28930047063257,134.2716944107708,0.0690042793818683,8.720143306843479,3.178246074735553,1525.273819249162,134.489952990563,3.610723839610811,-2.085377369197012,134.489952990563,134.4898616573717,-2.085376928858186,-3.614124412266552, 1337.930962, 2.857725524,-7.063917207, 2.857725524, 1379.179417, 7.371507843,-7.063917207, 7.371507843, 2338.252732,55.13760484,1774,40.97745208568207,-1.499436302142052,36.83934611048478,19693.047083288,22973.886978302,-1.679499083596915,5.25249807938891,358.9734033884621,0.9988083257443041,-0.01422944294614464,0.04594504262450901,-0.008276740634719185,0.7387436728461384,-0.004209036074653769,-0.6737854276905176,-0.01591437328412126,-0.738745922577379,0.004113471942611589,0.6737860178879854,0.01580959590014561,3.7157999105294,0.029383275582805,0.0014389250069552,0.0014486134581605,-6.9873954706949e-06,20945338.52393618,5938.869101353522,526.0208143638514,20945339.36589342,-2.5543481677214,526.0208143638514,0.016252708374415,22973.886978302,-3280.8398950144,6.26826782,9.84848485,9.84848485,0.465675172,3.13673668,525.52911,179.735012,3.13673668,-3.13153114,0,1,-0.523,0,0.0293127888,0.174,0.348,0,0.174829771,0.437074428,0.437134923,0,0,-0.00460195312,-1,-1.49256868,0,358.999846,-358.999846,360,1.00015413,0.0174526896,0.00660203492,0.0359148237,0,0,0,-100,-99.9403869,-2.79833083,-6.41245524,0,0,0,-0,-0.120663698,-0.0589562826,-0.0317288422,0.0372105977,0.00973987396,0.00723987396,-0.0129864986,-0.0104864986,0.0177263726,0.00886318628,-0.00206609139,-0.000576852716,0,0,19308.6,35.1066,1.29953,8.3865,93.6249,0.0121018,6.10285,122.473,1968.95,65,65,0.00143852711814404684,-6.64964649734753279e-06,20945339.5015151687,-0.0419627315030045023
4,-0.03084992134924885,0.4432372556574607,-0.4321209774036207,0.1623587165587057,1.162307156890675,0.2724543504762346,-0.02669035606636783,0.4433040922936607,-0.4317338689226894,11.57380311,2532625.984,134.452170511,1531.08968531,134.1661708316658,0.07593126544999862,8.764644540455963,-1.075892666363068,0.03333304866119924,0.5491424802344511,0.2543253277842652,-0.9674423482828247,-1.063920635239738,1.944831008981318,-0.03407441875015207,-32.36571775630613,134.1661708316663,0.07593126545000695,8.764644540456006,3.199489144032329,1525.177377867931,134.3850950896667,3.643045754565943,-2.18187774192827,134.3850950896667,134.3850005830538,-2.181877260538171,-3.646530545866371, 1337.930962, 2.857725524,-7.063917207, 2.857725524, 1379.179417, 7.371507843,-7.063917207, 7.371507843, 2338.252732,55.13760484,1774,40.97745208568207,-1.499436302142052,36.83934611048478,19693.410053104,22974.249948118,-1.687661701338681,5.289207428282162,358.9274313169788,0.9987892265462842,-0.01427894476377924,0.0462713254463826,-0.008669320212308674,0.7389606698435625,-0.003966437685319376,-0.6735414472104386,-0.01622697402814396,-0.7389630226867274,0.003868452386970647,0.6735420171113109,0.01611947156242099,3.7376381821978,0.032357538432425,0.0014757003085542,0.0014856363720142,-7.5710330697981e-06,20945338.84275999,6091.391666336074,539.464591801644,20945339.72851897,-2.767705773277157,539.464591801644,0.016670515787639,22974.249948118,-3280.8398950133,6.26746545,9.84848485,9.84848485,0.465668122,3.1364622,538.96105,179.719284,3.1364622,-3.13100325,0,1,-0.523,0,0.0294552533,0.174,0.348,0,0.174566487,0.436416218,0.436485255,0,0,-0.00460195312,-1,-1.49467636,0,358.95387,-358.95387,360,1.04612959,0.0182549613,0.00715111553,0.0366063689,0,0,0,-100,-99.9460598,-2.79848968,-6.44502022,0,0,0,-0,-0.123424988,-0.0603054489,-0.0330826012,0.0375455622,0.0098275509,0.0073275509,-0.0131034012,-0.0106034012,0.0179309521,0.00896547605,-0.00233245902,-0.00065122256,0,0,19368.9,35.2163,1.29953,8.40417,94.1137,0.0188583,6.09927,121.835,1964.9,65,65,0.00147530245950620127,-7.23301597587131491e-06,20945339.8644052073,-0.0266903560663678333
4.1,-0.01393576869256692,0.5571224953414988,-0.4045729483004645,0.1770208777292056,1.088353279980105,0.2768757366041268,-0.009776589513689354,0.5571923634222973,-0.4041822432150442,11.55554926,2530618.279,134.346933655,1530.98362093,134.0566941050908,0.07626596211359837,8.825844520473378,-1.115289631287617,-0.03262270855243887,0.6921729016567397,0.3732478164248434,-0.9728651618968345,-1.097788195512387,1.950289610692272,-0.03384358349538165,-32.48568887275722,134.0566941050913,0.07626596211360706,8.825844520473421,3.230540778507028,1525.080354194405,134.2770434530081,3.685173947917498,-2.278963991598536,134.2770434530081,134.2769454724319,-2.278963465399881,-3.688742671883073, 1337.930962, 2.857725524,-7.063917207, 2.857725524, 1379.179417, 7.371507843,-7.063917207, 7.371507843, 2338.252732,55.13760484,1774,40.97745208568207,-1.499436302142052,36.83934611048478,19693.77671729,22974.616612303,-1.694035003423259,5.337489498917245,358.8838246925981,0.9987655945495079,-0.01431249784572654,0.04669807796262519,-0.009040412832440959,0.7392455057818258,-0.003727755711922459,-0.6732232196093828,-0.01651310381186966,-0.7392479600581789,0.003627362098572468,0.673223768020765,0.0164028645653834,3.7667265819583,0.032525625002706,0.0015124464967835,0.0015226299764641,-8.1811499790391e-06,20945339.16416199,6243.904557463165,552.8977269693974,20945340.09483048,-2.990743299664246,552.8977269693974,0.017088323200863,22974.616612303,-3280.8398950122,6.26670437,9.84848485,9.84848485,0.465661,3.13618346,552.382448,179.703312,3.13618346,-3.13052092,0,1,-0.523,0,0.0295664885,0.174,0.348,0,0.17427388,0.4356847,0.435760421,0,0,-0.0061359375,-1,-1.494709,0,358.910261,-358.910261,360,1.08973943,0.019015953,0.00771153742,0.0372780259,0,0,0,-100,-99.951193,-2.7986334,-6.48737607,0,0,0,-0,-0.126084954,-0.0616051085,-0.0343922053,0.0378458236,0.00990614433,0.00740614433,-0.0132081924,-0.0107081924,0.0181143368,0.00905716839,-0.00237492185,-0.000663078181,0,0,19439.7,35.3448,1.29953,8.42343,94.6289,0.0210498,6.11183,121.295,1961.39,65,65,0.00151204860383311371,-7.84286754499134779e-06,20945340.2309558764,-0.00977658951368935367
4.2,0.004376791200263703,0.6589740519626994,-0.3771580421725576,0.1905578841888151,0.9205484263445911,0.2684332680861153,0.008535507180475512,0.6590467627526641,-0.3767629497891205,11.53677531,2528551.885,134.238596848,1530.87679418,133.9433115753286,0.07010895653954829,8.898609600122366,-1.153742836203013,-0.09593979563058208,0.7766558914787822,0.5217243865693817,-0.977094793581947,-1.135325227504824,1.961277922632429,-0.03271570499690048,-32.6350247755158,133.9433115753291,0.07010895653955733,8.898609600122409,3.275100382460876,1524.982843641606,134.1654176308324,3.740807836180814,-2.3765421359282,134.1654176308324,134.1653157561845,-2.376541560212999,-3.744460188415488, 1337.930962, 2.857725524,-7.063917207, 2.857725524, 1379.179417, 7.371507843,-7.063917207, 7.371507843, 2338.252732,55.13760484,1774,40.97745208568207,-1.499436302142052,36.83934611048478,19694.148253355,22974.988148364,-1.698465825969859,5.396770826119734,358.8426551638155,0.9987375886472827,-0.01432876051619994,0.04722025352236897,-0.009389531530577623,0.739594724521757,-0.003492385825683474,-0.6728344257755063,-0.01677146958901994,-0.7395972780653989,0.003389596998447016,0.6728349514551091,0.01665848164876051,3.8008963376706,0.029923938365747,0.001549162645471,0.0015595933391012,-8.8178946907153e-06,20945339.48931994,6396.407720882775,566.3198813292357,20945340.46600548,-3.22351503129903,566.3198813292357,0.017506130614087,22974.988148364,-3280.8398950143,6.26598583,9.84848485,9.84848485,0.465653783,3.13590064,565.792971,179.687107,3.13590064,-3.13008519,0,1,-0.523,0,0.0296438209,0.174,0.348,0,0.173956633,0.434891582,0.434973253,0,0,-0.0061359375,-1,-1.49262979,0,358.869088,-358.869088,360,1.13091199,0.0197344142,0.00828069745,0.0379245183,0,0,0,-100,-99.9558376,-2.79876345,-6.54322364,0,0,0,-0,-0.128588806,-0.0628284907,-0.035629481,0.0381080674,0.00997478665,0.00747478665,-0.0132997155,-0.0107997155,0.0182745022,0.0091372511,-0.00219484056,-0.000612799483,0,0,19520.2,35.4913,1.29953,8.44417,95.1688,0.0187019,6.13766,120.848,1958.39,65,65,0.00154876462836425711,-8.47934907599220053e-06,20945340.6023457982,0.00853550718047551248
4.3,0.02405090721633512,0.7416225635920463,-0.3511648370915227,0.2044047489072109,0.7072591067754866,0.2472986601257444,0.0282090916447916,0.7416979347418611,-0.3507646809929635,11.51743746,2526421.82,134.126900815,1530.76932477,133.8261369488395,0.05786068236734376,8.977039812226396,-1.190808279562719,-0.1535974387390315,0.8019233380498605,0.6837490833637503,-0.9796616797518535,-1.175874733687555,1.976195308782646,-0.03076455587912429,-32.79777343766713,133.82613694884,0.05786068236735313,8.977039812226439,3.335323528994083,1524.884989393996,134.0498802338992,3.81210302329748,-2.474470067604163,134.0498802338992,134.0497739590247,-2.474469436772144,-3.815838680980161, 1337.930962, 2.857725524,-7.063917207, 2.857725524, 1379.179417, 7.371507843,-7.063917207, 7.371507843, 2338.252732,55.13760484,1774,40.97745208568207,-1.499436302142052,36.83934611048478,19694.526133016,22975.366028032,-1.700821950545181,5.465485615500839,358.8038978334842,0.9987057486752996,-0.01432665090533087,0.04782417037743807,-0.00971716854108272,0.7399990332621516,-0.003259214999925734,-0.6723851218132878,-0.01700165441348395,-0.7400016835382722,0.003154043258866506,0.6723856233809634,0.01688590661579347,3.8376442136137,0.024716689806963,0.0015858477291072,0.0015965254275102,-9.4813834060619e-06,20945339.81970584,6548.901114673647,579.7306800401091,20945340.84351574,-3.466063448227942,579.7306800401091,0.017923938027311,22975.366028032,-3280.8398950098,6.26530939,9.84848485,9.84848485,0.465646444,3.13561394,579.192251,179.670679,3.13561394,-3.12969545,0,1,-0.523,0,0.029684943,0.174,0.348,0,0.173615662,0.434039154,0.43412681,0,0,-0.00766992187,-1,-1.48836112,0,358.830328,-358.830328,360,1.16967217,0.0204107794,0.00885609848,0.0385410415,0,0,0,-100,-99.9600402,-2.79888113,-6.61471981,0,0,0,-0,-0.130902111,-0.0639587712,-0.0367758711,0.0383294235,0.0100327266,0.00753272661,-0.0133769688,-0.0108769688,0.0184096954,0.00920484771,-0.00180377809,-0.000503614843,0,0,19610.1,35.6548,1.29953,8.46632,95.732,0.0120224,6.17307,120.49,1955.89,65,65,0.00158544951769272924,-9.1425757792004612e-06,20945340.9800503813,0.0282090916447916007
4.4,0.04512972583425277,0.8024394532880833,-0.3278129158503551,0.2185665421979033,0.489342074690843,0.2147616338508334,0.04928732265736288,0.8025173181494261,-0.3274071706417214,11.49749967,2524223.923,134.011630445,1530.66138027,133.7053146730611,0.04021620442673202,9.055622852525513,-1.226372973721997,-0.20278528202124,0.7767360881490397,0.8445866428094533,-0.9801751677709437,-1.218514590117572,1.99346278991383,-0.02810335472299997,-32.95924530664829,133.7053146730616,0.04021620442674169,9.055622852525557,3.411807041412649,1524.786978214455,133.9301747215255,3.899656382799144,-2.57256167473117,133.9301747215256,133.9300634931617,-2.572560982427343,-3.903475005932609, 1337.930962, 2.857725524,-7.063917207, 2.857725524, 1379.179417, 7.371507843,-7.063917207, 7.371507843, 2338.252732,55.13760484,1774,40.97745208568207,-1.499436302142052,36.83934611048478,19694.91196451,22975.751859519,-1.700978275013772,5.541557783951506,358.7674173519335,0.998670825386902,-0.01430518315005227,0.04849171548002133,-0.01002485839761784,0.7404461548816789,-0.003026461067339982,-0.6718886463154523,-0.01720404623145319,-0.7404488991093634,0.002918917239419516,0.6718891221297993,0.01708552877522309,3.8746238961644,0.017194170450943,0.0016225006403267,0.0016334251268688,-1.0171687252639e-05,20945340.15692815,6701.384713478408,593.1297183449509,20945341.22896952,-3.718414553243747,593.1297183449509,0.018341745440535,22975.751859519,-3280.8398950152,6.26467268,9.84848485,9.84848485,0.46563895,3.13532355,592.579888,179.65404,3.13532355,-3.12934913,0,1,-0.523,0,0.0296876714,0.174,0.348,0,0.17325024,0.4331256,0.433219432,0,0,-0.00920390625,-1,-1.48180735,0,358.793845,-358.793845,360,1.20615534,0.0210474107,0.00943543318,0.0391231046,0,0,0,-100,-99.963843,-2.7989876,-6.70246261,0,0,0,-0,-0.133011707,-0.06498952,-0.037823252,0.0385071675,0.0100792511,0.0075792511,-0.0134390015,-0.0109390015,0.0185182526,0.00925912628,-0.00122348611,-0.000341597321,0,0,19709.1,35.8347,1.29953,8.48982,96.3175,0.00140865,6.21433,120.217,1953.86,65,65,0.00162210217833222621,-9.83261718316221768e-06,20945341.3656828962,0.0492873226573628809
4.5,0.06759539936099838,0.8423987004233496,-0.3081506823912843,0.2317400392852302,0.2965117116451084,0.1730006349555913,0.07175236582941374,0.8424789165091005,-0.3077389802968598,11.476937,2521955.24,133.892634497,1530.55316727,133.5809894985646,0.01813240605695476,9.129977450251175,-1.260585877065441,-0.2411562984244812,0.7151220841619335,0.9926852405530155,-0.9783741039748602,-1.262253968199648,2.011733052320532,-0.02487841476032971,-33.1079224732146,133.5809894985651,0.01813240605696472,9.12997745025122,3.503821462172217,1524.689029776912,133.8061417336447,4.002738525137255,-2.670597516856012,133.8061417336448,133.8060249886109,-2.670596756152364,-4.006639758592891, 1337.930962, 2.857725524,-7.063917207, 2.857725524, 1379.179417, 7.371507843,-7.063917207, 7.371507843, 2338.252732,55.13760484,1774,40.97745208568207,-1.499436302142052,36.83934611048478,19695.307346776,22976.147241788,-1.698816101428383,5.622816081265168,358.732966903216,0.9986336279973586,-0.01426341856340424,0.04920396354087501,-0.01031512945079636,0.7409232792304513,-0.002791672473176786,-0.6713589535310315,-0.01737976906968372,-0.740926114508872,0.002681765616946516,0.6713594015537839,0.01725847378265956,3.9099642544157,0.007759279265533,0.0016591202147168,0.0016702912649229,-1.0888821590662e-05,20945340.50258609,6853.858512370061,606.5165706358812,20945341.62396579,-3.980573962638118,606.5165706358812,0.01875955285376,22976.147241788,-3280.8398950205,6.26407141,9.84848485,9.84848485,0.46563127,3.1350297,605.955461,179.637202,3.1350297,-3.12904171,0,1,-0.523,0,0.0296499344,0.174,0.348,0,0.172860472,0.43215118,0.432250943,0,0,-0.00920390625,-1,-1.47289403,0,358.759392,-358.759392,360,1.24060833,0.0216486153,0.0100166702,0.0396666045,0,0,0,-100,-99.9672838,-2.79908395,-6.8057237,0,0,0,-0,-0.134923058,-0.0659234063,-0.0387728883,0.0386386805,0.0101136746,0.00761367462,-0.0134848995,-0.0109848995,0.0185985741,0.00929928705,-0.000484939437,-0.000135395091,0,0,19816.8,36.0306,1.29953,8.51462,96.9247,-0.0125643,6.25824,120.024,1952.27,65,65,0.00165872146094973036,-1.05494863742337263e-05,20945341.7608475983,0.0717523658294137445
4.6,0.09125620529931389,0.8649240603124502,-0.2929782766512625,0.2417443071179125,0.1491419239308534,0.1248998215356116,0.09541251095125484,0.865006516142466,-0.2925603917170565,11.45573516,2519613.97,133.769822639,1530.44491684,133.4532758245541,-0.007227472719507411,9.197204375035042,-1.294433850328595,-0.2670190775732327,0.6327531051350697,1.120493795313209,-0.9741360895069079,-1.306846695425969,2.029351137077697,-0.02126004795974428,-33.23634087809469,133.4532758245546,-0.007227472719497178,9.197204375035088,3.609680395179163,1524.59138248768,133.6777098969324,4.11966313662553,-2.768339070520536,133.6777098969323,133.6775870925847,-2.768338234106948,-4.123646612291022, 1337.930962, 2.857725524,-7.063917207, 2.857725524, 1379.179417, 7.371507843,-7.063917207, 7.371507843, 2338.252732,55.13760484,1774,40.97745208568207,-1.499436302142052,36.83934611048478,19695.713754617,22976.55364963,-1.694234666584626,5.707302816389277,358.7001993380454,0.998594901928422,-0.01420053195835322,0.04994386739563189,-0.01059135705338253,0.7414188790871307,-0.002551878986478023,-0.6708086245678607,-0.01753062612104363,-0.7414218025256107,0.002439616418381168,0.6708090422413208,0.01740654643193798,3.9424216672073,-0.0030956435121565,0.0016957052574621,0.0017071226388112,-1.1632738810863e-05,20945340.85815468,7006.322529446066,619.8908001912897,20945342.02997939,-4.25252427333362,619.8908001912897,0.019177360266984,22976.55364963,-3280.8398950127,6.26349951,9.84848485,9.84848485,0.465623377,3.1347326,619.318541,179.620178,3.1347326,-3.12876691,0,1,-0.523,0,0.0295699732,0.174,0.348,0,0.172449334,0.431123335,0.431227908,0,0,-0.00920390625,-1,-1.46160994,0,358.726622,-358.726622,360,1.27337831,0.0222204514,0.0105981315,0.0401681047,0,0,0,-100,-99.9703972,-2.79917112,-6.92281773,0,0,0,-0,-0.136655519,-0.0667698865,-0.0396332507,0.0387216588,0.0101353942,0.00763539419,-0.0135138589,-0.0110138589,0.0186492531,0.00932462656,0.000373428576,0.000104261258,0,0,19933.2,36.2422,1.29953,8.5407,97.5535,-0.0291711,6.30243,119.908,1951.12,65,65,0.00169530618502846992,-1.12931328991478212e-05,20945342.1670241132,0.0954125109512548447
4.7,0.1156831873090211,0.8753001085092492,-0.2827740671664412,0.2461047798316053,0.05685997356648909,0.07379522909193716,0.1198388113877907,0.8753847282345429,-0.2823498838658061,11.43386238,2517196.384,133.643001227,1530.33685801,133.3220825554644,-0.0345674682263799,9.255964844360244,-1.329583473827296,-0.2795146175378812,0.545407680198764,1.224593165420103,-0.9674816985317519,-1.352749126731819,2.044565782733788,-0.01743042491053952,-33.34121164639976,133.3220825554649,-0.03456746822636941,9.255964844360291,3.727144418052163,1524.494281407021,133.5447240684989,4.248190888335953,-2.86554090543218,133.5447240684989,133.5445947039621,-2.865539985788608,-4.25225622232572, 1337.930962, 2.857725524,-7.063917207, 2.857725524, 1379.179417, 7.371507843,-7.063917207, 7.371507843, 2338.252732,55.13760484,1774,40.97745208568207,-1.499436302142052,36.83934611048478,19696.132463127,22976.97235814,-1.687170859251582,5.793489317615697,358.6686885238293,0.9985552327103498,-0.01411595979572339,0.05069813425158051,-0.01085753605719899,0.741923968937649,-0.002303857325043682,-0.6702474727554888,-0.01765904363528354,-0.7419269777884928,0.00218924490923103,0.6702478569159481,0.01753217430724802,3.971421101803,-0.014819856196879,0.0017322545460115,0.0017439180177498,-1.2403324818414e-05,20945341.22490927,7158.776807083352,633.2519601479707,20945342.44828546,-4.534223777506668,633.2519601479707,0.019595167680208,22976.97235814,-3280.839895018,6.26294954,9.84848485,9.84848485,0.465615245,3.13443251,632.668685,179.602983,3.13443251,-3.12851703,0,1,-0.523,0,0.0294466865,0.174,0.348,0,0.172023881,0.430059702,0.430166885,0,0,-0.0107378906,-1,-1.44804171,0,358.695109,-358.695109,360,1.30489144,0.0227703556,0.011178552,0.0406252386,0,0,0,-100,-99.9732143,-2.79925,-7.05150622,0,0,0,-0,-0.138236951,-0.0675425745,-0.0404174088,0.0387544996,0.0101439903,0.00764399027,-0.0135253204,-0.0110253204,0.0186693106,0.00933465531,0.00130813113,0.000365230212,0,0,20058,36.4691,1.29953,8.56804,98.2038,-0.0475761,6.34549,119.865,1950.38,65,65,0.00173185514007829664,-1.20634394880950994e-05,20945342.5854913406,0.119838811387790747
4.8,0.1402954172614083,0.8784710843492468,-0.2777125702405875,0.2461987843815112,0.008319595840958557,0.02253353662297355,0.1444503452188476,0.8785578298227491,-0.2772820445783873,11.41131306,2514701.622,133.512128187,1530.22921884,133.1873748850906,-0.06254263503278601,9.306322182212757,-1.364629807534506,-0.2785660473794697,0.4644227119633371,1.305448632057306,-0.9586491380735753,-1.397716785742407,2.058990225408547,-0.01358385128588618,-33.42282402376486,133.1873748850911,-0.06254263503277525,9.306322182212805,3.853841013042474,1524.397957087421,133.4071907476605,4.385949359831473,-2.961971970210032,133.4071907476606,133.4070543737755,-2.961970959729154,-4.390096157058954, 1337.930962, 2.857725524,-7.063917207, 2.857725524, 1379.179417, 7.371507843,-7.063917207, 7.371507843, 2338.252732,55.13760484,1774,40.97745208568207,-1.499436302142052,36.83934611048478,19696.564513519,22977.404408528,-1.677620211731464,5.880380163411172,358.6379584655169,0.9985149886873999,-0.01400957397373606,0.0514581313201988,-0.01111800003190257,0.7424327048558245,-0.002044452585541748,-0.6696818627663458,-0.01776799526922399,-0.7424357966452777,0.001927495193053978,0.6696822096090488,0.01763833198221735,3.9969834813465,-0.026839727646709,0.0017687668297066,0.0017806761426586,-1.3200399811226e-05,20945341.6038913,7311.221411634588,646.5995933636578,20945342.87992524,-4.825606747092024,646.5995933636578,0.020012975093432,22977.404408528,-3280.8398950134,6.2624132,9.84848485,9.84848485,0.465606853,3.13412969,646.00544,179.585631,3.13412969,-3.12828351,0,1,-0.523,0,0.0292799963,0.174,0.348,0,0.171594351,0.428985878,0.429093285,0,0,-0.012271875,-1,-1.4323745,0,358.664376,-358.664376,360,1.33562376,0.0233066347,0.0117571148,0.0410371111,0,0,0,-100,-99.9757633,-2.79932137,-7.18941753,0,0,0,-0,-0.139698015,-0.0682564504,-0.0411402638,0.0387367371,0.0101393409,0.00764412031,-0.0135191212,-0.0110254938,0.0186696141,0.00933480703,0.00227346615,0.000634751748,0,0,20191.3,36.7115,1.29953,8.59665,98.8759,-0.0668881,6.38701,119.893,1950.03,65,65,0.00176836708445668477,-1.28602231495102519e-05,20945343.0172930621,0.144450345218847587
4.9,0.1648820445367763,0.8786263530046641,-0.2776719195904448,0.2448392882734479,-0.0009304573183410596,-0.02589827267918541,0.169036264924218,0.8787152237602266,-0.2772350461352369,11.38809152,2512129.912,133.377218336,1530.1222064,133.0491108288505,-0.08983070937042159,9.34924644781692,-1.400810520539111,-0.2647531315450989,0.3969786855995565,1.36558876372905,-0.947907950157813,-1.442471378929601,2.07176221851247,-0.009914680293578226,-33.48380069952743,133.049110828851,-0.08983070937041057,9.349246447816968,3.98755713680276,1524.302613939374,133.2651756262343,4.530725604081216,-3.057427326292319,133.2651756262343,133.2650318466374,-3.057426217351092,-4.534953460210996, 1337.930962, 2.857725524,-7.063917207, 2.857725524, 1379.179417, 7.371507843,-7.063917207, 7.371507843, 2338.252732,55.13760484,1774,40.97745208568207,-1.499436302142052,36.83934611048478,19697.010716062,22977.850611077,-1.665625381205992,5.967432984662397,358.6075150101519,0.9984743455634777,-0.01388159527542945,0.05221918079157727,-0.01137715788985126,0.7429419033284975,-0.001770703278978787,-0.6691152264982201,-0.0178607546526721,-0.7429450759535707,0.001651405217819203,0.6691155315658672,0.01772829361434785,4.0195179829483,-0.038589205644883,0.0018052408753797,0.0018173957720659,-1.402372430017e-05,20945341.99591125,7463.656431219942,659.9332490853205,20945343.32570904,-5.126585634550793,659.9332490853205,0.020430782506656,22977.850611077,-3280.8398950121,6.26188186,9.84848485,9.84848485,0.465598187,3.13382442,659.328363,179.568139,3.13382442,-3.12805744,0,1,-0.523,0,0.029070647,0.174,0.348,0,0.171165052,0.42791263,0.428019753,0,0,-0.012271875,-1,-1.41472553,0,358.633931,-358.633931,360,1.36606946,0.0238379121,0.0123334578,0.0414041048,0,0,0,-100,-99.9780697,-2.79938595,-7.33433941,0,0,0,-0,-0.141067897,-0.0689257747,-0.0418162723,0.0386689235,0.0101215907,0.00764412031,-0.0134954543,-0.0110254938,0.0186696141,0.00933480703,0.00322399757,0.000900140122,0,0,20333,36.9691,1.29953,8.62652,99.5702,-0.0862105,6.42723,119.988,1950.06,65,65,0.00180484079129818848,-1.36832413332794468e-05,20945343.4632410333,0.169036264924218027
5,0.1891370247733085,0.8790087011890334,-0.2822659030247289,0.2386357835965204,0.0126690783475142,-0.06934171909751607,0.1932905264445925,0.8790997324731716,-0.2818226867948308,11.36420325,2509481.613,133.238292508,1530.01599827,132.9072133437213,-0.1151950737565191,9.386264526178277,-1.437140132546151,-0.2392600824542219,0.3464487064331045,1.40931036896734,-0.935598166701553,-1.485842228954837,2.084328692231562,-0.006584176295920798,-33.52831256260362,132.9072133437218,-0.1151950737565078,9.386264526178325,4.126425985004192,1524.208426338142,133.1187464764397,4.680652909492993,-3.15173211679856,133.1187464764398,133.1185949420739,-3.151730901780829,-4.684961411226363, 1337.930962, 2.857725524,-7.063917207, 2.857725524, 1379.179417, 7.371507843,-7.063917207, 7.371507843, 2338.252732,55.13760484,1774,40.97745208568207,-1.499436302142052,36.83934611048478,19697.471675523,22978.311570532,-1.651249326922309,6.054493370906052,358.5768770791065,0.9984333083063747,-0.01373237497095735,0.0529799849417858,-0.01163924128167805,0.743450650231624,-0.001479865523430456,-0.6685484850712907,-0.0179405623404179,-0.7434539020017893,0.001358230945325015,0.6685487432504711,0.01780529991965813,4.0396747660083,-0.049536752873202,0.0018416754629129,0.0018540756776377,-1.4873006667839e-05,20945342.40157411,7616.081972964707,673.25248132589,20945343.78624168,-5.437053836082669,673.25248132589,0.02084858991988,22978.311570532,-3280.839895014,6.26134713,9.84848485,9.84848485,0.465589235,3.13351698,672.63701,179.550523,3.13351698,-3.12783015,0,1,-0.523,0,0.0288197375,0.174,0.348,0,0.170740744,0.42685186,0.426956906,0,0,-0.012271875,-1,-1.39522886,0,358.60329,-358.60329,360,1.39670965,0.0243725834,0.0129076537,0.0417273912,0,0,0,-100,-99.9801567,-2.79944439,-7.4844058,0,0,0,-0,-0.142371659,-0.0695627925,-0.0424580857,0.0385520229,0.010090992,0.00764412031,-0.013454656,-0.0110254938,0.0186696141,0.00933480703,0.00411673078,0.00114939123,0,0,20483.2,37.2422,1.29953,8.65765,100.287,-0.104678,6.46687,120.149,1950.46,65,65,0.00184127504432664768,-1.45321995277213062e-05,20945343.9239405617,0.19329052644459252
5.1,0.2124763405774373,0.8813482188481159,-0.2909117875927212,0.2256455584191281,0.03770987012471851,-0.1059959256342047,0.216629110784668,0.8814414777905308,-0.2904622257726195,11.33966974,2506758.851,133.095464972,1529.91074632,132.7616866976683,-0.1375405536931145,9.419045803990661,-1.473408258813248,-0.2037661830923486,0.3123926169585367,1.441075304104508,-0.9220431514543279,-1.527724960090487,2.09726631822734,-0.003729389953654047,-33.56078996506049,132.7616866976688,-0.1375405536931029,9.419045803990711,4.269031352709787,1524.115534750357,132.9680556363315,4.834315157503109,-3.244745494300267,132.9680556363317,132.9678960353907,-3.244744165574518,-4.838703885642738, 1337.930962, 2.857725524,-7.063917207, 2.857725524, 1379.179417, 7.371507843,-7.063917207, 7.371507843, 2338.252732,55.13760484,1774,40.97745208568207,-1.499436302142052,36.83934611048478,19697.947832435,22978.787727449,-1.634597258192144,6.141659853975988,358.5456038716891,0.9983917618624069,-0.01356261033966618,0.05374144758612483,-0.01190807530214374,0.7439595033221014,-0.001169727576915106,-0.6679809180377578,-0.01801061607948668,-0.7439628329985853,0.001045760768527212,0.6679811236177149,0.01787254854656923,4.0581649313639,-0.059209340023612,0.0018780694056475,0.0018907146647246,-1.5747912177748e-05,20945342.8213206,7768.498159713664,686.5568563258089,20945344.26196374,-5.756888985074511,686.5568563258089,0.021266397333104,22978.787727449,-3280.8398950159,6.26080131,9.84848485,9.84848485,0.465579988,3.13320764,685.930953,179.532798,3.13320764,-3.12759367,0,1,-0.523,0,0.0285291041,0.174,0.348,0,0.170331255,0.425828139,0.425928301,0,0,-0.0138058594,-1,-1.37413362,0,358.572015,-358.572015,360,1.42798516,0.024918341,0.0134801655,0.0420092696,0,0,0,-100,-99.982045,-2.79949726,-7.63820115,0,0,0,-0,-0.143628519,-0.0701768946,-0.0430755776,0.0383877996,0.0100480065,0.00764412031,-0.013397342,-0.0110254938,0.0186696141,0.00933480703,0.00491307521,0.0013717306,0,0,20641.9,37.5307,1.29953,8.69008,101.027,-0.121494,6.50687,120.374,1951.21,65,65,0.00187766865892365444,-1.54067606224808167e-05,20945344.3998321481,0.216629110784668011
5.2,0.2341843493136442,0.8863697398061194,-0.3028665471199304,0.2052689186863906,0.06528727832102316,-0.1345295411550877,0.2383363726974893,0.886465320095375,-0.3024106198419501,11.31451254,2503963.762,132.948849957,1529.80657074,132.6125426588391,-0.1559586299690956,9.449122248672616,-1.509507238497924,-0.160342534282372,0.2924321995943302,1.46490636214785,-0.9075538179587367,-1.568263852048062,2.110958091301515,-0.001458383206905772,-33.58524542864669,132.6125426588397,-0.1559586299690838,9.449122248672666,4.414384344212323,1524.024048036759,132.8132451848726,4.990723531807321,-3.336358328929709,132.8132451848727,132.8130772320777,-3.336356878806627,-4.995192061420264, 1337.930962, 2.857725524,-7.063917207, 2.857725524, 1379.179417, 7.371507843,-7.063917207, 7.371507843, 2338.252732,55.13760484,1774,40.97745208568207,-1.499436302142052,36.83934611048478,19698.43950747,22979.279402485,-1.615835208826412,6.229159108261253,358.5133168897418,0.998349522679514,-0.0133735301126477,0.05450558574367927,-0.01218689380650574,0.7444697590897466,-0.0008388715563044208,-0.6674109693735668,-0.01807407135104687,-0.7444731659241549,0.0007125771078517093,0.6674111161641806,0.01793319472971314,4.0756429274646,-0.067212114495166,0.0019144215574614,0.0019273115794868,-1.6648071923477e-05,20945343.25547161,7920.905126770409,699.845955141389,20945344.7531959,-6.085956223592802,699.845955141389,0.021684204746328,22979.279402485,-3280.839895008,6.26023779,9.84848485,9.84848485,0.465570439,3.13289668,699.209777,179.51498,3.13289668,-3.12734111,0,1,-0.523,0,0.0282016446,0.174,0.348,0,0.169948951,0.424872377,0.424964451,0,0,-0.0153398438,-1,-1.35177814,0,358.539725,-358.539725,360,1.46027452,0.0254817904,0.0140517834,0.042253428,0,0,0,-100,-99.9837537,-2.7995451,-7.79473716,0,0,0,-0,-0.144852003,-0.0707746885,-0.0436758056,0.0381792232,0.00999341167,0.00764412031,-0.0133245489,-0.0110254938,0.0186696141,0.00933480703,0.00558046511,0.00155806586,0,0,20809.2,37.8349,1.29953,8.7238,101.791,-0.135964,6.54816,120.659,1952.3,65,65,0.00191402048982622017,-1.63065541539075415e-05,20945344.8912362047,0.238336372697489252
5.3,0.2535359705422289,0.8940167125763039,-0.3172769260447419,0.1779781205323647,0.08899733134238552,-0.1541195787204584,0.257687228815391,0.8941147280535801,-0.3168145937289625,11.28875212,2501098.372,132.798555499,1529.70356085,132.4598052312418,-0.16976051058084,9.477738233719123,-1.545291625031891,-0.1113147907155007,0.2831562612522909,1.48403518572303,-0.8924233921912614,-1.607633336139832,2.125715401582014,0.0001528487863355658,-33.60490477868293,132.4598052312423,-0.1697605105808278,9.477738233719174,4.561861086842383,1523.934044778759,132.6544408485429,5.149254231300798,-3.426491876281829,132.654440848543,132.6542642751796,-3.426490296962637,-5.153802131632006, 1337.930962, 2.857725524,-7.063917207, 2.857725524, 1379.179417, 7.371507843,-7.063917207, 7.371507843, 2338.252732,55.13760484,1774,40.97745208568207,-1.499436302142052,36.83934611048478,19698.946941305,22979.786836314,-1.595195356950831,6.317255644284825,358.4797165004413,0.998306380079329,-0.01316696007946635,0.05527474198264684,-0.01247820315285664,0.7449829250471163,-0.0004868161780414283,-0.6668368336808955,-0.01813399141638194,-0.7449864088096591,0.0003581990540755708,0.6668369151726613,0.01799030142422102,4.092641674718,-0.073242991211889,0.0019507308089348,0.001963865305034,-1.7573091342954e-05,20945343.70426799,8073.303018795826,713.119372243936,20945345.26017891,-6.424111314914626,713.119372243936,0.022102012159552,22979.786836314,-3280.8398950131,6.25965135,9.84848485,9.84848485,0.465560584,3.13258437,712.473081,179.497085,3.13258437,-3.12706698,0,1,-0.523,0,0.0278414112,0.174,0.348,0,0.169606551,0.424016377,0.424097259,0,0,-0.0138058594,-1,-1.32855884,0,358.506123,-358.506123,360,1.49387738,0.0260681604,0.0146235486,0.0424649597,0,0,0,-100,-99.9852998,-2.79958839,-7.95339052,0,0,0,-0,-0.146050668,-0.0713603564,-0.0442633288,0.0379306055,0.009928336,0.00764412031,-0.0132377813,-0.0110254938,0.0186696141,0.00933480703,0.00609358956,0.00170133021,0,0,20985.1,38.1548,1.29953,8.75882,102.579,-0.147525,6.59155,121.004,1953.72,65,65,0.00195032942773635349,-1.72311849847576939e-05,20945345.3983932026,0.257687228815391023
5.4,0.2698912878442187,0.9037123622849326,-0.3332297067077221,0.1450372020522643,0.1050899405193683,-0.1644338656550659,0.2740417600248293,0.9038129399061574,-0.3327609122169456,11.26240751,2498164.548,132.644681169,1529.60177708,132.3035133418651,-0.1784963648150062,9.505784497401704,-1.580603649580019,-0.05912629301074468,0.2808973321153694,1.50074515510525,-0.8769204952117562,-1.645997357543973,2.141755710765754,0.00106170155193963,-33.62204946703161,132.3035133418656,-0.1784963648149938,9.505784497401756,4.711113971894252,1523.84557541627,132.4917511429466,5.309559710528148,-3.515095620347822,132.4917511429467,132.4915656888322,-3.515093903875153,-5.314186544822, 1337.930962, 2.857725524,-7.063917207, 2.857725524, 1379.179417, 7.371507843,-7.063917207, 7.371507843, 2338.252732,55.13760484,1774,40.97745208568207,-1.499436302142052,36.83934611048478,19699.470326867,22980.310221877,-1.572970852225566,6.406185449464572,358.4445926261055,0.9982621305050201,-0.0129452932698125,0.05605100566902549,-0.01278369841741982,0.7455003347002718,-0.000114054919782792,-0.6662568896375514,-0.01819326698956866,-0.7455038956905283,-1.687955067096955e-05,0.6662568991861246,0.01804675905022277,4.1095435190593,-0.077101406243979,0.0019869960826642,0.0020003747567078,-1.8522558251309e-05,20945344.16790286,8225.691986881302,726.3767138077262,20945345.78310573,-6.77120358006141,726.3767138077262,0.022519819572776,22980.310221877,-3280.8398950182,6.25903833,9.84848485,9.84848485,0.46555042,3.13227097,725.720474,179.479127,3.13227097,-3.12676735,0,1,-0.523,0,0.0274535204,0.174,0.348,0,0.169315433,0.423288583,0.423355645,0,0,-0.0153398438,-1,-1.30489843,0,358.470996,-358.470996,360,1.52900385,0.0266811171,0.0151966682,0.0426501886,0,0,0,-100,-99.9866987,-2.79962756,-8.11381411,0,0,0,-0,-0.147229247,-0.0719362099,-0.0448407362,0.0376475221,0.0098542389,0.00764412031,-0.0131389852,-0.0110254938,0.0186696141,0.00933480703,0.00643515876,0.00179669633,0,0,21169.9,38.4907,1.29953,8.79518,103.391,-0.155758,6.63765,121.408,1955.45,65,65,0.00198659439497138714,-1.81802413882764891e-05,20945345.9214960597,0.274041760024829328
5.5,0.2827623178102441,0.9146156136026191,-0.3497991456082197,0.1082291899384875,0.1121959784018782,-0.165591157886091,0.2869119808267311,0.9147188861926892,-0.3493238193242453,11.23549632,2495164.005,132.487318288,1529.50125363,132.1437211742171,-0.1819612016697789,9.53380046913556,-1.615294344189173,-0.006210054711409674,0.2823132700296149,1.516392848525918,-0.8612846494915365,-1.683483637931366,2.159199559203638,0.001258608692277833,-33.63803697565247,132.1437211742176,-0.1819612016697661,9.533800469135613,4.861976576484059,1523.758664951587,132.325269840464,5.47147360140605,-3.602144543318071,132.3252698404639,132.3250752484104,-3.602142681538078,-5.476178926751453, 1337.930962, 2.857725524,-7.063917207, 2.857725524, 1379.179417, 7.371507843,-7.063917207, 7.371507843, 2338.252732,55.13760484,1774,40.97745208568207,-1.499436302142052,36.83934611048478,19700.009832121,22980.849727138,-1.549502976397108,6.496115664715653,358.4078296589835,0.9982166020561362,-0.01271138859721725,0.05683586134836962,-0.01310423001251512,0.7460229162609038,0.0002779920425822554,-0.6656699659729157,-0.01825452096380148,-0.7460265552963765,-0.0004112382324838552,0.6656698969918008,0.01810519026864226,4.1265804846782,-0.078691397057366,0.0020232163288321,0.0020368388776215,-1.949605019957e-05,20945344.64654435,8378.072185866038,739.6175960909211,20945346.32214438,-7.12707858788599,739.6175960909211,0.022937626986,22980.849727138,-3280.8398950167,6.25839669,9.84848485,9.84848485,0.465539943,3.13195672,738.951576,179.46112,3.13195672,-3.12643997,0,1,-0.523,0,0.0270439287,0.174,0.348,0,0.169084419,0.422711047,0.422762392,0,0,-0.0153398438,-1,-1.2812156,0,358.43423,-358.43423,360,1.56576952,0.0273226781,0.0157724292,0.0428163579,0,0,0,-100,-99.9879645,-2.79966301,-8.27584193,0,0,0,-0,-0.148389904,-0.0725033069,-0.045409261,0.0373365736,0.00977284813,0.00764412031,-0.0130304642,-0.0110254938,0.0186696141,0.00933480703,0.00659621524,0.00184166329,0,0,21363.5,38.8427,1.29953,8.83288,104.229,-0.160404,6.68686,121.868,1957.5,65,65,0.00202281434124798555,-1.91533023629344281e-05,20945346.4607130177,0.286911980826731139
5.6,0.2918534458412724,0.9258367709547641,-0.3660897077304304,0.06960695754982488,0.110796957548247,-0.1581066576036181,0.2960022753297837,0.9259428701330821,-0.3656077738199041,11.20803505,2492098.338,132.326551666,1529.40200181,131.9804966670703,-0.1801885401356733,9.562024231534568,-1.649238355690293,0.04512510655577573,0.2847488942363512,1.531551366329438,-0.8457235412900115,-1.72017229445235,2.178081488634845,0.0007652169393015927,-33.65344292982046,131.9804966670708,-0.1801885401356602,9.562024231534622,5.014377338885029,1523.673316008114,132.1550802783475,5.634924388707455,-3.687636039265523,132.1550802783475,132.1548762911704,-3.687634023806187,-5.639707755984817, 1337.930962, 2.857725524,-7.063917207, 2.857725524, 1379.179417, 7.371507843,-7.063917207, 7.371507843, 2338.252732,55.13760484,1774,40.97745208568207,-1.499436302142052,36.83934611048478,19700.565613832,22981.405508846,-1.525163363794818,6.587128090545057,358.3694060819936,0.9981696688055282,-0.01246842168805351,0.05763004498606484,-0.01343981592787738,0.7465511011137477,0.000687091968412159,-0.6650754532426629,-0.01832001158690517,-0.746554819493802,-0.0008226440501524403,0.6650752993895303,0.01816785318275694,4.1438550918123,-0.078019459639235,0.002059390521736,0.0020732566351657,-2.0493141033759e-05,20945345.14034941,8530.443771943959,752.8416441672636,20945346.87745165,-7.491580552850792,752.8416441672636,0.023355434399224,22981.405508846,-3280.8398950152,6.25772607,9.84848485,9.84848485,0.46552915,3.13164185,752.166015,179.443078,3.13164185,-3.12608423,0,1,-0.523,0,0.0266191223,0.174,0.348,0,0.168919023,0.422297557,0.422332165,0,0,-0.0168738281,-1,-1.25789838,0,358.395804,-358.395804,360,1.60419593,0.027993219,0.0163521136,0.0429712359,0,0,0,-100,-99.9891098,-2.79969507,-8.43940283,0,0,0,-0,-0.149533416,-0.073062027,-0.0459693669,0.0370050419,0.00968606972,0.00764412031,-0.0129147596,-0.0110254938,0.0186696141,0.00933480703,0.00657602286,0.00183602558,0,0,21566,39.211,1.29953,8.87193,105.093,-0.161365,6.73939,122.383,1959.86,65,65,0.00205898824031633832,-2.01499440740729892e-05,20945347.0162013844,0.296002275329783737
5.7,0.2970784687067839,0.9365943637896261,-0.381272921723998,0.03127958572803972,0.102591456650775,-0.142828884282143,0.3012264398466351,0.9367034133910457,-0.3807843042234029,11.18003947,2488969.063,132.162462013,1529.30401342,131.8139188195349,-0.1734334573854497,9.590468792897051,-1.68234214357041,0.09279091991227151,0.2863921391517472,1.546218438320565,-0.8304112917859081,-1.756096199209493,2.19836918894466,-0.0003686798334332744,-33.66826808328557,131.8139188195354,-0.1734334573854362,9.590468792897106,5.168271280398965,1523.589512106357,131.9812601889267,5.799867132329567,-3.771586613715407,131.9812601889267,131.9810465486655,-3.771584435982316,-5.804728086298086, 1337.930962, 2.857725524,-7.063917207, 2.857725524, 1379.179417, 7.371507843,-7.063917207, 7.371507843, 2338.252732,55.13760484,1774,40.97745208568207,-1.499436302142052,36.83934611048478,19701.137823414,22981.977718427,-1.500333761646821,6.679221575672425,358.3293895170515,0.9981212559350241,-0.01221970994524392,0.0584335648608748,-0.01378969315083824,0.7470848422213696,0.001110359608259168,-0.6644732926857844,-0.01839154512061418,-0.7470886416664078,-0.00124821165903594,0.6644730480303938,0.01823655400271909,4.1613726803675,-0.075187824403453,0.0020955176575953,0.0021096270188008,-2.151340657792e-05,20945345.64946962,8682.806900588208,766.048491124479,20945347.44917901,-7.864554412548387,766.048491124479,0.023773241812448,22981.977718427,-3280.8398950104,6.25702765,9.84848485,9.84848485,0.465518039,3.13132656,765.363428,179.425012,3.13132656,-3.1257011,0,1,-0.523,0,0.026185764,0.174,0.348,0,0.168821118,0.422052796,0.422070567,0,0,-0.0184078125,-1,-1.23528215,0,358.355785,-358.355785,360,1.64421544,0.0286915594,0.0169369203,0.0431226843,0,0,0,-100,-99.9901462,-2.79972409,-8.60445218,0,0,0,-0,-0.150660125,-0.0736125372,-0.046521235,0.0366604906,0.00959588341,0.00764412031,-0.0127945112,-0.0110254938,0.0186696141,0.00933480703,0.00638158293,0.00178173795,0,0,21777.8,39.5959,1.29953,8.91237,105.983,-0.158697,6.7953,122.953,1962.5,65,65,0.00209511508778769187,-2.11697453682030857e-05,20945347.5881133713,0.301226439846635163
5.8,0.2985581382208057,0.9463086213635166,-0.3946176964921768,-0.004759065809394897,0.08988001293844777,-0.1208721787103484,0.3027052264916458,0.9464207316182244,-0.3941223242895388,11.15152504,2485777.664,131.995128321,1529.20726448,131.6440744289415,-0.1621468681089318,9.61900600945148,-1.714546302702532,0.1349965926734612,0.2862643955826414,1.560040233945948,-0.815487166597491,-1.79124942969083,2.219985818578329,-0.002069202136433629,-33.68216123648045,131.644074428942,-0.1621468681089179,9.619006009451535,5.323593702169826,1523.507221087089,131.8038860555049,5.966237164732998,-3.854028441905733,131.803886055505,131.8036625042926,-3.85402609309356,-5.971175244261742, 1337.930962, 2.857725524,-7.063917207, 2.857725524, 1379.179417, 7.371507843,-7.063917207, 7.371507843, 2338.252732,55.13760484,1774,40.97745208568207,-1.499436302142052,36.83934611048478,19701.726607073,22982.566502088,-1.475385452757103,6.77232714450449,358.2879280429838,0.9980713376447591,-0.01196853104847952,0.05924583346394668,-0.01415240098730084,0.747623705913455,0.001544444458362575,-0.6638638814805363,-0.01847040641522002,-0.747627588481194,-0.001684590555593287,0.6638635406450248,0.01831257760955063,4.179077256611,-0.070383912335758,0.0021315967536338,0.0021459490391325,-2.2556429394133e-05,20945346.17405134,8835.161724810936,779.2377777287114,20945348.03747271,-8.245847567794044,779.2377777287114,0.024191049225672,22982.566502088,-3280.8398950088,6.25630401,9.84848485,9.84848485,0.465506605,3.13101104,778.543458,179.406933,3.13101104,-3.12529297,0,1,-0.523,0,0.0257503339,0.174,0.348,0,0.168788949,0.421972372,0.421974095,0,0,-0.0199417969,-1,-1.21363323,0,358.31432,-358.31432,360,1.68567997,0.0294151155,0.0175278971,0.043278231,0,0,0,-100,-99.9910839,-2.79975035,-8.77092559,0,0,0,-0,-0.151770604,-0.0741551171,-0.0470651126,0.036310352,0.00950423463,0.00764412031,-0.0126723128,-0.0110254938,0.0186696141,0.00933480703,0.00602683653,0.00168269276,0,0,21998.8,39.9977,1.29953,8.9542,106.9,-0.152601,6.85452,123.577,1965.44,65,65,0.00213119390018551508,-2.22122923338464849e-05,20945348.1765961386,0.302705226491645774
5.9,0.2966025492391797,0.9546374436890053,-0.4055138041325856,-0.03675766990431129,0.0750503369180361,-0.0935477784611872,0.3007487310261401,0.9547527063626298,-0.405011614367613,11.12250724,2482525.631,131.824629779,1529.11171888,131.4710547910433,-0.1469430244934662,9.647444032735535,-1.745823312108834,0.1703055389567898,0.2840964206038947,1.57251443064154,-0.8010544496274257,-1.825600009096716,2.242831579594652,-0.004243188599532481,-33.69462169840993,131.4710547910438,-0.146943024493452,9.64744403273559,5.48023548380274,1523.426398654318,131.623036376743,6.133925390412251,-3.935005814246948,131.623036376743,131.6228026586789,-3.935003285362709,-6.138940128832042, 1337.930962, 2.857725524,-7.063917207, 2.857725524, 1379.179417, 7.371507843,-7.063917207, 7.371507843, 2338.252732,55.13760484,1774,40.97745208568207,-1.499436302142052,36.83934611048478,19702.332102463,22983.171997475,-1.450660040597678,6.866329765026964,358.2452386552365,0.9980199301584746,-0.01171795051747962,0.0600658571676323,-0.01452588878041544,0.748167001058872,0.001985728858723553,-0.6632479336841914,-0.01855731314397486,-0.7481709690412868,-0.002128163153903921,0.6632474919493028,0.01839664176885794,4.196884774295,-0.063866797046672,0.0021676268482133,0.0021822217280473,-2.3621802585155e-05,20945346.71423241,8987.508393771544,792.4091524735264,20945348.64247046,-8.635311272739273,792.4091524735264,0.024608856638896,22983.171997475,-3280.8398950105,6.25555894,9.84848485,9.84848485,0.465494848,3.13069547,791.705757,179.388851,3.13069547,-3.12486347,0,1,-0.523,0,0.025318794,0.174,0.348,0,0.168817413,0.422043532,0.42203079,0,0,-0.0199417969,-1,-1.19313798,0,358.271627,-358.271627,360,1.7283725,0.0301601002,0.018125884,0.0434446781,0,0,0,-100,-99.9919324,-2.79977411,-8.93871424,0,0,0,-0,-0.152866027,-0.0746903408,-0.0476015191,0.0359615373,0.0094129324,0.00764412031,-0.0125505765,-0.0110254938,0.0186696141,0.00933480703,0.0055316183,0.00154442783,0,0,22229.2,40.4167,1.29953,8.99744,107.845,-0.143405,6.91694,124.253,1968.66,65,65,0.0021672237150286754,-2.32771818928632905e-05,20945348.7817883566,0.300748731026140081
6,0.2916827226847092,0.9614671234037562,-0.4134884826260132,-0.06329258662231463,0.06020545448120578,-0.06229547030416503,0.2958279756975885,0.9615856080375594,-0.4129794224082942,11.09300176,2479214.481,131.651046999,1529.01733215,131.2949527542338,-0.1285622631121468,9.675589336786299,-1.776172222535677,0.1976719751167579,0.2801419332087605,1.583150111622224,-0.7871795013249479,-1.85910360962599,2.266801928879124,-0.006783485306759049,-33.70515885613615,131.2949527542343,-0.1285622631121322,9.675589336786356,5.638036666987189,1523.34699202292,131.4387935829978,6.302771870595684,-4.01457148391332,131.4387935829978,131.4385494464082,-4.01456876580653,-6.307862796133215, 1337.930962, 2.857725524,-7.063917207, 2.857725524, 1379.179417, 7.371507843,-7.063917207, 7.371507843, 2338.252732,55.13760484,1774,40.97745208568207,-1.499436302142052,36.83934611048478,19702.954433758,22983.794328778,-1.426452853444859,6.961091558933713,358.2015937111055,0.9979670820885391,-0.01147067009914056,0.06089243831486776,-0.01490764069978352,0.748713915153907,0.002430523437603507,-0.6626263305235675,-0.01865239683256803,-0.7487179709596865,-0.002575240203243402,0.6626257838970684,0.01848887813528291,4.2147099514244,-0.055951520474912,0.0022036070016798,0.0022184441395637,-2.4709132610998e-05,20945347.27013716,9139.847051744597,805.5622718887267,20945349.26429647,-9.032801664510771,805.5622718887267,0.02502666405212,22983.794328778,-3280.8398950155,6.2547972,9.84848485,9.84848485,0.465482763,3.13038001,804.849984,179.370775,3.13038001,-3.12441718,0,1,-0.523,0,0.0248962989,0.174,0.348,0,0.168898544,0.42224636,0.422221397,0,0,-0.0168738281,-1,-1.17389744,0,358.227979,-358.227979,360,1.77202066,0.0309217605,0.0187314709,0.0436277699,0,0,0,-100,-99.9927001,-2.7997956,-9.1076584,0,0,0,-0,-0.153948292,-0.0752191355,-0.0481313228,0.0356200948,0.00932355982,0.00764412031,-0.0124314131,-0.0110254938,0.0186696141,0.00933480703,0.00492042874,0.0013737837,0,0,22469.2,40.853,1.29953,9.04212,108.817,-0.131545,6.98242,124.982,1972.15,65,65,0.00220320359163086793,-2.43640244085804349e-05,20945349.4038151726,0.295827975697588452
6.1,0.2843954071550533,0.966872771744842,-0.4182162848153026,-0.08331551302973289,0.04694410411340697,-0.02861728155499771,0.2885397106600497,0.9669945230769066,-0.4177003114379743,11.06302458,2475845.769,131.474462504,1528.92405524,131.1158603705799,-0.1078309855388961,9.703289262243086,-1.805611760863088,0.2164581114499515,0.274974061926418,1.591575015534168,-0.7738912313907607,-1.891715721906218,2.291801055963879,-0.009574466267674719,-33.71339932776019,131.1158603705804,-0.1078309855388811,9.703289262243143,5.796793429432069,1523.268943642318,131.2512446412869,6.47257279847693,-4.092782944048874,131.2512446412868,131.2509898408707,-4.092780027443573,-6.477739434727031, 1337.930962, 2.857725524,-7.063917207, 2.857725524, 1379.179417, 7.371507843,-7.063917207, 7.371507843, 2338.252732,55.13760484,1774,40.97745208568207,-1.499436302142052,36.83934611048478,19703.593706869,22984.433601884,-1.402999797096002,7.056472621558682,358.1573061440144,0.9979128640792905,-0.01122890495068025,0.06172435633347177,-0.01529481068515281,0.7492636350685694,0.002875249375008012,-0.6619999850068404,-0.01875521143063992,-0.7492677810967906,-0.003022243024548906,0.6619993302527776,0.01858884079942049,4.2324848062149,-0.046992099812385,0.0022395362975497,0.0022546153510267,-2.5818041095826e-05,20945347.84187165,9292.177837456649,818.6968009739288,20945349.9030567,-9.438180423745507,818.6968009739288,0.025444471465344,22984.433601884,-3280.8398950139,6.25402423,9.84848485,9.84848485,0.46547035,3.13006479,817.975806,179.352713,3.13006479,-3.12395944,0,1,-0.523,0,0.0244869659,0.174,0.348,0,0.169022117,0.422555292,0.42252085,0,0,-0.0214757812,-1,-1.15592685,0,358.183689,-358.183689,360,1.81631149,0.0316946355,0.0193449684,0.0438319343,0,0,0,-100,-99.9933948,-2.79981505,-9.27755449,0,0,0,-0,-0.155019947,-0.0757427459,-0.0486557198,0.0352909341,0.00923740199,0.00764412031,-0.012316536,-0.0110254938,0.0186696141,0.00933480703,0.00422109196,0.00117852888,0,0,22718.9,41.3071,1.29953,9.08825,109.818,-0.11754,7.05083,125.763,1975.92,65,65,0.0022391326122642055,-2.54724452987135245e-05,20945350.0427833535,0.288539710660049742
6.2,0.2754245800512227,0.9710631555842796,-0.4195224337245337,-0.09616979504581143,0.03627826641291661,0.0059855627040662,0.2795679149366674,0.9711881921773089,-0.4189995137192212,11.03259195,2472421.083,131.294960596,1528.8318382,130.9338672479451,-0.08562076091509141,9.730454992593845,-1.834173120864152,0.2264331875967812,0.2692985336296374,1.597591012474126,-0.7611813066954982,-1.923400747387996,2.317750313357634,-0.0124975397794279,-33.7191425078785,130.9338672479456,-0.08562076091507599,9.730454992593904,5.956273151261537,1523.192194939009,131.0604805877788,6.643095567104448,-4.169698690180538,131.0604805877788,131.0602148862872,-4.169695565704923,-6.648337433499272, 1337.930962, 2.857725524,-7.063917207, 2.857725524, 1379.179417, 7.371507843,-7.063917207, 7.371507843, 2338.252732,55.13760484,1774,40.97745208568207,-1.499436302142052,36.83934611048478,19704.250005718,22985.08990073,-1.380468102358192,7.152347114300182,358.1127141577512,0.9978573591476485,-0.01099429414871061,0.06256050755879981,-0.01568436116129246,0.7498154390880025,0.003316599768359292,-0.6613697362256686,-0.01886476811497784,-0.7498196775991254,-0.00346586485281197,0.6613689708551922,0.01869554107025446,4.2501688066348,-0.037364028022002,0.0022754138437083,0.0022907344643143,-2.6948165612826e-05,20945348.42951997,9444.500883797005,831.8124136364286,20945350.55883512,-9.851315061510832,831.8124136364286,0.025862278878568,22985.08990073,-3280.8398950122,6.25324596,9.84848485,9.84848485,0.465457607,3.12974994,831.0829,179.334672,3.12974994,-3.12349602,0,1,-0.523,0,0.0240937136,0.174,0.348,0,0.169176316,0.422940789,0.422899939,0,0,-0.0199417969,-1,-1.13915944,0,358.139093,-358.139093,360,1.86090676,0.032472823,0.0199663938,0.0440601074,0,0,0,-100,-99.9940234,-2.79983265,-9.44817009,0,0,0,-0,-0.156083997,-0.0762626411,-0.0491761479,0.0349776266,0.00915539375,0.00764412031,-0.0122071917,-0.0110254938,0.0186696141,0.00933480703,0.00346336325,0.000966971019,0,0,22978.6,41.7793,1.29953,9.13585,110.848,-0.101967,7.1221,126.595,1979.96,65,65,0.00227500988336598034,-2.6602085649091237e-05,20945350.6987775117,0.279567914936667439
6.3,0.2655024827703815,0.9743223935921793,-0.4173800641525987,-0.1015820612794808,0.02865783923454385,0.04007122630569968,0.2696448314810933,0.9744507076427821,-0.4168501715995472,11.0017203,2468942.037,131.112626772,1528.74063379,130.7490595941861,-0.06280829352222383,9.757067660155856,-1.861893391081543,0.2277560118821366,0.26380482556959,1.601185745050465,-0.7490053923932345,-1.954137373139685,2.344592067899316,-0.01543641277174553,-33.72237237556491,130.7490595941866,-0.06280829352220801,9.757067660155915,6.116232746384452,1523.116689988883,130.8665953348541,6.814097102403078,-4.245374555108372,130.8665953348542,130.8663185041141,-4.245371213318943,-6.819413714645922, 1337.930962, 2.857725524,-7.063917207, 2.857725524, 1379.179417, 7.371507843,-7.063917207, 7.371507843, 2338.252732,55.13760484,1774,40.97745208568207,-1.499436302142052,36.83934611048478,19704.923390307,22985.763285321,-1.358951090666962,7.248613664988032,358.0681660375442,0.9978006545985679,-0.0107678461254675,0.0633999954486487,-0.0160731997312023,0.7503687549889556,0.003751674871950654,-0.6607362798483563,-0.01897959336062479,-0.7503730879792404,-0.003903206059240715,0.6607354020745743,0.01880750553128142,4.2677517369251,-0.027447015314127,0.0023112387733724,0.0023268006068065,-2.8099159454298e-05,20945349.03314228,9596.816317900062,844.9087930429333,20945351.23169178,-10.27207883525261,844.9087930429333,0.026280086291792,22985.763285321,-3280.8398950073,6.25246844,9.84848485,9.84848485,0.465444532,3.12943556,844.170951,179.316657,3.12943556,-3.12303289,0,1,-0.523,0,0.0237181709,0.174,0.348,0,0.169348414,0.423371035,0.423327009,0,0,-0.0214757812,-1,-1.1234537,0,358.094542,-358.094542,360,1.90545816,0.0332502449,0.0205954702,0.0443136411,0,0,0,-100,-99.9945921,-2.79984858,-9.61926229,0,0,0,-0,-0.157143663,-0.0767803938,-0.0496941697,0.034682286,0.00907808836,0.00764412031,-0.0121041178,-0.0110254938,0.0186696141,0.00933480703,0.00267754663,0.000747571019,0,0,23248.4,42.2698,1.29953,9.18493,111.908,-0.0854365,7.19618,127.478,1984.26,65,65,0.00231083453654204983,-2.77526018409082607e-05,20945351.3718581125,0.26964483148109325
6.4,0.2553723660994041,0.9769576213422839,-0.4119018514360036,-0.09963555193621884,0.02406639649431653,0.0723101530594679,0.2595137124788416,0.9770891796011526,-0.4113649659318784,10.97042607,2465410.254,130.927546909,1528.65040093,130.5615198648691,-0.04023781605568377,9.783171834144238,-1.888810206382736,0.2209429986810983,0.2590646748402747,1.602512146624434,-0.7372856195974905,-1.983920326948837,2.372289925145297,-0.0182819105799486,-33.72323721681629,130.5615198648696,-0.04023781605566756,9.783171834144298,6.27643644123689,1523.0423790052,130.6696841251539,6.985341643668869,-4.319860228825092,130.6696841251539,130.6693959463887,-4.319856660223587,-6.990732514112011, 1337.930962, 2.857725524,-7.063917207, 2.857725524, 1379.179417, 7.371507843,-7.063917207, 7.371507843, 2338.252732,55.13760484,1774,40.97745208568207,-1.499436302142052,36.83934611048478,19705.613896534,22986.453791552,-1.338466825741012,7.345200204398598,358.0240056432947,0.9977428358964723,-0.01054991829210934,0.06424217241607495,-0.01645830867853504,0.7509231852874358,0.004178088078346592,-0.6601001342068392,-0.0190978061015807,-0.7509276143724996,-0.004331880122139972,0.6600991428675581,0.01892285319260452,4.2852510722521,-0.017608647893676,0.0023470102456696,0.0023628129319687,-2.9270690421568e-05,20945349.65277464,9749.124261586732,857.9856318313224,20945351.92166262,-10.70035030642794,857.9856318313224,0.026697893705016,22986.453791552,-3280.8398950121,6.2516977,9.84848485,9.84848485,0.465431125,3.12912174,857.239655,179.298676,3.12912174,-3.12257596,0,1,-0.523,0,0.023360653,0.174,0.348,0,0.169525432,0.423813579,0.42376961,0,0,-0.0199417969,-1,-1.10860342,0,358.050378,-358.050378,360,1.94962181,0.0340209006,0.0212316388,0.0445922918,0,0,0,-100,-99.9951068,-2.79986299,-9.7905955,0,0,0,-0,-0.15820213,-0.0772975608,-0.0502113508,0.0344055261,0.00900564647,0.00764412031,-0.0120075286,-0.0110254938,0.0186696141,0.00933480703,0.00189317734,0.000528575112,0,0,23528.5,42.779,1.29953,9.23553,112.998,-0.0685621,7.27309,128.411,1988.83,65,65,0.00234660572921436281,-2.89236642292581683e-05,20945352.0620612763,0.259513712478841641
6.5,0.2457545172782357,0.9792581217027523,-0.403326654420012,-0.09073072311647025,0.02215289063581447,0.101530982995213,0.2498948463556095,0.9793928673956647,-0.4027827590405586,10.93872558,2461827.349,130.739806405,1528.56110773,130.3713268821376,-0.01868725672071037,9.808861123324277,-1.914957862892061,0.2068239703741097,0.2554777831733759,1.60184850022204,-0.72591432791346,-2.012759127500032,2.40082648157388,-0.02093618176702351,-33.72200988028302,130.3713268821381,-0.01868725672069377,9.808861123324338,6.436670423834502,1522.969221515813,130.4698419673415,7.156615394403891,-4.393196088601057,130.4698419673415,130.4695422308531,-4.393192283643777,-7.162080032362525, 1337.930962, 2.857725524,-7.063917207, 2.857725524, 1379.179417, 7.371507843,-7.063917207, 7.371507843, 2338.252732,55.13760484,1774,40.97745208568207,-1.499436302142052,36.83934611048478,19706.321537737,22987.161432749,-1.318960329907062,7.442064110083172,357.9805590802812,0.997683982479331,-0.01034022835421764,0.06508664097876656,-0.01683686276792085,0.7514785050919024,0.004594041215823858,-0.6594616365243369,-0.01921720902707593,-0.7514830314044488,-0.004750088920222904,0.6594605309776312,0.0190393867845288,4.3027058797044,-0.0081895558350764,0.0023827274457857,0.0023987706194997,-3.0462438702665e-05,20945350.28843055,9901.424832140139,871.0426321643953,20945352.62876105,-11.13601256465518,871.0426321643953,0.02711570111824,22987.161432749,-3280.8398950137,6.25093941,9.84848485,9.84848485,0.465417386,3.12880858,870.288715,179.280731,3.12880858,-3.12213084,0,1,-0.523,0,0.0230202005,0.174,0.348,0,0.169694732,0.42423683,0.42419601,0,0,-0.0214757812,-1,-1.09434962,0,358.006928,-358.006928,360,1.99307157,0.034779099,0.0218740822,0.0448942826,0,0,0,-100,-99.9955724,-2.79987603,-9.96195606,0,0,0,-0,-0.159262342,-0.0778155802,-0.0507291539,0.0341464911,0.00893784404,0.00764412031,-0.0119171254,-0.0110254938,0.0186696141,0.00933480703,0.00113781747,0.000317678636,0,0,23819,43.3073,1.29953,9.28764,114.118,-0.0519396,7.35288,129.396,1993.65,65,65,0.00238232264485430415,-3.01149549421240199e-05,20945352.7694003358,0.249894846355609518
6.6,0.2373166277133376,0.9814681283775282,-0.3920019267372902,-0.07553981419494871,0.02281585836469437,0.1267743998875164,0.2414559254666126,0.9816059839842479,-0.3914510062385563,10.90663489,2458194.916,130.549489436,1528.47273424,130.1785562803997,0.001160708847998571,9.834260290922854,-1.940468872054465,0.1864882094753454,0.2532536360887789,1.599541185434106,-0.7147553563790987,-2.040778346959375,2.430095717933959,-0.02331615563693075,-33.71904437025142,130.1785562804002,0.001160708848015547,9.834260290922916,6.596753010280008,1522.897189105898,130.2671623106319,7.327736690558087,-4.465410462140608,130.2671623106319,130.2668508149786,-4.465406411240849,-7.333274602563241, 1337.930962, 2.857725524,-7.063917207, 2.857725524, 1379.179417, 7.371507843,-7.063917207, 7.371507843, 2338.252732,55.13760484,1774,40.97745208568207,-1.499436302142052,36.83934611048478,19707.046307404,22987.886202419,-1.300308913783655,7.539188923229053,357.9381229710343,0.9976241652367949,-0.01013789360297193,0.06593322534172159,-0.01720633153581697,0.752034640225851,0.00499836909752988,-0.658820961226052,-0.01933538869328352,-0.7520392643316892,-0.00515666728286385,0.6588197412244022,0.01915469287138242,4.3201691378608,0.00050941385158103,0.0024183895847112,0.0024346728750773,-3.1674093939218e-05,20945350.94010364,10053.71814337834,884.0795056373789,20945353.35298058,-11.57895215547251,884.0795056373789,0.027533508531464,22987.886202419,-3280.8398950152,6.25019876,9.84848485,9.84848485,0.465403314,3.12849614,883.317845,179.262829,3.12849614,-3.12170263,0,1,-0.523,0,0.0226946718,0.174,0.348,0,0.169844549,0.424611373,0.424576528,0,0,-0.0214757812,-1,-1.08039374,0,357.964489,-357.964489,360,2.03551081,0.0355196636,0.022521757,0.0452164288,0,0,0,-100,-99.9959938,-2.79988783,-10.1331624,0,0,0,-0,-0.160326849,-0.0783356983,-0.0512488602,0.0339029489,0.00887409687,0.00764412031,-0.0118321292,-0.0110254938,0.0186696141,0.00933480703,0.000436005644,0.000121732776,0,0,24120.2,43.8549,1.29953,9.3413,115.269,-0.0361217,7.43564,130.43,1998.73,65,65,0.00241798449282350008,-3.13261649010808591e-05,20945353.4938685782,0.241455925466612598
6.7,0.2306478232444817,0.9841041997712193,-0.3783485361527251,-0.05496927279275051,0.0303953475877831,0.1475447349688512,0.2347860762660723,0.9842450704642132,-0.3777905748353854,10.87415462,2454512.808,130.356587771,1528.38526999,129.9831888365966,0.01874092502575664,9.859525538877149,-1.966782727190731,0.1611905289389438,0.2530919854090214,1.595888441774783,-0.7036089759984542,-2.069366491949347,2.458751809640813,-0.02535599762753204,-33.71481415794442,129.9831888365971,0.01874092502577398,9.859525538877211,6.756532413827668,1522.82627081189,130.0616457881656,7.498553772769052,-4.536514233966616,130.0616457881657,130.0613223393357,-4.536509927496033,-7.504164458854122, 1337.930962, 2.857725524,-7.063917207, 2.857725524, 1379.179417, 7.371507843,-7.063917207, 7.371507843, 2338.252732,55.13760484,1774,40.97745208568207,-1.499436302142052,36.83934611048478,19707.78818243,22988.628077443,-1.282330106338462,7.636588964887858,357.8969548570496,0.997563439493945,-0.009941492306888778,0.06678201206283745,-0.0175645603577696,0.7525916910225123,0.005390553436061694,-0.6581780862237414,-0.01944981625573434,-0.7525964128572054,-0.005551096893482498,0.65817675177324,0.01926624257537835,4.3377110202545,0.0082372201528947,0.0024539958899544,0.0024705189210076,-3.2905351308089e-05,20945351.60777097,10206.0043070876,897.0959698829068,20945354.09429818,-12.02905764791831,897.0959698829068,0.027951315944689,22988.628077443,-3280.8398950135,6.24948025,9.84848485,9.84848485,0.465388911,3.12818449,896.326765,179.244971,3.12818449,-3.12129576,0,1,-0.523,0,0.0223808825,0.174,0.348,0,0.169964446,0.424911114,0.424884696,0,0,-0.0214757812,-1,-1.06641165,0,357.923318,-357.923318,360,2.07668195,0.0362381001,0.0231734346,0.0455543171,0,0,0,-100,-99.996375,-2.7998985,-10.304063,0,0,0,-0,-0.16139781,-0.0788589701,-0.0517715538,0.033671439,0.00881349916,0.00764412031,-0.0117513322,-0.0110254938,0.0186696141,0.00933480703,-0.000191583307,-5.34900592e-05,0,0,24432.3,44.4223,1.29953,9.3965,116.451,-0.0215974,7.52146,131.516,2004.06,65,65,0.00245359049911863993,-3.25569898871798323e-05,20945354.2354424633,0.234786076266072313
6.8,0.2262408016526427,0.9874137985982343,-0.3628504018254927,-0.03005877620191717,0.03598011155404984,0.1630715901808396,0.2303779965683325,0.987557576072573,-0.362285379948076,10.84129094,2450781.508,130.161126472,1528.29872187,129.7852335504452,0.0336191720480663,9.884880694748077,-1.992219307489419,0.1323175257680399,0.2550317666955202,1.591634914990941,-0.6923730149294818,-2.096873575087951,2.488554791063203,-0.02700821384181992,-33.70983284204795,129.7852335504458,0.033619172048084,9.884880694748141,6.915911542411873,1522.756470206615,129.8533244582301,7.668969583208007,-4.606503773927643,129.85332445823,129.8529888676357,-4.606499202200739,-7.674652538293669, 1337.930962, 2.857725524,-7.063917207, 2.857725524, 1379.179417, 7.371507843,-7.063917207, 7.371507843, 2338.252732,55.13760484,1774,40.97745208568207,-1.499436302142052,36.83934611048478,19708.547126845,22989.387021858,-1.264791576244541,7.734329332929641,357.8572666055014,0.997501828987673,-0.009749141097088031,0.06763352485323483,-0.01790982216670227,0.7531500446002958,0.005770704696075202,-0.6575326579854369,-0.01955793875870837,-0.7531548634263003,-0.005933488105164167,0.6575312091976995,0.01937148283502671,4.3554308657358,0.01479886309157,0.0024895455856874,0.0025063079762387,-3.4155906723553e-05,20945352.29139672,10358.28343477758,910.0917413133266,20945354.8526779,-12.48621788061246,910.0917413133266,0.028369123357913,22989.387021858,-3280.8398950149,6.24878755,9.84848485,9.84848485,0.465374177,3.12787369,909.315194,179.227163,3.12787369,-3.12091386,0,1,-0.523,0,0.0220747774,0.174,0.348,0,0.170045644,0.425114109,0.425098132,0,0,-0.0214757812,-1,-1.05206713,0,357.883627,-357.883627,360,2.11637313,0.0369307111,0.0238277463,0.0459025237,0,0,0,-100,-99.99672,-2.79990816,-10.4745607,0,0,0,-0,-0.162476726,-0.0793861286,-0.0522980399,0.033447462,0.00875487319,0.00764412031,-0.0116731643,-0.0110254938,0.0186696141,0.00933480703,-0.000728665426,-0.000203443387,0,0,24755.4,45.0098,1.29953,9.45328,117.665,-0.00877817,7.61052,132.652,2009.64,65,65,0.00248913988644021379,-3.38071257581275139e-05,20945354.9940853603,0.230377996568332549
6.9,0.2244776045345659,0.9911774016630722,-0.3460482023892274,-0.001968858938467402,0.03923473047577193,0.1730394954434224,0.2286137279138449,0.9913239683704219,-0.345476096589419,10.80806293,2447002.958,129.963208062,1528.21311706,129.5847813661658,0.04550562363184341,9.910490268235836,-2.016719366559443,0.1013613088434492,0.2581386571919637,1.587220304330565,-0.6808793306587041,-2.123325880250033,2.519562166762396,-0.02824515287621476,-33.70452881192411,129.5847813661663,0.04550562363186145,9.9104902682359,7.074854433465679,1522.68780459138,129.6423053383529,7.838948200612508,-4.675361750811589,129.642305338353,129.6419574203655,-4.675356904061134,-7.844702917980793, 1337.930962, 2.857725524,-7.063917207, 2.857725524, 1379.179417, 7.371507843,-7.063917207, 7.371507843, 2338.252732,55.13760484,1774,40.97745208568207,-1.499436302142052,36.83934611048478,19709.323098313,22990.162993328,-1.247422463057006,7.832470195692272,357.8192190131193,0.9974393539978491,-0.009558597748244238,0.0684882407999232,-0.01824086559273922,0.7537100526646003,0.006139523459446334,-0.6568843535029169,-0.01965728585210388,-0.7537149670547857,-0.006304541390708122,0.6568827904452261,0.01946794319771324,4.3733997840466,0.020061679535046,0.0025250379193398,0.0025420392831324,-3.5425453398621e-05,20945352.99093871,10510.55563894115,923.0665448425614,20945355.62807748,-12.95032070469824,923.0665448425614,0.028786930771137,22990.162993328,-3280.8398950164,6.2481235,9.84848485,9.84848485,0.465359113,3.12756381,922.282857,179.209406,3.12756381,-3.12055969,0,1,-0.523,0,0.0217716291,0.174,0.348,0,0.170081274,0.425203184,0.425199163,0,0,-0.0230097656,-1,-1.03702564,0,357.845576,-357.845576,360,2.15442352,0.0375946905,0.0244832313,0.0462548605,0,0,0,-100,-99.9970321,-2.7999169,-10.6446198,0,0,0,-0,-0.163564229,-0.0799174822,-0.0528286862,0.033225699,0.00869682671,0.00764412031,-0.0115957689,-0.0110254938,0.0186696141,0.00933480703,-0.00116386606,-0.000324951405,0,0,25089.7,45.6177,1.29953,9.51163,118.91,0.00201562,7.703,133.839,2015.47,65,65,0.00252463190113858069,-3.50762650584759487e-05,20945355.7697541974,0.228613727913844877
7,0.225623007616012,0.9951664272435674,-0.3285024982525507,0.02811669266834144,0.04033434617270212,0.1773919791057914,0.2297580460505995,0.9953156608069483,-0.3279232833161577,10.77448939,2443179.076,129.762933865,1528.12849956,129.3819281252284,0.0542607144164764,9.936434758855325,-2.040238061610487,0.0698259330519676,0.2616755420779455,1.582869985873543,-0.6689579876585953,-2.148738177984568,2.551802505752729,-0.02905928268610655,-33.69911750246223,129.3819281252289,0.05426071441649476,9.936434758855391,7.233357885304348,1522.620308255032,129.4286930700005,8.008486473950354,-4.74305386138861,129.4286930700006,129.428332640567,-4.743048729753299,-8.014312445481195, 1337.930962, 2.857725524,-7.063917207, 2.857725524, 1379.179417, 7.371507843,-7.063917207, 7.371507843, 2338.252732,55.13760484,1774,40.97745208568207,-1.499436302142052,36.83934611048478,19710.116052721,22990.955947728,-1.229925619032491,7.931047804725552,357.7829183541007,0.9973760401586182,-0.009367367373233232,0.06934642664985242,-0.01855694093609905,0.7542719219708302,0.006498243702155405,-0.6562330022844213,-0.01974556324829266,-0.754276929817324,-0.006665490651158493,0.6562313248335658,0.01955332930511365,4.3916521367,0.023958382624544,0.0025604721672052,0.0025777121131091,-3.6713677486041e-05,20945353.70635295,10662.82103465003,936.0201159359261,20945356.42045285,-13.42125139034397,936.0201159359261,0.029204738184361,22990.955947728,-3280.8398950146,6.24748993,9.84848485,9.84848485,0.465343719,3.12725491,935.229493,179.191706,3.12725491,-3.12023502,0,1,-0.523,0,0.0214662516,0.174,0.348,0,0.170066508,0.42516627,0.425175205,0,0,-0.0230097656,-1,-1.02096636,0,357.809273,-357.809273,360,2.19072686,0.0382281837,0.0251383866,0.0466046382,0,0,0,-100,-99.9973145,-2.79992481,-10.8142373,0,0,0,-0,-0.164660474,-0.0804531074,-0.0533635997,0.0330002521,0.00863781599,0.00764412031,-0.011517088,-0.0110254938,0.0186696141,0.00933480703,-0.00149100964,-0.00041628989,0,0,25435.6,46.2465,1.29953,9.57158,120.188,0.0105671,7.79901,135.077,2021.55,65,65,0.00256006581894270471,-3.63640927219223433e-05,20945356.5624041334,0.22975804605059949
7.1,0.229823217600098,0.9991859140095657,-0.3107680762239616,0.05901498590119111,0.03977767524180625,0.1763237532916053,0.2339571577671737,0.9993376915901142,-0.3101817267415047,10.7405889,2439311.768,129.560404432,1528.04493001,129.1767733559551,0.05989335653285188,9.96273228949104,-2.062747226440685,0.03916255059023188,0.2651414891477195,1.578652778147877,-0.6564450703263696,-2.173115382844149,2.585281087051825,-0.02946242983415221,-33.69365909402737,129.1767733559556,0.05989335653287055,9.962732289491106,7.391432869929163,1522.554032243215,129.2125913358247,8.177595435848843,-4.809529052907847,129.2125913358247,129.2122182118314,-4.809523626429416,-8.183492152309553, 1337.930962, 2.857725524,-7.063917207, 2.857725524, 1379.179417, 7.371507843,-7.063917207, 7.371507843, 2338.252732,55.13760484,1774,40.97745208568207,-1.499436302142052,36.83934611048478,19710.925946474,22991.765841487,-1.211989883761042,8.030075691625633,357.7484154872838,0.9973119163508121,-0.009172806973132325,0.07020815091297893,-0.01885780109888388,0.7548357213922275,0.006848559527156644,-0.6555785763061424,-0.01982072730981699,-0.7548408199377541,-0.007018029948856495,0.6555767840114706,0.01962559748170296,4.4101948416234,0.026486770302086,0.0025958476340488,0.0026133257662524,-3.8020253450424e-05,20945354.437596,10815.0797412477,948.9522004667031,20945357.22976047,-13.89889093495003,948.9522004667031,0.029622545597585,22991.765841487,-3280.839895016,6.24688774,9.84848485,9.84848485,0.465327997,3.12694704,948.154848,179.174066,3.12694704,-3.1199407,0,1,-0.523,0,0.021153214,0.174,0.348,0,0.169998588,0.424996471,0.425018845,0,0,-0.0230097656,-1,-1.00359236,0,357.774768,-357.774768,360,2.22523227,0.038830303,0.0257917156,0.0469449296,0,0,0,-100,-99.9975701,-2.79993196,-10.9834241,0,0,0,-0,-0.165765399,-0.0809929742,-0.0539027625,0.0327648886,0.00857620959,0.00764412031,-0.0114349461,-0.0110254938,0.0186696141,0.00933480703,-0.0017091323,-0.000477189738,0,0,25793,46.8964,1.29953,9.63313,121.499,0.0167686,7.89862,136.365,2027.87,65,65,0.00259544094455479079,-3.76702815184750729e-05,20945357.3719908856,0.233957157767173712
7.2,0.2371073113804055,1.003098718561345,-0.2933696424433827,0.0895751101264055,0.03820998793676009,0.1702605618089387,0.2412401400626255,1.003252920988208,-0.2927761341035376,10.70637984,2435402.922,129.355719627,1527.96248477,128.9694186063772,0.06255287758161998,9.989361927058113,-2.084235453764705,0.01070957900146885,0.2682648454759295,1.574541569459363,-0.6431894555947462,-2.196456261292617,2.619986489802284,-0.02948421695014758,-33.68811910370798,128.9694186063777,0.06255287758163895,9.98936192705818,7.549091931188844,1522.489043407596,128.9941036722686,8.346287700989269,-4.874720467835772,128.9941036722687,128.9937176714414,-4.87471473646394,-8.352254652355182, 1337.930962, 2.857725524,-7.063917207, 2.857725524, 1379.179417, 7.371507843,-7.063917207, 7.371507843, 2338.252732,55.13760484,1774,40.97745208568207,-1.499436302142052,36.83934611048478,19711.75273725,22992.592632263,-1.19330204421221,8.129549334857693,357.7157074087054,0.9972470109899216,-0.008972227975047913,0.07107332616722541,-0.01914368053322956,0.7554014092096996,0.007192537775040867,-0.6549211574737146,-0.01988104266996062,-0.7554065950985916,-0.007364226112170964,0.6549192494347104,0.01968301235068321,4.4290175162142,0.027706668339377,0.0026311636529646,0.0026488795711654,-3.934483959999e-05,20945355.18462566,10967.33188398322,961.8625546640071,20945358.05595805,-14.38311442971099,961.8625546640071,0.030040353010809,22992.592632263,-3280.8398950141,6.24631688,9.84848485,9.84848485,0.465311947,3.12664027,961.058679,179.156488,3.12664027,-3.11967661,0,1,-0.523,0,0.0208270496,0.174,0.348,0,0.169876805,0.424692013,0.424727803,0,0,-0.0230097656,-1,-0.984639736,0,357.742057,-357.742057,360,2.25794275,0.0394011011,0.026441775,0.0472688247,0,0,0,-100,-99.9978013,-2.79993844,-11.1521931,0,0,0,-0,-0.166878908,-0.0815370343,-0.0544461257,0.0325132798,0.00851035099,0.00764412031,-0.0113471347,-0.0110254938,0.0186696141,0.00933480703,-0.00182227158,-0.000508778225,0,0,26162.3,47.5677,1.29953,9.69628,122.842,0.0206231,8.00187,137.705,2034.43,65,65,0.00263075661145911787,-3.89944876753244325e-05,20945358.1984714717,0.24124014006262548
7.3,0.2473920141689628,1.006833333718897,-0.2767800232099759,0.118713819324462,0.03627844841220518,0.1598284673821574,0.2515237182191723,1.006989849210307,-0.276179333608828,10.6718804,2431454.419,129.148978601,1527.88125433,128.7599658430117,0.06251531056071347,10.01628481917507,-2.104706510211908,-0.01435934439192443,0.270965348190483,1.570467200820957,-0.6290583363924707,-2.218757944860975,2.655896967385986,-0.02916980768176113,-33.68242226166143,128.7599658430123,0.06251531056073271,10.01628481917514,7.706342376198228,1522.425422838848,128.7733338607558,8.514570657379583,-4.938547007294306,128.7733338607558,128.7729348018749,-4.938540960897165,-8.52060733317005, 1337.930962, 2.857725524,-7.063917207, 2.857725524, 1379.179417, 7.371507843,-7.063917207, 7.371507843, 2338.252732,55.13760484,1774,40.97745208568207,-1.499436302142052,36.83934611048478,19712.596383747,22993.43627876,-1.173558174054242,8.229452523718024,357.6847411045655,0.9971813476728493,-0.008762994396210731,0.07194176603143587,-0.01941525387035165,0.755968870320386,0.007532519359317732,-0.6542608942587304,-0.01992512239328529,-0.7559741396658909,-0.007706420061260199,0.654258869022019,0.0197241869866435,4.4481017424326,0.027734354764262,0.0026664195853991,0.0026843728849946,-4.0687073964479e-05,20945355.94740077,11119.57759551807,974.7509451215055,20945358.89900437,-14.87378955271743,974.7509451215055,0.030458160424033,22993.43627876,-3280.8398950089,6.24577642,9.84848485,9.84848485,0.465295571,3.12633467,973.940755,179.138977,3.12633467,-3.11944174,0,1,-0.523,0,0.0204824541,0.174,0.348,0,0.169702422,0.424256055,0.424304754,0,0,-0.02454375,-1,-0.963885234,0,357.711089,-357.711089,360,2.28891134,0.0399415029,0.0270872161,0.0475696702,0,0,0,-100,-99.9980106,-2.7999443,-11.3205516,0,0,0,-0,-0.168000963,-0.0820852706,-0.0549936654,0.03223923,0.00843861845,0.00764412031,-0.0112514913,-0.0110254938,0.0186696141,0.00933480703,-0.00183905124,-0.000513463107,0,0,26543.5,48.2609,1.29953,9.76105,124.218,0.0222411,8.10876,139.097,2041.24,65,65,0.00266601218187348474,-4.03363468553217418e-05,20945359.0418039933,0.251523718219172299
7.4,0.2604901395207864,1.010379135498036,-0.2614018273858456,0.145452680446793,0.03453059681057372,0.1458149354793258,0.2646207057731199,1.010537862827027,-0.2607939363391841,10.6371085,2427468.117,128.940279603,1527.80134127,128.5485160560966,0.060164919637959,10.04346076076468,-2.124176675477407,-0.03507740268473014,0.2733001206738415,1.566359839518086,-0.6139413758990935,-2.240020205875822,2.692985849358814,-0.02857709736047422,-33.67649389104196,128.5485160560971,0.06016491963797852,10.04346076076475,7.863184263423905,1522.363263815059,128.5503858716417,8.682444453950806,-5.000915381325504,128.5503858716417,128.5499735748676,-5.000909009702768,-8.688550343561321, 1337.930962, 2.857725524,-7.063917207, 2.857725524, 1379.179417, 7.371507843,-7.063917207, 7.371507843, 2338.252732,55.13760484,1774,40.97745208568207,-1.499436302142052,36.83934611048478,19713.456845067,22994.296740082,-1.152474014239431,8.329763940943227,357.6554194433073,0.9971149410375212,-0.008542613912307231,0.0728132438423728,-0.01967357691008337,0.7565379548017924,0.007871013145802165,-0.6535979572809241,-0.01995195064605785,-0.7565433032658369,-0.008047120676706081,0.653595812760878,0.01974810557693183,4.4674283861181,0.026734827206088,0.0027016148212207,0.0027198050935,-4.2046570670392e-05,20945356.72588053,11271.81701725095,987.6171488226881,20945359.75885856,-15.37077524386768,987.6171488226881,0.030875967837257,22994.296740082,-3280.8398950136,6.24526466,9.84848485,9.84848485,0.465278868,3.12603032,986.800853,179.121537,3.12603032,-3.11923434,0,1,-0.523,0,0.0201144661,0.174,0.348,0,0.169478532,0.423696331,0.423756994,0,0,-0.0230097656,-1,-0.94115198,0,357.681765,-357.681765,360,2.31823516,0.0404532035,0.0277268205,0.0478412866,0,0,0,-100,-99.9981999,-2.7999496,-11.4884999,0,0,0,-0,-0.169131629,-0.0826377139,-0.0555454043,0.0319368873,0.00835948025,0.00764412031,-0.0111459737,-0.0110254938,0.0186696141,0.00933480703,-0.00177208906,-0.000494767265,0,0,26936.8,48.9761,1.29953,9.82743,125.626,0.021833,8.21929,140.54,2048.28,65,65,0.00270120704673269168,-4.16954706405959463e-05,20945359.901947014,0.264620705773119913
7.5,0.2761226876356769,1.013772564888984,-0.2475532227612042,0.1689554270835092,0.03249587235139807,0.1291692999000956,0.2802521027749672,1.013933415879204,-0.2469381121850946,10.60208169,2423445.841,128.729718937,1527.7228578,128.3351674331038,0.05597203780909688,10.07085918526032,-2.143111983933523,-0.05071520095887816,0.2754043121786474,1.562110837379521,-0.5977354424269016,-2.260684185901913,2.730785012104064,-0.02777350687002688,-33.6702863420355,128.3351674331043,0.05597203780911665,10.07085918526039,8.019611693434818,1522.302669434601,128.3253627113555,8.849903290539137,-5.061722476418359,128.3253627113556,128.3249369985152,-5.061715769315289,-8.856077883516999, 1337.930962, 2.857725524,-7.063917207, 2.857725524, 1379.179417, 7.371507843,-7.063917207, 7.371507843, 2338.252732,55.13760484,1774,40.97745208568207,-1.499436302142052,36.83934611048478,19714.334079977,22995.17397499,-1.129794054743496,8.430462899796067,357.6276087503815,0.9970477934859727,-0.008308818972373965,0.07368754369613488,-0.01992001345551076,0.7571085116872627,0.008210586860742525,-0.6529325009000438,-0.01996088831978219,-0.7571139345685182,-0.008388895697560017,0.6529302343261176,0.01975412903659608,4.4869825277981,0.024912364174573,0.0027367487787189,0.0027551756110538,-4.342291692766e-05,20945357.52002382,11424.05030041893,1000.460953140498,20945360.63547944,-15.8739206032933,1000.460953140498,0.031293775250481,22995.17397499,-3280.8398950084,6.24477927,9.84848485,9.84848485,0.465261841,3.12572728,999.63876,179.104173,3.12572728,-3.11905199,0,1,-0.523,0,0.0197186261,0.174,0.348,0,0.169209857,0.423024642,0.423095942,0,0,-0.0214757812,-1,-0.916313131,0,357.653952,-357.653952,360,2.3460479,0.0409385359,0.0283595281,0.0480781542,0,0,0,-100,-99.9983712,-2.79995439,-11.6560323,0,0,0,-0,-0.170271052,-0.0831944362,-0.0561014086,0.0316009309,0.00827154368,0.00764412031,-0.0110287249,-0.0110254938,0.0186696141,0.00933480703,-0.00163726247,-0.000457123681,0,0,27342.4,49.7135,1.29953,9.89541,127.067,0.019695,8.33218,142.011,2055.56,65,65,0.0027363406255973919,-4.30714436309718169e-05,20945360.7788587958,0.280252102774967204
7.6,0.2939364461869978,1.016672676993265,-0.2354381626707211,0.1886114568295464,0.0252203028486095,0.1111065956712271,0.2980646967358058,1.016835578220668,-0.2348158170666761,10.5667779,2419384.894,128.517152745,1527.64591306,128.1197779247798,0.05046696202669576,10.09844083190015,-2.164559530190215,-0.06084405765112755,0.2766844097294694,1.55709562712908,-0.5802511801691037,-2.283789897202467,2.76617358874936,-0.02683195384575748,-33.66363176999916,128.1197779247803,0.05046696202671579,10.09844083190022,8.175575903142498,1522.243759930277,128.0981303779858,9.01689851662705,-5.120848020583932,128.0981303779859,128.097691074677,-5.120840967735733,-9.023141291384903, 1337.930962, 2.857725524,-7.063917207, 2.857725524, 1379.179417, 7.371507843,-7.063917207, 7.371507843, 2338.252732,55.13760484,1774,40.97745208568207,-1.499436302142052,36.83934611048478,19715.228045121,22996.067940134,-1.105298818799874,8.531520786444107,357.6011485444333,0.9969799016488192,-0.008059636598193084,0.07456438669521785,-0.02015614553881964,0.7576803413846133,0.008553754255517566,-0.6522647199367673,-0.01995165890954283,-0.7576858337095225,-0.008734258901443932,0.6522623278309855,0.01974198089991305,4.506753664217,0.022499284659942,0.002771820880597,0.0027904838564717,-4.4815669702852e-05,20945358.32978737,11576.27760731264,1013.282147061095,20945361.52882371,-16.38306367519544,1013.282147061095,0.031711582663705,22996.067940134,-3280.8398950097,6.24431745,9.84848485,9.84848485,0.465244489,3.12542565,1012.45426,179.08689,3.12542565,-3.11889181,0,1,-0.523,0,0.0192911036,0.174,0.348,0,0.16890245,0.422256124,0.422336439,0,0,-0.02454375,-1,-0.889291521,0,357.62749,-357.62749,360,2.37251006,0.0414003005,0.0289844568,0.0482755604,0,0,0,-100,-99.9985262,-2.79995873,-11.8231,0,0,0,-0,-0.171419878,-0.0837557525,-0.0566619261,0.0312267246,0.00817359516,0.00764412031,-0.0108981269,-0.0110254938,0.0186696141,0.00933480703,-0.00145283697,-0.000405632081,0,0,27760.5,50.4737,1.29953,9.96499,128.541,0.0161855,8.43827,143.339,2063.09,65,65,0.00277141234262643504,-4.4463820235749199e-05,20945361.6724955961,0.298064696735805768
7.7,0.313526857071927,1.018971721473996,-0.2251745547470378,0.2040073546165623,0.02080893610913898,0.09222650551804282,0.3176539297308703,1.019136615079956,-0.2245449637520165,10.53118847,2415284.093,128.302517591,1527.57062495,127.9022905732075,0.04421091868223037,10.12611138098845,-2.185069310372866,-0.06526543090807957,0.2771829873023464,1.551540927150533,-0.5615914258108612,-2.30589991466147,2.802546390639291,-0.02582762441088984,-33.65625539841135,127.902290573208,0.04421091868225064,10.12611138098852,8.331013034458611,1522.186657436773,127.8686371206858,9.183366392178886,-5.178169829592268,127.8686371206857,127.8681840571525,-5.178162420752368,-9.189676819626701, 1337.930962, 2.857725524,-7.063917207, 2.857725524, 1379.179417, 7.371507843,-7.063917207, 7.371507843, 2338.252732,55.13760484,1774,40.97745208568207,-1.499436302142052,36.83934611048478,19716.138690654,22996.978585671,-1.078809677156637,8.632872317567616,357.5758632159172,0.996911277236767,-0.007793442320635132,0.07544318111269589,-0.02038366989895386,0.7582530337552597,0.008902863766162158,-0.651595041073124,-0.0199243134541613,-0.758258590365851,-0.009085558818483061,0.6515925192597602,0.01971171230683045,4.5267038218379,0.019743175321733,0.0028068305065762,0.0028257292052981,-4.6224352017678e-05,20945359.15512145,11728.4991126269,1026.080503857356,20945362.43884158,-16.89803009469506,1026.080503857356,0.032129390076929,22996.978585671,-3280.839895011,6.24387614,9.84848485,9.84848485,0.465226814,3.12512551,1025.24714,179.069692,3.12512551,-3.11875062,0,1,-0.523,0,0.0188287809,0.174,0.348,0,0.168563296,0.421408241,0.421495751,0,0,-0.0230097656,-1,-0.860057803,0,357.602203,-357.602203,360,2.39779725,0.041841562,0.029600911,0.0484296919,0,0,0,-100,-99.9986665,-2.79996266,-11.9896395,0,0,0,-0,-0.172579115,-0.0843221556,-0.057227459,0.0308104203,0.00806462752,0.00764412031,-0.0107528367,-0.0110254938,0.0186696141,0.00933480703,-0.00123843558,-0.000345771214,0,0,28191.2,51.2568,1.29953,10.0362,130.047,0.0117622,8.54772,144.714,2070.86,65,65,0.00280642157926414611,-4.58721210932865387e-05,20945362.5828073807,0.317653929730870255
7.8,0.3344549759625942,1.020961199768583,-0.2167987484241748,0.2148840759819299,0.01928084954934215,0.07353036419067031,0.3385808574268567,1.021128043670372,-0.2161619056572477,10.49532958,2411145.102,128.085901242,1527.49712017,127.6827962571132,0.03777601352078985,10.15382735757818,-2.204703750415998,-0.06399512538435037,0.2776273214652818,1.545379476970041,-0.5417481584754629,-2.327010464994742,2.83986469991151,-0.0248354450859044,-33.64808933756738,127.6827962571137,0.03777601352081036,10.15382735757825,8.485864185257554,1522.131480138644,127.6369829041925,9.3492481353094,-5.233569669875349,127.6369829041926,127.6365159152355,-5.233561894829261,-9.355625686345403, 1337.930962, 2.857725524,-7.063917207, 2.857725524, 1379.179417, 7.371507843,-7.063917207, 7.371507843, 2338.252732,55.13760484,1774,40.97745208568207,-1.499436302142052,36.83934611048478,19717.065960933,22997.905855945,-1.050192328310775,8.734466832465282,357.5515683909235,0.9968419155844466,-0.007508984409885105,0.07632346904622397,-0.02060433352024181,0.7588262617111625,0.009260035798858274,-0.650923784784912,-0.01987920209042516,-0.7588318773507439,-0.009444915925006299,0.6509211284210092,0.0196636734776441,4.5468122609042,0.016898082864354,0.0028417770518198,0.0028609110486236,-4.7648454305646e-05,20945359.99597045,11880.71500296489,1038.855802446666,20945363.36547745,-17.4186335837785,1038.855802446666,0.032547197490153,22997.905855945,-3280.8398950122,6.24345211,9.84848485,9.84848485,0.465208817,3.12482699,1038.01717,179.052586,3.12482699,-3.11862513,0,1,-0.523,0,0.0183293139,0.174,0.348,0,0.16820001,0.420500025,0.420592781,0,0,-0.0260777344,-1,-0.828629236,0,357.577906,-357.577906,360,2.42209386,0.0422655379,0.0302083829,0.0485376968,0,0,0,-100,-99.9987934,-2.79996621,-12.1555919,0,0,0,-0,-0.173749657,-0.0848940822,-0.0577984394,0.0303490358,0.00794386012,0.00764412031,-0.0105918135,-0.0110254938,0.0186696141,0.00933480703,-0.00101431983,-0.000283198095,0,0,28634.7,52.0631,1.29953,10.1089,131.585,0.00689069,8.66049,146.137,2078.87,65,65,0.00284136773232581286,-4.72958344831541814e-05,20945363.5097383335,0.338580857426856618
7.9,0.3562633186795788,1.022914395557915,-0.2102494024166967,0.2211508769065716,0.02024279049301675,0.05595719244607883,0.360387995316023,1.023083162936893,-0.2096053033008295,10.45921716,2406969.564,127.867390304,1527.42552481,127.4613798348997,0.03172151513617205,10.18160829287727,-2.223519966309944,-0.05729277959205448,0.2785397926662689,1.53869927745923,-0.5207383253178346,-2.347140116715573,2.878109014045508,-0.02392668626980806,-33.6392217046163,127.4613798349002,0.03172151513619278,10.18160829287734,8.640071960416089,1522.07834574202,127.4032669269626,9.514486475170591,-5.286929785006937,127.4032669269626,127.4027858520054,-5.286921633589008,-9.520930620954134, 1337.930962, 2.857725524,-7.063917207, 2.857725524, 1379.179417, 7.371507843,-7.063917207, 7.371507843, 2338.252732,55.13760484,1774,40.97745208568207,-1.499436302142052,36.83934611048478,19718.009794321,22998.849689329,-1.019358229755315,8.836282565005867,357.5280800088964,0.9967717874426477,-0.007205399006993148,0.07720505034899887,-0.02081985072347988,0.7593998630459441,0.009627093404149197,-0.6502510719077447,-0.01981692612940705,-0.7594055324364605,-0.009814153288949454,0.6502482755377396,0.01959846576426269,4.5670864192427,0.014214014623972,0.0028766599387445,0.0028960288049753,-4.9087434664143e-05,20945360.85227283,12032.92547674573,1051.607831708656,20945364.30866975,-17.94467604344209,1051.607831708656,0.032965004903377,22998.849689329,-3280.8398950135,6.24304216,9.84848485,9.84848485,0.465190499,3.12453016,1050.76413,179.035578,3.12453016,-3.118512,0,1,-0.523,0,0.0177911574,0.174,0.348,0,0.167820557,0.419551392,0.419647384,0,0,-0.0260777344,-1,-0.795064651,0,357.554416,-357.554416,360,2.44558397,0.0426754404,0.0308065469,0.0485977042,0,0,0,-100,-99.9989082,-2.79996943,-12.3209001,0,0,0,-0,-0.174932412,-0.0854719763,-0.0583753163,0.0298404912,0.00781074856,0.00764412031,-0.0104143314,-0.0110254938,0.0186696141,0.00933480703,-0.000800566412,-0.000223518142,0,0,29091.1,52.8928,1.29953,10.1833,133.155,0.00205492,8.7766,147.607,2087.12,65,65,0.00287625022566928307,-4.8734416648022132e-05,20945364.4532267004,0.360387995316023002
8,0.3784935786056784,1.025053218694439,-0.2053755721690199,0.2229018317145963,0.02306411233897888,0.04034396710119934,0.3826170361808932,1.025223896770772,-0.2047242119966426,10.4228667,2402759.083,127.647069278,1527.35596198,127.2381208012449,0.02657058220701902,10.20951538326882,-2.241566950022221,-0.04563579109998273,0.2802207077157455,1.531687697451311,-0.4985999302145582,-2.366325414816767,2.91727387051376,-0.02316609538368474,-33.62984068545158,127.2381208012454,0.02657058220703999,10.2095153832689,8.793593229649465,1522.027369169374,127.167585584431,9.679038408412939,-5.338135208487853,127.1675855844311,127.1670902669293,-5.338126670587042,-9.685548620530106, 1337.930962, 2.857725524,-7.063917207, 2.857725524, 1379.179417, 7.371507843,-7.063917207, 7.371507843, 2338.252732,55.13760484,1774,40.97745208568207,-1.499436302142052,36.83934611048478,19718.970124129,22999.81001914,-0.9862642039579803,8.938323367530606,357.5052239023183,0.9967008423978657,-0.006882213451525782,0.07808795358984318,-0.02103181888337265,0.7599738223182828,0.01000550032608257,-0.6495768465891021,-0.01973828081475546,-0.7599795402255771,-0.01019473462204911,0.6495739042229168,0.01951688441077142,4.587552580063,0.011926495761068,0.0029114786165616,0.0029310819198555,-5.0540719311988e-05,20945361.72396193,12185.13074403752,1064.336390317646,20945365.26835184,-18.47594772095545,1064.336390317646,0.033382812316601,22999.81001914,-3280.8398950114,6.24264325,9.84848485,9.84848485,0.465171862,3.12423516,1063.48783,179.018675,3.12423516,-3.11840809,0,1,-0.523,0,0.0172135577,0.174,0.348,0,0.167432948,0.418582371,0.418679611,0,0,-0.0260777344,-1,-0.759458949,0,357.531558,-357.531558,360,2.46844176,0.0430743088,0.0313952462,0.0486088039,0,0,0,-100,-99.9990121,-2.79997234,-12.485521,0,0,0,-0,-0.176128117,-0.086056198,-0.0589584675,0.0292836095,0.0076649848,0.00764412031,-0.0102199797,-0.0110254938,0.0186696141,0.00933480703,-0.000616221939,-0.000172049165,0,0,29560.4,53.7461,1.29953,10.2591,134.757,-0.00226312,8.89609,149.125,2095.6,65,65,0.00291106850969571722,-5.01872923169277495e-05,20945365.4132056832,0.382617036180893266
8.1,0.4006806321574659,1.02083355710011,-0.2019535219026575,0.2198802617614707,-0.1706622973416133,0.02678878022674227,0.4048028570999569,1.021006145275639,-0.2012949034245776,10.38629844,2398515.817,127.425052214,1527.28854909,127.0131615894778,0.02278976029066726,10.23719666375532,-2.256505229898575,-0.02968070112611959,0.2644704139901783,1.528173775959196,-0.4754703435837656,-2.383996185758203,2.958467316810095,-0.02260933597568491,-33.62364131663212,127.0131615894783,0.02278976029068846,10.23719666375539,8.946564782915997,1521.978657307613,126.9300510410181,9.843040851327233,-5.387079114326569,126.9300510410181,126.9295413192474,-5.387070179740372,-9.849616602913454, 1337.930962, 2.857725524,-7.063917207, 2.857725524, 1379.179417, 7.371507843,-7.063917207, 7.371507843, 2338.252732,55.13760484,1774,40.97745208568207,-1.499436302142052,36.83934611048478,19719.946884502,23000.786779514,-0.9509104400835362,9.040486479994593,357.4828466299584,0.9966291014005831,-0.006539362403670565,0.0789712852543244,-0.02124163567382858,0.7605475225191159,0.01039629108442611,-0.6489017554342016,-0.01964420820837736,-0.7605532838078594,-0.01058769461816016,0.6488986606524728,0.01941987165717282,4.6080497217945,0.010247255661585,0.0029462325615502,0.0029660698660167,-5.2007703860578e-05,20945362.61097194,12337.33102609593,1077.041286842799,20945366.24445791,-19.01222767454783,1077.041286842799,0.033800619729825,23000.786779514,-3280.8398950159,6.24225269,9.84848485,9.84848485,0.465152906,3.1239421,1076.18807,179.001882,3.1239421,-3.11831059,0,1,-0.523,0,0.0165965181,0.174,0.348,0,0.167045254,0.417613136,0.417709528,0,0,-0.02454375,-1,-0.72193786,0,357.509179,-357.509179,360,2.49082069,0.043464821,0.0319744725,0.0485709905,0,0,0,-100,-99.9991061,-2.79997497,-12.6495916,0,0,0,-0,-0.175298384,-0.0856507903,-0.0591060984,0.0286780837,0.00750648842,0.00764412031,-0.0100086512,-0.0110254938,0.0186696141,0.00933480703,-0.000478543923,-0.000133609463,0,0,30042.7,54.623,1.29953,10.3366,136.389,-0.00560277,9.01934,150.691,2104.32,65,65,0.00294582206229810923,-5.16538560725662781e-05,20945366.3896096945,0.404802857099956892
8.2,0.4224667637863912,0.9945182977529075,-0.1998945192447935,0.2153437058277526,-0.3610559862072963,0.01309305905257007,0.4265877598829009,0.9946928057072169,-0.1992287553219717,10.34954384,2394243.241,127.201523043,1527.22340326,126.7869517535657,0.02078652003345738,10.26137892756561,-2.266539201534945,-0.009802940198072596,0.2089428574459049,1.515809588964267,-0.4512678676171537,-2.39922824584468,2.999755254697096,-0.02230684230782373,-33.6083574617974,126.7869517535662,0.02078652003347881,10.26137892756569,9.098894847194188,1521.932310868422,126.6908627785484,10.00640215743251,-5.433660720568903,126.6908627785484,126.6903384972359,-5.433651379215332,-10.01304292812227, 1337.930962, 2.857725524,-7.063917207, 2.857725524, 1379.179417, 7.371507843,-7.063917207, 7.371507843, 2338.252732,55.13760484,1774,40.97745208568207,-1.499436302142052,36.83934611048478,19720.940027721,23001.779922738,-0.9133358908210182,9.141240784843971,357.4608369325013,0.9965575829711358,-0.006177426278156858,0.07984173412236761,-0.02145042469599744,0.7611122711342979,0.01079984978660473,-0.6482359308683173,-0.01953591320270561,-0.7611180708605759,-0.01099342040082926,0.6482326770011042,0.01930863499442304,4.627092936407,0.0093629372156002,0.0029809212920796,0.0030009921585849,-5.3487756169715e-05,20945363.51325517,12489.52655433057,1089.722345240571,20945367.2369403,-19.55328481741162,1089.722345240571,0.034218427143049,23001.779922738,-3280.8398950105,6.24186855,9.84848485,9.84848485,0.465133633,3.1236511,1088.86467,178.985208,3.1236511,-3.11821745,0,1,-0.523,0,0.0159407185,0.174,0.348,0,0.166664229,0.416660573,0.416755037,0,0,-0.02454375,-1,-0.682632759,0,357.487168,-357.487168,360,2.512832,0.0438489185,0.0325443304,0.0484850489,0,0,0,-100,-99.9991912,-2.79997735,-12.8130203,0,0,0,-0,-0.173940471,-0.0849873142,-0.0591060984,0.0280244027,0.0073353874,0.00764412031,-0.00978051653,-0.0110254938,0.0186696141,0.00933480703,-0.000402745915,-0.00011244666,0,0,30537.9,55.5235,1.29953,10.4155,138.052,-0.00755082,9.14504,152.303,2113.27,65,65,0.00298051041112590504,-5.31334756582443063e-05,20945367.3823952563,0.426587759882900874
8.3,0.4437937213081157,0.9528290350019357,-0.1991593207218481,0.2107198578006858,-0.4711774771145268,0.0007439304953242173,0.4479135155425182,0.9530054821000724,-0.1984866652808986,10.31263379,2389944.784,126.976663116,1527.16064907,126.5599103897436,0.02094506684298825,10.27918379431826,-2.273030941264702,0.0137746419149215,0.1371638646828721,1.486344510181567,-0.4260282617464374,-2.410792643781448,3.039828705354995,-0.02230728920739331,-33.5757533222471,126.5599103897441,0.02094506684300991,10.27918379431833,9.249164322861692,1521.888437507443,126.4503254399902,10.16770336180038,-5.477771490317358,126.4503254399902,126.4497865208561,-5.477761733531311,-10.17440864393238, 1337.930962, 2.857725524,-7.063917207, 2.857725524, 1379.179417, 7.371507843,-7.063917207, 7.371507843, 2338.252732,55.13760484,1774,40.97745208568207,-1.499436302142052,36.83934611048478,19721.949424904,23002.789319919,-0.8735989075775632,9.238622322920259,357.4390905727142,0.9964876548240819,-0.005797251078919486,0.08068223134167619,-0.02165925226913409,0.7616569654302769,0.01121633223936208,-0.6475924092074758,-0.01941474798949355,-0.7616627989038331,-0.01141207181842784,0.6475889893974863,0.01918453006806999,4.6433653668463,0.0094510590191774,0.0030155443944223,0.0030358483810465,-5.4980215076997e-05,20945364.43068273,12641.71757071025,1102.379414285992,20945368.24567018,-20.09887745311607,1102.379414285992,0.034636234556273,23002.789319919,-3280.8398950084,6.24148901,9.84848485,9.84848485,0.465114045,3.12336229,1101.51747,178.968659,3.12336229,-3.11812672,0,1,-0.523,0,0.0152471773,0.174,0.348,0,0.166291198,0.415727994,0.415820447,0,0,-0.0230097656,-1,-0.641621576,0,357.46542,-357.46542,360,2.53457997,0.0442284204,0.033105008,0.0483521853,0,0,0,-100,-99.9992681,-2.79997951,-12.9743882,0,0,0,-0,-0.172578755,-0.0843219797,-0.0591060984,0.0273234956,0.00715192498,0.00764412031,-0.00953589998,-0.0110254938,0.0186696141,0.00933480703,-0.00040326563,-0.000112591764,0,0,31046.2,56.4476,1.29953,10.4959,139.744,-0.00770513,9.26983,153.963,2122.43,65,65,0.00301513315397101663,-5.46254900883889045e-05,20945368.3914389722,0.447913515542518237
8.4,0.4646463769995141,0.9033397206472605,-0.1995365751449935,0.2057071257070183,-0.5129258733023399,-0.008615576597565238,0.4687650112952669,0.9035181349484676,-0.1988573672758772,10.27560951,2385625.104,126.750718468,1527.10040636,126.3323497605244,0.0236119616183732,10.28987262413917,-2.27690633161246,0.04047851690028692,0.06731019251219905,1.438634994555017,-0.3998850494430018,-2.417951427858378,3.078457023484733,-0.02265142883693505,-33.52465054219937,126.3323497605249,0.0236119616183951,10.28987262413924,9.395566661618789,1521.847134596658,126.2088481120692,10.32513804853166,-5.519312879752559,126.2088481120693,126.2082945780192,-5.519302700830268,-10.33190735371521, 1337.930962, 2.857725524,-7.063917207, 2.857725524, 1379.179417, 7.371507843,-7.063917207, 7.371507843, 2338.252732,55.13760484,1774,40.97745208568207,-1.499436302142052,36.83934611048478,19722.974780574,23003.814675586,-0.8317609975931463,9.331442781903041,357.4174988651686,0.9964201899483679,-0.00539955870762189,0.08148245713591772,-0.02186913368459973,0.7621749252879321,0.01164594592120124,-0.646979104732228,-0.01928194092462207,-0.7621807880538491,-0.01184385901435497,0.6469755119169216,0.01904878749681848,4.6565085327248,0.010673436576416,0.0030501015537947,0.0030706382164983,-5.6484390901709e-05,20945365.36295915,12793.90432752358,1115.012378915204,20945369.27035211,-20.64875345971086,1115.012378915204,0.035054041969497,23003.814675586,-3280.8398950161,6.24111216,9.84848485,9.84848485,0.465094148,3.1230758,1114.14637,178.952243,3.1230758,-3.11803636,0,1,-0.523,0,0.014516968,0.174,0.348,0,0.165926388,0.41481597,0.414906305,0,0,-0.02454375,-1,-0.598960132,0,357.443827,-357.443827,360,2.55617326,0.0446052235,0.0336567759,0.0481737439,0,0,0,-100,-99.9993378,-2.79998146,-13.1318888,0,0,0,-0,-0.171238349,-0.0836670573,-0.0591060984,0.0265763779,0.00695636691,0.00764412031,-0.00927515588,-0.0110254938,0.0186696141,0.00933480703,-0.00049344203,-0.000137769015,0,0,31567.2,57.3949,1.29953,10.5776,141.465,-0.00566159,9.39205,155.669,2131.82,65,65,0.0030496899831541943,-5.61292096617324715e-05,20945369.4164487571,0.468765011295266876
8.5,0.484951747673478,0.8520824707961097,-0.2006678870354005,0.199523094703182,-0.504844535226699,-0.01375035393754795,0.4890692711434504,0.8522628868888992,-0.199982501040369,10.23851877,2381289.66,126.523977107,1527.04278368,126.1045033553697,0.02906206156937152,10.29418146040253,-2.278785716280685,0.0694285206554503,0.01042502958907221,1.375092098237964,-0.3729910510726735,-2.420516949804246,3.115858992806584,-0.02336780834742539,-33.45742944818031,126.1045033553702,0.02906206156939366,10.29418146040261,9.536374798045301,1521.808484877991,125.9668848957458,10.47697927907389,-5.55820095852564,125.9668848957458,125.9663168709099,-5.558190352850135,-10.48381214189619, 1337.930962, 2.857725524,-7.063917207, 2.857725524, 1379.179417, 7.371507843,-7.063917207, 7.371507843, 2338.252732,55.13760484,1774,40.97745208568207,-1.499436302142052,36.83934611048478,19724.015619624,23004.855514642,-0.7878851267247723,9.419208106025167,357.3959684261601,0.9963555967410567,-0.004984956936660584,0.08223812919924921,-0.02208087753963068,0.7626634113228457,0.01208883285481447,-0.6463993341702586,-0.01913849351058506,-0.7626692991090807,-0.01228892536845005,0.6463955610992653,0.01890240992356156,4.6668296156591,0.013160616071258,0.0030845925747589,0.0031053614681865,-5.799956895822e-05,20945366.30960931,12946.08708608053,1127.621167682651,20945370.31051105,-21.20265157406538,1127.621167682651,0.035471849382721,23004.855514642,-3280.839895014,6.24073638,9.84848485,9.84848485,0.465073952,3.12279176,1126.75128,178.935968,3.12279176,-3.11794462,0,1,-0.523,0,0.0137511896,0.174,0.348,0,0.16557094,0.413927349,0.414015146,0,0,-0.0230097656,-1,-0.554712222,0,357.422295,-357.422295,360,2.57770529,0.0449809573,0.0341999787,0.0479511683,0,0,0,-100,-99.9994008,-2.79998322,-13.2837954,0,0,0,-0,-0.169944105,-0.0830346898,-0.0591060984,0.0257840955,0.00674898699,0.00764412031,-0.00899864931,-0.0110254938,0.0186696141,0.00933480703,-0.000684258092,-0.000191044859,0,0,32100.8,58.3651,1.29953,10.6608,143.213,-0.00104731,9.51152,157.422,2141.43,65,65,0.00308418070632561709,-5.76439196204231777e-05,20945370.4569510259,0.489069271143450446
8.6,0.5045594951901263,0.8031465765984297,-0.2020931133929432,0.1914837083636666,-0.4666034343683059,-0.013915195580093,0.5086759581384219,0.8033290324640575,-0.201401921591123,10.20141209,2376944.27,126.296745592,1526.98787577,125.876556010623,0.03747194504123108,10.2936480314195,-2.278994531295956,0.0995335254531462,-0.02869916890838908,1.299957334324375,-0.3454899886648758,-2.41869136164188,3.152497683564062,-0.0244700687406819,-33.37830936600062,125.8765560106235,0.03747194504125347,10.29364803141958,9.670208094406181,1521.772556079181,125.7248876772385,10.62184653608925,-5.594366965657999,125.7248876772385,125.7243053721163,-5.594355930539202,-10.62874251537785, 1337.930962, 2.857725524,-7.063917207, 2.857725524, 1379.179417, 7.371507843,-7.063917207, 7.371507843, 2338.252732,55.13760484,1774,40.97745208568207,-1.499436302142052,36.83934611048478,19725.071310084,23005.911205097,-0.7420401269430678,9.501941791577,357.3744384202924,0.9962939235954552,-0.004554022030818229,0.08294946458553591,-0.02229495492458104,0.7631226112068872,0.01254491868455385,-0.6458529782381032,-0.0189851463242239,-0.7631285198570278,-0.01274719685444701,0.6458490175390715,0.01874613818875747,4.6750020645236,0.016999522216128,0.003119017386707,0.0031400180650279,-5.9525013696019e-05,20945367.27000118,13098.26611520667,1140.205754766421,20945371.36551506,-21.76030290531708,1140.205754766421,0.035889656795945,23005.911205097,-3280.8398950118,6.24036061,9.84848485,9.84848485,0.465053468,3.12251031,1139.33218,178.919841,3.12251031,-3.1178503,0,1,-0.523,0,0.0129510434,0.174,0.348,0,0.165227353,0.413068382,0.413152892,0,0,-0.0230097656,-1,-0.508962457,0,357.400763,-357.400763,360,2.59923688,0.0453566836,0.0347350109,0.0476860543,0,0,0,-100,-99.9994578,-2.79998482,-13.4287273,0,0,0,-0,-0.168716677,-0.0824349683,-0.0591060984,0.0249478077,0.00653008866,0.00764412031,-0.00870678488,-0.0110254938,0.0186696141,0.00933480703,-0.000983312832,-0.000274540943,0,0,32646.8,59.3577,1.29953,10.7451,144.985,0.00644767,9.629,159.22,2151.24,65,65,0.00311860525286961759,-5.91688844840660731e-05,20945371.5123139173,0.508675958138421924
8.7,0.5226906692361333,0.7587457910850154,-0.2033092722852591,0.1442445826226209,-0.4152940540423916,-0.009434897125041192,0.5268061192769097,0.7589303242874128,-0.2026126217892546,10.16433972,2372594.766,126.069330985,1526.93576564,125.6486707597492,0.04890502163181143,10.29006120693711,-2.277622198117426,0.129617945244822,-0.04994814929896663,1.217933136967417,-0.3174016176386438,-2.412895811979152,3.188910372550124,-0.02585387441332852,-33.29197945229609,125.6486707597497,0.04890502163183406,10.29006120693719,9.796143180713466,1521.739404593976,125.483275655656,10.75881656516815,-5.627753715224774,125.483275655656,125.4826793450534,-5.627742249576984,-10.76577524353752, 1337.930962, 2.857725524,-7.063917207, 2.857725524, 1379.179417, 7.371507843,-7.063917207, 7.371507843, 2338.252732,55.13760484,1774,40.97745208568207,-1.499436302142052,36.83934611048478,19726.141104411,23006.980999423,-0.6943094627240525,9.579990540264504,357.3528926550235,0.9962349854998398,-0.00410742136704673,0.08361949054705992,-0.02251140947381763,0.7635545347392984,0.01301376236729056,-0.645337765551064,-0.01882240212250739,-0.763560460147922,-0.01321823207499998,0.6453336098470339,0.01858047473293702,4.681818600792,0.022226273312323,0.0031533760386925,0.0031746080564067,-6.105997259412e-05,20945368.24338719,13250.44168983995,1152.766158080743,20945372.43461665,-22.32143235855256,1152.766158080743,0.036307464209169,23006.980999423,-3280.8398950161,6.23998457,9.84848485,9.84848485,0.465032711,3.12223158,1151.88907,178.90387,3.12223158,-3.11775298,0,1,-0.523,0,0.0121179862,0.174,0.348,0,0.164904233,0.412260581,0.412334328,0,0,-0.02454375,-1,-0.461907157,0,357.379216,-357.379216,360,2.62078423,0.0457326849,0.0352622811,0.0473802672,0,0,0,-100,-99.9995094,-2.79998626,-13.5657615,0,0,0,-0,-0.167570731,-0.0818750592,-0.0591060984,0.0240689072,0.00630003646,0.00764412031,-0.00840004862,-0.0109000486,0.0185441689,0.00927208446,-0.00139418157,-0.000389255494,0,0,33204.7,60.3721,1.29953,10.8307,146.781,0.0170533,9.74575,161.064,2161.25,65,65,0.00315296366975983218,-6.07033521361004214e-05,20945372.5817891546,0.526806119276909679
8.8,0.533014386719907,0.7195754167570371,-0.2038782143664456,0.05687963369015434,-0.3637530039543731,-6.991483290610039e-05,0.5371288668759346,0.7197620569673838,-0.2031764152983129,10.12734975,2368246.774,125.84202908,1526.88653643,125.4210088093063,0.06327144823182174,10.28507797589398,-2.27460050812652,0.1574707777660611,-0.05612245417600192,1.133256206742146,-0.2889234864647842,-2.403640071685647,3.225591797745017,-0.0274271254972022,-33.20267477678122,125.4210088093068,0.06327144823184462,10.28507797589406,9.913709884623266,1521.709088322765,125.2424209021493,10.88741931251169,-5.658302773171014,125.2424209021494,125.24181090195,-5.658290877134665,-10.89444029495773, 1337.930962, 2.857725524,-7.063917207, 2.857725524, 1379.179417, 7.371507843,-7.063917207, 7.371507843, 2338.252732,55.13760484,1774,40.97745208568207,-1.499436302142052,36.83934611048478,19727.224185802,23008.064080817,-0.6451001667852377,9.653851059940644,357.3313612365058,0.9961784732607377,-0.00364863537599398,0.08425260030825486,-0.02272963292920205,0.7639620698286254,0.01349247281715384,-0.644850371052989,-0.01865229190376975,-0.7639680084383633,-0.0136991392193321,0.6448460137540967,0.01840744992718112,4.6880178084945,0.028807443161895,0.0031876686882049,0.0032091316008731,-6.2603677011803e-05,20945369.22895046,13402.61409074515,1165.302435174585,20945373.51699906,-22.88575894583846,1165.302435174585,0.036725271622393,23008.064080817,-3280.8398950172,6.23960877,9.84848485,9.84848485,0.465011697,3.12195572,1164.42201,178.888063,3.12195572,-3.11765305,0,1,-0.523,0,0.0112591219,0.174,0.348,0,0.164708439,0.411771098,0.411804654,0,0,-0.02454375,-1,-0.415696875,0,357.357683,-357.357683,360,2.64231724,0.0461084358,0.0357821711,0.0470412931,0,0,0,-100,-99.9995561,-2.79998757,-13.6944279,0,0,0,-0,-0.166514791,-0.0813591269,-0.0591060984,0.0231541487,0.00606059843,0.00764412031,-0.00808079791,-0.0105807979,0.0182249182,0.00911245911,-0.00191524401,-0.000534736129,0,0,33774.1,61.4074,1.29953,10.9173,148.597,0.0309344,9.86307,162.951,2171.46,65,65,0.00318725611089491594,-6.22465567744477134e-05,20945373.6645594761,0.537128866875934752
8.9,0.5354710894514032,0.6852471453922528,-0.2032706066161676,-0.01181133462988858,-0.3202060414321787,0.0144212163250449,0.5395846378521379,0.6854359056223732,-0.202563929472888,10.09048721,2363905.599,125.615118698,1526.84021687,125.1937422860338,0.08025617581441402,10.28000471565581,-2.269770581484504,0.1813918157944677,-0.05144571980000379,1.04919308995337,-0.2606640978062022,-2.391425967551349,3.262930624255915,-0.02928974531165223,-33.11367066273895,125.1937422860343,0.08025617581443716,10.28000471565589,10.02281587381251,1521.681612587674,125.0026436515701,11.00756253213965,-5.686008512931026,125.0026436515701,125.0020202984037,-5.685996187516825,-11.01464544424984, 1337.930962, 2.857725524,-7.063917207, 2.857725524, 1379.179417, 7.371507843,-7.063917207, 7.371507843, 2338.252732,55.13760484,1774,40.97745208568207,-1.499436302142052,36.83934611048478,19728.319710173,23009.159605186,-0.5952391452236641,9.724037254080423,357.3099222958048,0.9961240535618509,-0.00318482318135202,0.08485342160836887,-0.02294828224863333,0.7643482531604932,0.01397503821047691,-0.6443872868098032,-0.01847892841641334,-0.7643542026663989,-0.01418390563127654,0.6443827231670064,0.01823117580217895,4.6941837647681,0.036606584577703,0.0032218955874168,0.0032435889522983,-6.4155348485479e-05,20945370.22584683,13554.78360223659,1177.814678206329,20945374.61181823,-23.45299808817254,1177.814678206329,0.037143079035617,23009.159605186,-3280.8398950084,6.23923459,9.84848485,9.84848485,0.464990443,3.12168286,1176.93109,178.872428,3.12168286,-3.11755173,0,1,-0.523,0,0.0103888829,0.174,0.348,0,0.164653273,0.411633184,0.411634865,0,0,-0.0230097656,-1,-0.371252547,0,357.336242,-357.336242,360,2.66375776,0.0464825729,0.0362949992,0.0466838822,0,0,0,-100,-99.9995983,-2.79998875,-13.8146342,0,0,0,-0,-0.16555212,-0.0808887659,-0.0591060984,0.0222198253,0.00581603928,0.00764412031,-0.00775471904,-0.010254719,0.0178988394,0.00894941968,-0.00253651748,-0.00070819568,0,0,34354.5,62.4627,1.29953,11.0048,150.431,0.0479611,9.98216,164.882,2181.85,65,65,0.00322148282392756193,-6.37977258817975943e-05,20945374.7597811557,0.539584637852137949
9,0.531785170652905,0.6547595022752434,-0.2010271592032015,-0.06481592313098142,-0.2884341160743492,0.03282937824755208,0.535897821354089,0.6549503766833361,-0.2003158402698935,10.05379387,2359576.206,125.388860494,1526.79678804,124.9670603003814,0.09941737740104895,10.27571370475414,-2.262949679433814,0.200394629366587,-0.04033914694465324,0.9678837450070503,-0.2329716891659508,-2.376658346756626,3.301181024783522,-0.03138515681626339,-33.02711635619505,124.967060300382,0.09941737740107234,10.27571370475423,10.12363933396435,1521.656936920819,124.7642185406255,11.11942446601745,-5.710911272969606,124.7642185406256,124.7635821765378,-5.710898519771033,-11.12656895234767, 1337.930962, 2.857725524,-7.063917207, 2.857725524, 1379.179417, 7.371507843,-7.063917207, 7.371507843, 2338.252732,55.13760484,1774,40.97745208568207,-1.499436302142052,36.83934611048478,19729.426838655,23010.266733663,-0.5454092970770599,9.790992894310325,357.2887068196378,0.9960714586628733,-0.002721943217457808,0.08542594863976924,-0.02316565477883929,0.7647157197945784,0.01445604142894624,-0.6439454992347512,-0.01830532109993212,-0.7647216788424744,-0.0146671134708925,0.6439407262325627,0.01805466116710913,4.7007063936009,0.045428251837512,0.0032560570696436,0.0032779804462423,-6.5714213951171e-05,20945371.23323736,13706.9505066336,1190.303008995468,20945375.71823534,-24.02286718033247,1190.303008995468,0.037560886448842,23010.266733663,-3280.839895016,6.23886431,9.84848485,9.84848485,0.464968964,3.12141312,1189.41642,178.856972,3.12141312,-3.11745119,0,1,-0.523,0,0.009519188,0.174,0.348,0,0.164708099,0.411770247,0.411747185,0,0,-0.0230097656,-1,-0.328623958,0,357.315025,-357.315025,360,2.6849748,0.0468528102,0.0368009782,0.0463201662,0,0,0,-100,-99.9996366,-2.79998982,-13.9265588,0,0,0,-0,-0.16468211,-0.080463679,-0.0591060984,0.0212799302,0.00557002174,0.00764412031,-0.00742669565,-0.00992669565,0.017570816,0.00878540798,-0.00324297415,-0.000905438382,0,0,34945.1,63.5366,1.29953,11.0932,152.281,0.0678354,10.1039,166.855,2192.42,65,65,0.00325564413789132187,-6.53560917663227874e-05,20945375.8666155972,0.535897821354089032
9.1,0.5234234848213168,0.6268912077971314,-0.1968139747338549,-0.1042735188703141,-0.2689096006659805,0.05386379190326163,0.527535269180358,0.6270841706425323,-0.1960982246520969,10.01730854,2355263.241,125.163498536,1526.75620082,124.7411692925573,0.1202299272078191,10.27266246324681,-2.253975030468991,0.2138245132821513,-0.02663057400202362,0.8904234867100485,-0.2060743101685831,-2.359626987928864,3.340468496929725,-0.03364666099940353,-32.94411703544735,124.7411692925578,0.1202299272078428,10.2726624632469,10.21651873260791,1521.6349922916,124.527385408893,11.22334361740128,-5.73308006784983,124.5273854088931,124.5267363715792,-5.733066888845117,-11.23054934029837, 1337.930962, 2.857725524,-7.063917207, 2.857725524, 1379.179417, 7.371507843,-7.063917207, 7.371507843, 2338.252732,55.13760484,1774,40.97745208568207,-1.499436302142052,36.83934611048478,19730.544759095,23011.384654114,-0.4961258537075749,9.855048745771191,357.2678882902199,0.9960205176456669,-0.002264550890230408,0.08597316469383319,-0.02337980304986008,0.7650664584204001,0.01493088430316013,-0.6435227780048332,-0.01813331417403648,-0.7650724262646086,-0.01514416406277538,0.6435177941688728,0.01787974978721036,4.7077885036938,0.055037359454869,0.0032901535383052,0.003312306488842,-6.7279515576646e-05,20945372.2503098,13859.11508068067,1202.767574988894,20945376.83543827,-24.59508918518986,1202.767574988894,0.037978693862066,23011.384654114,-3280.8398950105,6.23850096,9.84848485,9.84848485,0.464947276,3.12114663,1201.87815,178.841702,3.12114663,-3.11735434,0,1,-0.523,0,0.00865902965,0.174,0.348,0,0.164846928,0.412117321,0.412075635,0,0,-0.02454375,-1,-0.287799215,0,357.294205,-357.294205,360,2.70579486,0.0472161203,0.0373001801,0.0459592098,0,0,0,-100,-99.9996712,-2.79999079,-14.0305401,0,0,0,-0,-0.163901763,-0.0800824013,-0.0591060984,0.0203451067,0.00532533167,0.00764412031,-0.00710044223,-0.00960044223,0.0172445625,0.00862228127,-0.00401625489,-0.00112133837,0,0,35545.4,64.628,1.29953,11.1822,154.143,0.0901479,10.2287,168.869,2203.15,65,65,0.00328974045249364518,-6.69209011790771656e-05,20945376.9842508547,0.52753526918035798
9.2,0.5115184365721989,0.6004802339153005,-0.1904290178407562,-0.1496481831595282,-0.2599164171875507,0.07594940303213908,0.515629384752359,0.6006752392055752,-0.1897090307219137,9.981067551,2350971.096,124.939263401,1526.71838737,124.5162899569924,0.1421191661051475,10.2709725304787,-2.242727797251875,0.2213860801954166,-0.01316276219515444,0.817083199719022,-0.1800582028791692,-2.340508880399856,3.380813723962185,-0.03595451240136077,-32.86495286220427,124.5162899569929,0.1421191661051714,10.27097253047878,10.30185857602053,1521.615692309182,124.2923608034926,11.31972451405511,-5.752601329254979,124.2923608034926,124.291699421559,-5.752587726697679,-11.32699115301727, 1337.930962, 2.857725524,-7.063917207, 2.857725524, 1379.179417, 7.371507843,-7.063917207, 7.371507843, 2338.252732,55.13760484,1774,40.97745208568207,-1.499436302142052,36.83934611048478,19731.672697201,23012.512592218,-0.4477611497552858,9.91641391247766,357.2476696928324,0.9959711604285908,-0.001816007850847947,0.08649697166659499,-0.0235886329091007,0.7654017643461106,0.01539570902951642,-0.6431177287439981,-0.01796380400975521,-0.7654077405587819,-0.01561119934487647,0.6431125339599397,0.01770733778241372,4.7154801992515,0.065174309021068,0.0033241854589873,0.0033465675488184,-6.8850517071011e-05,20945373.27628976,14011.27759324927,1215.208546359317,20945377.96265275,-25.16939494029975,1215.208546359317,0.03839650127529,23012.512592218,-3280.8398950147,6.23814808,9.84848485,9.84848485,0.464925395,3.12088349,1214.31643,178.826624,3.12088349,-3.11726459,0,1,-0.523,0,0.00781490633,0.174,0.348,0,0.165047806,0.412619514,0.412563489,0,0,-0.02454375,-1,-0.248716587,0,357.273985,-357.273985,360,2.72601495,0.0475689608,0.037792512,0.0456074184,0,0,0,-100,-99.9997024,-2.79999167,-14.1269828,0,0,0,-0,-0.163206991,-0.0797429357,-0.0591060984,0.0194231345,0.00508400546,0.00758400546,-0.00677867394,-0.00927867394,0.0168626794,0.0084313397,-0.00483585821,-0.00135017161,0,0,36154.4,65.7353,1.29953,11.2717,156.014,0.114406,10.3569,170.921,2214.04,65,65,0.0033237722302712088,-6.84914217017349927e-05,20945378.1119128689,0.515629384752359088
9.3,0.492967076910705,0.5745979048729817,-0.1818522283781485,-0.2235183352661916,-0.2586547542931328,0.0978243037746421,0.4970772192063687,0.5747948848136128,-0.1811281892446194,9.945105369,2346703.97,124.716375642,1526.68327956,124.2926523911519,0.1644784572592854,10.27053366652848,-2.229142850878312,0.2224504380886642,-0.001680327684130845,0.7475809987061055,-0.1549777189175034,-2.31939350636272,3.422164305137717,-0.03813307630026531,-32.7893510984517,124.2926523911524,0.1644784572593096,10.27053366652857,10.38006043038349,1521.598951262928,124.0593485134498,11.40896874094942,-5.769560821445614,124.0593485134498,124.0586751055528,-5.769546797828847,-11.416295992505, 1337.930962, 2.857725524,-7.063917207, 2.857725524, 1379.179417, 7.371507843,-7.063917207, 7.371507843, 2338.252732,55.13760484,1774,40.97745208568207,-1.499436302142052,36.83934611048478,19732.809919432,23013.649814452,-0.4007330645039167,9.97519028391422,357.2282675674588,0.9959234018293021,-0.001380106067283141,0.0869983542086292,-0.02378990039877687,0.765722344302574,0.01584624760263864,-0.6427296656837043,-0.01779788534630057,-0.7657283288539793,-0.01606395127309849,0.6427242613924465,0.01753851982128892,4.7237253825882,0.075562844935601,0.0033581533545593,0.0033807641525619,-7.0426505913921e-05,20945374.3104436,14163.43830452628,1227.626114220971,20945379.09914529,-25.74552397282969,1227.626114220971,0.038814308688514,23013.649814452,-3280.8398950157,6.23780945,9.84848485,9.84848485,0.464903335,3.1206238,1226.73145,178.811744,3.1206238,-3.11718565,0,1,-0.523,0,0.0069941114,0.174,0.348,0,0.165358135,0.413395338,0.413304636,0,0,-0.0260777344,-1,-0.212542691,0,357.254581,-357.254581,360,2.7454185,0.0479075528,0.0382777057,0.0452718171,0,0,0,-100,-99.9997308,-2.79999246,-14.2162885,0,0,0,-0,-0.162593595,-0.0794432307,-0.0591060984,0.0185219389,0.0048481175,0.0073481175,-0.00646415666,-0.00896415666,0.0163122742,0.00815613708,-0.00567998893,-0.00158585291,0,0,36771.2,66.8568,1.29953,11.3616,157.89,0.140099,10.4883,173.011,2225.06,65,65,0.00335773999147451555,-7.00669451043959516e-05,20945379.2488687336,0.497077219206368714
9.4,0.4683835480027592,0.5485973211404935,-0.1710949849315976,-0.2682501460294662,-0.2622943474233511,0.1192835107077884,0.4724929158262939,0.5487961831223882,-0.170367074595395,9.909455104,2342465.929,124.49504901,1526.65077734,124.0704911280428,0.1866318666575326,10.27110645948213,-2.213199961389986,0.2167512141331867,0.0069923288993472,0.6813378378411414,-0.1312618855883101,-2.296327192385988,3.464428067137415,-0.0402471025024676,-32.71674339070685,124.0704911280433,0.186631866657557,10.27110645948222,10.45148076711665,1521.584652204587,123.8285454627128,11.49143276369688,-5.784075529911052,123.8285454627129,123.827860339226,-5.784061087983097,-11.49882034162819, 1337.930962, 2.857725524,-7.063917207, 2.857725524, 1379.179417, 7.371507843,-7.063917207, 7.371507843, 2338.252732,55.13760484,1774,40.97745208568207,-1.499436302142052,36.83934611048478,19733.955730431,23014.795625443,-0.3556955852454022,10.03139890029935,357.2098981799491,0.995877320214552,-0.0009627082963704079,0.08747764931534716,-0.02398118315012851,0.76602849197997,0.01627664163342917,-0.6423584059404783,-0.01763799108849636,-0.7660344857126308,-0.01649656158190692,0.6423527957448536,0.01737572886903658,4.7324080469081,0.085892751336949,0.0033920578026057,0.0034148968815465,-7.2006796295449e-05,20945375.35207584,14315.59746493899,1240.020489690531,20945380.24422054,-26.32322557428051,1240.020489690531,0.039232116101738,23014.795625443,-3280.8398950134,6.23748884,9.84848485,9.84848485,0.464881109,3.12036765,1239.12343,178.797066,3.12036765,-3.11712119,0,1,-0.523,0,0.0062080591,0.174,0.348,0,0.165778924,0.414447311,0.414334118,0,0,-0.0230097656,-1,-0.179864277,0,357.236211,-357.236211,360,2.76378924,0.0482281223,0.0387553217,0.0449633808,0,0,0,-100,-99.9997564,-2.79999318,-14.2988135,0,0,0,-0,-0.162057884,-0.0791814819,-0.0591060984,0.0176547521,0.00462113136,0.00712113136,-0.00616150848,-0.00866150848,0.0157826398,0.00789131992,-0.00652401647,-0.0018215054,0,0,37394.9,67.9907,1.29953,11.4517,159.767,0.166557,10.6226,175.135,2236.21,65,65,0.00339164431117718176,-7.16467914335623066e-05,20945380.3944244422,0.472492915826293935
9.5,0.4404484218867559,0.5221126344006333,-0.1582593493941737,-0.2889676667711041,-0.2681609256190594,0.1390246955733914,0.4445570484094398,0.5223132639312483,-0.1575277488590181,9.874148911,2338260.955,124.275492847,1526.62075078,123.8500408633698,0.2079242362813014,10.27240322049583,-2.19492075926913,0.2048407524096432,0.01274141227653303,0.6176804446098956,-0.1090818607996812,-2.271313880720994,3.507493291973077,-0.0422266075011577,-32.64646477591501,123.8500408633703,0.207924236281326,10.27240322049591,10.51641193661689,1521.572648812603,123.6001463394786,11.56740890218184,-5.796291781826048,123.6001463394786,123.5994498054439,-5.796276924633224,-11.57485653800471, 1337.930962, 2.857725524,-7.063917207, 2.857725524, 1379.179417, 7.371507843,-7.063917207, 7.371507843, 2338.252732,55.13760484,1774,40.97745208568207,-1.499436302142052,36.83934611048478,19735.109467287,23015.949362298,-0.3130871873929806,10.08500823136593,357.1927737490504,0.9958330425271958,-0.000567814071626281,0.08793469827992485,-0.02416025324012107,0.7663201848915694,0.0166824876914389,-0.6420041514856006,-0.01748537410037292,-0.7663261891474499,-0.01690462709485592,0.6419983407323612,0.01722021795523945,4.7413890775514,0.095861110525427,0.0034258994341734,0.0034489663710687,-7.3590739075515e-05,20945376.4005235,14467.75531151172,1252.391903429076,20945381.39721563,-26.9022624413119,1252.391903429076,0.039649923514962,23015.949362298,-3280.8398950176,6.23718997,9.84848485,9.84848485,0.46485873,3.12011511,1251.49257,178.782596,3.12011511,-3.11707485,0,1,-0.523,0,0.00546440227,0.163208753,0.348,0,0.15547124,0.388678101,0.393957429,0,0,-0.0230097656,-1,-0.150256514,0,357.219085,-357.219085,360,2.78091493,0.0485269656,0.0392247587,0.0446891609,0,0,0,-100,-99.9997796,-2.79999383,-14.3748504,0,0,0,-0,-0.161596968,-0.0789562787,-0.0591060984,0.016831109,0.00440554279,0.00690554279,-0.00587405705,-0.00837405705,0.0152795998,0.00763979992,-0.0073434922,-0.00205030302,0,0,38024.3,69.1351,1.29953,11.5417,161.643,0.193049,10.7595,177.291,2247.48,65,65,0.00342548581849743414,-7.323031595981841e-05,20945381.5479181409,0.444557048409439826
9.6,0.411344425340726,0.4950205672071197,-0.1435669273596226,-0.2904710025134161,-0.2741682162923029,0.1559874589049677,0.4154523457615995,0.4952228321186572,-0.1428318204450667,9.839218192,2334092.967,124.057913254,1526.59305933,123.6315325368851,0.2277701661890941,10.27414834775456,-2.174361647942847,0.1875649600473827,0.01593315678541529,0.5559839075044835,-0.0884778028632596,-2.244345618768774,3.551244934741925,-0.04400894544963048,-32.5778983552846,123.6315325368856,0.2277701661891188,10.27414834775464,10.57508039279967,1521.562784497613,123.3743462325468,11.637123567259,-5.806366136506554,123.3743462325468,123.3736385909277,-5.806350867445018,-11.64463101083247, 1337.930962, 2.857725524,-7.063917207, 2.857725524, 1379.179417, 7.371507843,-7.063917207, 7.371507843, 2338.252732,55.13760484,1774,40.97745208568207,-1.499436302142052,36.83934611048478,19736.27049306,23017.110388075,-0.2731032970785993,10.13596104873132,357.1770906340582,0.9957907172903653,-0.0001973057726253041,0.08836907181387449,-0.02432520453205254,0.7665972244740696,0.01706110689991855,-0.6416673108759573,-0.01734001768222745,-0.7666032406689502,-0.01728546926429766,0.6416613061169778,0.01707197060771221,4.7505339928537,0.10519503521521,0.0034596789335945,0.0034829733100686,-7.5177726839934e-05,20945377.45514952,14619.91206601411,1264.740605576819,20945382.55749365,-27.48241252405933,1264.740605576819,0.040067730928186,23017.110388075,-3280.8398950086,6.23691624,9.84848485,9.84848485,0.464836211,3.11986625,1263.83913,178.768336,3.11986625,-3.11704999,0,1,-0.523,0,0.00476655173,0.142319553,0.348,0,0.13508944,0.3377236,0.34267964,0,0,-0.0214757812,-1,-0.123237834,0,357.203401,-357.203401,360,2.7965992,0.0488006561,0.0396852702,0.044451822,0,0,0,-100,-99.9998005,-2.79999442,-14.4446254,0,0,0,-0,-0.161208824,-0.0787666315,-0.0591060984,0.0160556112,0.00420255624,0.00670255624,-0.00560340832,-0.00810340832,0.0148059646,0.00740298228,-0.00811619899,-0.00226604276,0,0,38658.2,70.2876,1.29953,11.6316,163.511,0.218875,10.8986,179.477,2258.83,65,65,0.00345926519639668016,-7.48169139673536597e-05,20945382.7087134831,0.415452345761599506
9.7,0.3827892968539861,0.4673755675386679,-0.127333825642333,-0.2772218140991699,-0.2789199956210908,0.1693693956930866,0.3868965483541009,0.4675793224173029,-0.1265953999394122,9.804693629,2329965.822,123.842513251,1526.56756329,123.4151902585483,0.245679564390219,10.27611518029865,-2.151604707584963,0.1659822114082184,0.01718317717763185,0.4957549857811614,-0.06939091507418778,-2.215421916245937,3.595574512501257,-0.04554224267652647,-32.51055974123354,123.4151902585488,0.2456795643902439,10.27611518029874,10.62765619617487,1521.554903865811,123.151340791455,11.70074677152314,-5.814453925899618,123.151340791455,123.1506223460048,-5.814438248762201,-11.70831379165415, 1337.930962, 2.857725524,-7.063917207, 2.857725524, 1379.179417, 7.371507843,-7.063917207, 7.371507843, 2338.252732,55.13760484,1774,40.97745208568207,-1.499436302142052,36.83934611048478,19737.438190468,23018.278085485,-0.235746651656901,10.18419598640645,357.1630183866546,0.9957504911412486,0.0001486270266665341,0.08878026538636276,-0.02447451286330568,0.7668593576245305,0.01741128744411478,-0.6413483445385771,-0.01720097819477903,-0.7668653869202789,-0.0176378766287888,0.6413421530516006,0.01693004343691369,4.7597301123174,0.11366380587444,0.0034933970386623,0.0035169184413077,-7.676719505838e-05,20945378.51533652,14772.06793453436,1277.066865817295,20945383.72443733,-28.0634694494438,1277.066865817295,0.04048553834141,23018.278085485,-3280.8398950128,6.23667064,9.84848485,9.84848485,0.464813563,3.11962111,1276.16337,178.75429,3.11962111,-3.11704953,0,1,-0.523,0,0.00411455527,0.122804748,0.348,0,0.116075104,0.290187759,0.294809698,0,0,-0.0230097656,-1,-0.0983030044,0,357.189328,-357.189328,360,2.81067249,0.0490462349,0.04013599,0.0442505453,0,0,0,-100,-99.9998195,-2.79999495,-14.5083087,0,0,0,-0,-0.160892181,-0.0786119197,-0.0591060984,0.0153289196,0.00401234471,0.00651234471,-0.00534979294,-0.00784979294,0.0143621377,0.00718106883,-0.00882315804,-0.00246342572,0,0,39295.3,71.446,1.29953,11.721,165.369,0.243397,11.0394,181.689,2270.27,65,65,0.00349298318175065474,-7.6406022164655243e-05,20945383.8761933818,0.386896548354100867
9.8,0.3560709555312028,0.4393417700968628,-0.1099446487575382,-0.2533118591643902,-0.2816680296310646,0.1786283819148414,0.3601775770001364,0.4395468607724369,-0.1092030954012765,9.770605093,2325883.305,123.629492103,1526.54413219,123.2012290908335,0.2612751505789399,10.27814202610749,-2.12674975684034,0.1412839977303588,0.0171730477453309,0.4366642453982621,-0.05169179496304646,-2.184562134273229,3.640384048536449,-0.04678772735656488,-32.4441300727575,123.2012290908339,0.261275150578965,10.27814202610758,10.67426817752736,1521.548861166335,122.9313248017308,11.75840729910273,-5.820700815617919,122.9313248017309,122.9305958590906,-5.820684734627394,-11.76603368404976, 1337.930962, 2.857725524,-7.063917207, 2.857725524, 1379.179417, 7.371507843,-7.063917207, 7.371507843, 2338.252732,55.13760484,1774,40.97745208568207,-1.499436302142052,36.83934611048478,19738.611957066,23019.451852078,-0.2008738670477522,10.22966235515614,357.1506914113294,0.9957124921305486,0.0004710931532106896,0.08916783572379806,-0.02460707537979627,0.7671063614142282,0.01773303350691488,-0.6410476564442579,-0.0170666917646904,-0.7671124044836456,-0.0179618537110205,0.6410412858165194,0.01679287281221088,4.7688942544213,0.12108740648096,0.0035270545406185,0.0035508025613557,-7.83586205298e-05,20945379.58048197,14924.22310804474,1289.370973372479,20945384.89744426,-28.64524195286867,1289.370973372479,0.040903345754634,23019.451852078,-3280.8398950104,6.23645549,9.84848485,9.84848485,0.464790798,3.11937972,1288.46557,178.740458,3.11937972,-3.11707577,0,1,-0.523,0,0.00350591036,0.104587056,0.348,0,0.0983277517,0.245819379,0.250137809,0,0,-0.0214757812,-1,-0.0749521314,0,357.177,-357.177,360,2.82300037,0.0492613565,0.0405759641,0.0440818745,0,0,0,-100,-99.9998367,-2.79999543,-14.5660291,0,0,0,-0,-0.160646329,-0.0784917962,-0.0591060984,0.0146486764,0.00383429104,0.00633429104,-0.00511238806,-0.00761238806,0.0139466791,0.00697333955,-0.00944934968,-0.00263825843,0,0,39934.2,72.6077,1.29953,11.8099,167.211,0.266065,11.1815,183.924,2281.76,65,65,0.00352664056525458852,-7.7997117375818177e-05,20945385.0497552492,0.360177577000136362
9.9,0.3320861620112552,0.4111333704080938,-0.09182677985458816,-0.2224256941255177,-0.2821870006117772,0.1834739389723409,0.3361921936346666,0.4113396383476944,-0.09108229258193992,9.736981456,2321849.107,123.419044084,1526.52265051,122.9898535411986,0.2743022418426966,10.28013262629477,-2.099908274921531,0.1147205490508379,0.01652473153397693,0.3785411009813444,-0.03520538062624825,-2.151811669711658,3.685585682371698,-0.0477210227027859,-32.37845166047334,122.9898535411991,0.2743022418427218,10.28013262629485,10.71502033045254,1521.544526075373,122.7144898416697,11.81020910280829,-5.825237030908839,122.7144898416697,122.7137507125641,-5.825220550733906,-11.81789466062247, 1337.930962, 2.857725524,-7.063917207, 2.857725524, 1379.179417, 7.371507843,-7.063917207, 7.371507843, 2338.252732,55.13760484,1774,40.97745208568207,-1.499436302142052,36.83934611048478,19739.791201908,23020.631096921,-0.168237890973038,10.27232844889852,357.1402032521229,0.9956768196481046,0.000772137997574414,0.08953148050635559,-0.02472222920144122,0.7673380923208778,0.01802732261727729,-0.6407655306314505,-0.01693524334647585,-0.7673441491982576,-0.01825837834233871,0.640758988408637,0.01665854390547047,4.77797328346,0.12734156081069,0.0035606522836109,0.003584626520045,-7.9951517891605e-05,20945380.64999483,15076.3777636759,1301.653236804333,20945386.0759235,-29.22755260209851,1301.653236804333,0.041321153167858,23020.631096921,-3280.8398950113,6.23627244,9.84848485,9.84848485,0.464767929,3.11914211,1300.74604,178.726843,3.11914211,-3.11713033,0,1,-0.523,0,0.00293630512,0.0875356228,0.348,0,0.0817002282,0.204250571,0.208305747,0,0,-0.0214757812,-1,-0.0527150066,0,357.166511,-357.166511,360,2.8334893,0.0494443883,0.0410041881,0.0439404932,0,0,0,-100,-99.9998522,-2.79999586,-14.6178905,0,0,0,-0,-0.160470898,-0.078406081,-0.0591060984,0.0140103501,0.00366720914,0.00616720914,-0.00488961218,-0.00738961218,0.0135568213,0.00677841066,-0.00998415424,-0.00278757586,0,0,40573.5,73.77,1.29953,11.8979,169.034,0.286441,11.3247,186.178,2293.29,65,65,0.0035602381908204383,-7.95897132872355913e-05,20945386.2288077138,0.336192193634666625
10,0.3113828371442558,0.3829693182003749,-0.07342592722233789,-0.1878063441565345,-0.280617234403179,0.1838500593758941,0.3154883199301891,0.3831766046622825,-0.07267870110421042,9.703850361,2317866.792,123.211356888,1526.50302095,122.7812565744849,0.2846314327083856,10.2820467404196,-2.071199301980233,0.08753381531731796,0.01573040880183996,0.3213462688860034,-0.01973258002872981,-2.117243316030033,3.731098654693806,-0.04833250230073711,-32.31350078167271,122.7812565744854,0.284631432708411,10.28204674041968,10.75000645764276,1521.541787151617,122.5010215752767,11.85624595362174,-5.828173910838748,122.5010215752767,122.5002725748606,-5.828157036592883,-11.86399051229484, 1337.930962, 2.857725524,-7.063917207, 2.857725524, 1379.179417, 7.371507843,-7.063917207, 7.371507843, 2338.252732,55.13760484,1774,40.97745208568207,-1.499436302142052,36.83934611048478,19740.975343812,23021.815238825,-0.1375259733393051,10.31218448409875,357.1316034143904,0.9956435400130281,0.001054417590650755,0.08987107106308115,-0.0248197505999716,0.7675545062301945,0.01829587461310071,-0.6405021049697297,-0.01680459660954071,-0.7675605762392109,-0.0185291706138792,0.6404953983713503,0.01652502056935268,4.786940058155,0.13235950587582,0.0035941911634492,0.003618391219217,-8.1545434875403e-05,20945381.72329383,15228.53206645033,1313.913983559823,20945387.2592939,-29.81023606292001,1313.913983559823,0.041738960581082,23021.815238825,-3280.8398950088,6.23612234,9.84848485,9.84848485,0.464744964,3.11890828,1313.00509,178.713445,3.11890828,-3.11721406,0,1,-0.523,0,0.00240028104,0.0714858219,0.348,0,0.0660177687,0.165044422,0.16888175,0,0,-0.0199417969,-1,-0.0311704678,0,357.15791,-357.15791,360,2.84208977,0.0495944666,0.0414196456,0.0438199266,0,0,0,-100,-99.9998663,-2.79999626,-14.6639868,0,0,0,-0,-0.160365661,-0.0783546621,-0.0591060984,0.0134079957,0.00350954287,0.00600954287,-0.00467939049,-0.00717939049,0.0131889334,0.00659446668,-0.0104215302,-0.00290969124,0,0,41211.5,74.9301,1.29953,11.9849,170.831,0.30421,11.4686,188.448,2304.84,65,65,0.00359377695428873302,-8.11833559295925739e-05,20945387.4127689749,0.315488319930189054
10.1,0.2942054459259548,0.355043783795775,-0.05518369906345463,-0.1522300049417802,-0.2773117262082255,0.17991144990037,0.2983104212299677,0.3552519336195127,-0.05443392919288199,9.671237964,2313939.769,123.006609928,1526.48516584,122.5756189598222,0.2922549853880776,10.2838859142447,-2.040747058194881,0.06089944237499159,0.01512757257182429,0.2651341320884484,-0.005068562732606946,-2.0809553516731,3.776845172002725,-0.0486268281928758,-32.24935016106307,122.5756189598227,0.2922549853881031,10.28388591424478,10.77932146152571,1521.5405532953,122.2910970861083,11.89661273323807,-5.829602457166666,122.2910970861083,122.2903385336255,-5.829585194392497,-11.90441614065131, 1337.930962, 2.857725524,-7.063917207, 2.857725524, 1379.179417, 7.371507843,-7.063917207, 7.371507843, 2338.252732,55.13760484,1774,40.97745208568207,-1.499436302142052,36.83934611048478,19742.163810983,23023.003705989,-0.1083928236747146,10.3492416978173,357.1248965502721,0.9956126863808161,0.001320911790915406,0.0901866511637562,-0.02489983657541331,0.7677556575160057,0.01854093581251344,-0.6402573719483923,-0.01667278372378622,-0.7677617392652109,-0.01877647704549193,0.6402505076490184,0.01639033512143049,4.79578708311,0.13613083856751,0.0036276721256175,0.0036520976107226,-8.3139946900683e-05,20945382.79980706,15380.68617125882,1326.153559244551,20945388.44698367,-30.39313712277908,1326.153559244551,0.042156767994306,23023.003705989,-3280.8398950129,6.23600529,9.84848485,9.84848485,0.464721917,3.11867826,1325.24308,178.700264,3.11867826,-3.11732703,0,1,-0.523,0,0.00189181166,0.0562565268,0.348,0,0.0510944876,0.127736219,0.131402397,0,0,-0.0230097656,-1,-0.00996068523,0,357.151203,-357.151203,360,2.84879713,0.04971151,0.0418213469,0.0437131586,0,0,0,-100,-99.999879,-2.79999661,-14.7044128,0,0,0,-0,-0.160330369,-0.0783374184,-0.0591060984,0.0128349224,0.00335954094,0.00585954094,-0.00447938792,-0.00697938792,0.0128389289,0.00641946443,-0.0107599557,-0.00300417962,0,0,41846.7,76.0849,1.29953,12.0706,172.599,0.319186,11.6129,190.73,2316.38,65,65,0.00362725780140791577,-8.27776184832451249e-05,20945388.6010664776,0.298310421229967704
10.2,0.2805423688767014,0.3275108666682492,-0.03751778918404539,-0.1179932065073062,-0.2727093998134306,0.1719948233103261,0.2846468779667054,0.3277197315994978,-0.03676566949605284,9.639168695,2310071.257,122.804972661,1526.46902672,122.3731088007651,0.2972778797440911,10.28567831927307,-2.008679832159538,0.03587874920218915,0.01490610329706499,0.2100143348338861,0.008982319568493501,-2.043067774694878,3.822746291716396,-0.04862180645193297,-32.18613049852237,122.3731088007656,0.2972778797441167,10.28567831927316,10.80306876641406,1521.540753546474,122.0848825062515,11.93141285695299,-5.829593541657808,122.0848825062516,122.0841147242149,-5.829575896300955,-11.93927498063712, 1337.930962, 2.857725524,-7.063917207, 2.857725524, 1379.179417, 7.371507843,-7.063917207, 7.371507843, 2338.252732,55.13760484,1774,40.97745208568207,-1.499436302142052,36.83934611048478,19743.356041465,23024.195936472,-0.08048872456869113,10.38352913353577,357.1200437760885,0.9955842615654873,0.001574679008861692,0.09047841502462678,-0.02496307120035551,0.767941685483054,0.0187650817846149,-0.6400311962238887,-0.01653805500297073,-0.7679477769182212,-0.01900287336036151,0.6400241801980728,0.01625273799078187,4.8045196513623,0.13869784030825,0.0036610961625942,0.0036857466937234,-8.4734651505951e-05,20945383.87897251,15532.84022489692,1338.372326642994,20945389.63843087,-30.97610865499882,1338.372326642994,0.04257457540753,23024.195936472,-3280.8398950137,6.23592059,9.84848485,9.84848485,0.464698798,3.11845203,1337.46035,178.687301,3.11845203,-3.11746856,0,1,-0.523,0,0.00140479325,0.0416647439,0.348,0,0.0367471848,0.0918679621,0.0954078005,0,0,-0.0214757812,-1,0.0111994702,0,357.14635,-357.14635,360,2.85365026,0.0497961971,0.0422083655,0.0436131588,0,0,0,-100,-99.9998905,-2.79999694,-14.7392719,0,0,0,-0,-0.160364647,-0.0783541665,-0.0591060984,0.0122842645,0.00321540623,0.00571540623,-0.00428720831,-0.00678720831,0.0125026145,0.00625130727,-0.0110021634,-0.00307180403,0,0,42477.2,77.2314,1.29953,12.1548,174.333,0.331318,11.7574,193.018,2327.89,65,65,0.00366068172512439395,-8.43720959033171866e-05,20945389.7931374609,0.284646877966705347
10.3,0.2701739434299901,0.3004804052059902,-0.02080520358957057,-0.08691366893754812,-0.267244102808851,0.160586657025051,0.2742780271142911,0.3006898466800879,-0.02005092589821384,9.607665033,2306264.256,122.606603074,1526.45456277,122.1738811439315,0.2999045487318384,10.28746522603175,-1.975129646796419,0.0133812037496533,0.01513416013461466,0.1561185159351837,0.02259496422961411,-2.00371780548813,3.868718560003313,-0.04834670214528107,-32.12399699672324,122.173881143932,0.299904548731864,10.28746522603184,10.82136411943819,1521.542335559336,121.8825310667364,11.96076207432582,-5.82819943499366,121.8825310667365,121.8817543798386,-5.828181413370308,-11.96868280105267, 1337.930962, 2.857725524,-7.063917207, 2.857725524, 1379.179417, 7.371507843,-7.063917207, 7.371507843, 2338.252732,55.13760484,1774,40.97745208568207,-1.499436302142052,36.83934611048478,19744.551484264,23025.391379273,-0.05348250345398083,10.41508941038104,357.1169658434073,0.9955582425358139,0.001818653760505773,0.09074667563574883,-0.02501037941657916,0.7681127951496411,0.01897104153140394,-0.6398233401944559,-0.0163989893904756,-0.7681188936515382,-0.01921108867420995,0.6398161776216106,0.01611080820940818,4.8131496715433,0.14014972769585,0.0036944643105792,0.0037193395113967,-8.6329163024962e-05,20945384.96023907,15684.9943680123,1350.570664522124,20945390.83308453,-31.55900967259549,1350.570664522124,0.042992382820754,23025.391379273,-3280.8398950145,6.23586687,9.84848485,9.84848485,0.464675618,3.11822959,1349.65728,178.674556,3.11822959,-3.11763728,0,1,-0.523,0,0.000933445777,0.0275375502,0.348,0,0.0228064457,0.0570161143,0.06047003,0,0,-0.0214757812,-1,0.0325176443,0,357.143272,-357.143272,360,2.85672842,0.049849911,0.0425798708,0.0435133166,0,0,0,-100,-99.999901,-2.79999723,-14.76868,0,0,0,-0,-0.160467933,-0.0784046322,-0.0591060984,0.0117494514,0.00307541891,0.00557541891,-0.00410055855,-0.00660055855,0.0121759775,0.00608798873,-0.0111547065,-0.00311439406,0,0,43101.4,78.3661,1.29953,12.2373,176.026,0.340677,11.9018,195.309,2339.36,65,65,0.00369404976227931435,-8.59663997694771212e-05,20945390.9884301014,0.274278027114291056
10.4,0.2627201195633159,0.2739858349594795,-0.005367039773865294,-0.06031802231157509,-0.2631065202872828,0.1463779150502386,0.2668238178962072,0.2741957262914724,-0.004610793070814026,9.576743916,2302521.119,122.411624558,1526.44174749,121.9780557649012,0.3004223181368886,10.28928983187327,-1.941173298117902,-0.005866213076653406,0.01572620042865935,0.1033937105419724,0.03596190135685857,-1.963984182305313,3.913724169079192,-0.04784011439995984,-32.06309403258992,121.9780557649017,0.3004223181369142,10.28928983187336,10.83433236724654,1521.545264163755,121.6841601064967,11.98478524559731,-5.825455243349813,121.6841601064967,121.6833748406994,-5.825436852118089,-11.99276447941514, 1337.930962, 2.857725524,-7.063917207, 2.857725524, 1379.179417, 7.371507843,-7.063917207, 7.371507843, 2338.252732,55.13760484,1774,40.97745208568207,-1.499436302142052,36.83934611048478,19745.749600537,23026.589495549,-0.02707940521370872,10.44397407888006,357.1155478687836,0.9955345858958138,0.002055487017102986,0.0909918285423669,-0.025042971007647,0.768269235511618,0.01916154498351931,-0.6396334934850886,-0.01625456773648301,-0.7682753380275316,-0.0194038530003522,0.6396261887093391,0.01596352669644105,4.8216913880856,0.14061530710094,0.0037277776448741,0.0037528771462846,-8.7923107780232e-05,20945386.04306782,15837.14873686318,1362.748965942731,20945392.03040581,-32.14170357119474,1362.748965942731,0.043410190233978,23026.589495549,-3280.8398950152,6.23584212,9.84848485,9.84848485,0.464652387,3.11801094,1361.83426,178.662027,3.11801094,-3.11783118,0,1,-0.523,0,0.00047262478,0.013721363,0.348,0,0.00912507956,0.0228126989,0.0262148704,0,0,-0.0214757812,-1,0.054123431,0,357.141853,-357.141853,360,2.8581465,0.0498746565,0.0429351558,0.0434077806,0,0,0,-100,-99.9999104,-2.79999749,-14.792762,0,0,0,-0,-0.160639498,-0.0784884586,-0.0591060984,0.0112245782,0.00293803335,0.00543803335,-0.0039173778,-0.0064173778,0.0118554112,0.00592770558,-0.0112273901,-0.00313468733,0,0,43716.9,79.4853,1.29953,12.3177,177.676,0.347371,12.0431,197.545,2350.72,65,65,0.00372736298895718016,-8.75601536308031155e-05,20945392.1864048094,0.266823817896207238
10.5,0.2576951273804848,0.2477727802833696,0.00855106530078034,-0.0389613959268049,-0.2609754257651497,0.1300423825988708,0.2617984796425515,0.2479830081927852,0.009309094254047348,9.546397615,2298841.233,122.220003175,1526.43056176,121.785596875605,0.2991812307955399,10.29116419148338,-1.907433762238962,-0.02135379307621472,0.01612689032045722,0.05171768707221247,0.0492203484390169,-1.92452692419975,3.957120776689012,-0.04714726708531037,-32.00342440409668,121.7855968756055,0.2991812307955656,10.29116419148347,10.84207790717037,1521.549524189269,121.4897306810421,12.00358679578877,-5.821376062076652,121.4897306810421,121.4889371645992,-5.821357308253623,-12.01162444792592, 1337.930962, 2.857725524,-7.063917207, 2.857725524, 1379.179417, 7.371507843,-7.063917207, 7.371507843, 2338.252732,55.13760484,1774,40.97745208568207,-1.499436302142052,36.83934611048478,19746.949863032,23027.789758042,-0.001033602574366665,10.47022480455663,357.1156459812995,0.9955132452477544,0.002287428333604245,0.09121419141554364,-0.02506227228947277,0.7684111983752462,0.01933919135209419,-0.639461398662152,-0.01610420784793962,-0.7684173015712454,-0.01958376564831548,0.6394539552025154,0.01581031134599254,4.8301507102744,0.14025395604862,0.0037610372507191,0.0037863606909351,-8.9516118843261e-05,20945387.12693138,15989.30346523377,1374.907627598424,20945393.22986745,-32.72405621354847,1374.907627598424,0.043827997647202,23027.789758042,-3280.8398950127,6.23584383,9.84848485,9.84848485,0.464629115,3.11779608,1373.99167,178.649716,3.11779608,-3.11804775,0,1,-0.523,0,1.80397681e-05,8.83894609e-05,0.348,0,-0.00441636767,-0.0110409192,-0.00766359361,0,0,-0.0214757812,-1,0.0760746204,0,357.141952,-357.141952,360,2.85804838,0.0498729443,0.0432736587,0.0432916985,0,0,0,-100,-99.9999189,-2.79999773,-14.8116222,0,0,0,-0,-0.160878853,-0.0786054077,-0.0591060984,0.0107046715,0.00280194777,0.00530194777,-0.00373593036,-0.00623593036,0.0115378781,0.00576893906,-0.0112325736,-0.00313613454,0,0,44319.8,80.5815,1.29953,12.396,179.279,0.351643,12.1795,199.692,2361.79,65,65,0.00376062249136127754,-8.91529878998950973e-05,20945393.3865336776,0.26179847964255154
10.6,0.2545500427194832,0.2217684667469594,0.02076180459545255,-0.02335389052644477,-0.2588833404310302,0.1121993498371407,0.2586530875620838,0.2219789322674889,0.02152142998916549,9.516628652,2295225.215,122.03177025,1526.42099706,121.5965373174905,0.2965741023875026,10.29306108148347,-1.873202537754953,-0.03274545421966785,0.01623572377183535,0.001151843237479966,0.06240303008890001,-1.884656714127081,3.999617964540739,-0.04631799855082826,-31.9449276418968,121.596537317491,0.2965741023875283,10.29306108148355,10.84471197303736,1521.555105816595,121.299268150186,12.01727799002112,-5.815971644448695,121.299268150186,121.298466712913,-5.815952535387259,-12.02537398302741, 1337.930962, 2.857725524,-7.063917207, 2.857725524, 1379.179417, 7.371507843,-7.063917207, 7.371507843, 2338.252732,55.13760484,1774,40.97745208568207,-1.499436302142052,36.83934611048478,19748.15175508,23028.991650091,0.02484469135933958,10.49386329587245,357.1170942173478,0.9954941818575344,0.002516256433320223,0.09141391842137887,-0.02506985959692607,0.7685387653463577,0.0195063530132997,-0.6393069193230106,-0.01594776654388019,-0.7685448657683223,-0.0197531991356462,0.6392993399230641,0.01565101910398679,4.8385125142188,0.13924620672357,0.0037942442082386,0.0038197912327458,-9.1107832436446e-05,20945388.21131302,16141.4586857493,1387.047044312239,20945394.43095282,-33.3059346141963,1387.047044312239,0.044245805060426,23028.991650091,-3280.8398950069,6.23586911,9.84848485,9.84848485,0.464605812,3.117585,1386.12992,178.63762,3.117585,-3.11828411,0,1,-0.523,0,-0.000433621666,-0.0134597246,0.348,0,-0.0179067628,-0.0447669071,-0.0413954015,0,0,-0.0199417969,-1,0.0983637727,0,357.1434,-357.1434,360,2.85660004,0.0498476707,0.0435949775,0.0431613558,0,0,0,-100,-99.9999266,-2.79999795,-14.8253719,0,0,0,-0,-0.161185429,-0.0787552008,-0.0591060984,0.0101858456,0.00266614508,0.00516614508,-0.00355486011,-0.00605486011,0.0112210052,0.0056105026,-0.0111844089,-0.00312268695,0,0,44907.9,81.6508,1.29953,12.4718,180.831,0.353936,12.313,201.789,2372.55,65,65,0.00379382935075663324,-9.07445363528358806e-05,20945394.5882995911,0.258653087562083772
10.7,0.252698601081443,0.1959813943482601,0.03114718078525281,-0.01368819765242865,-0.2565786170875411,0.09357739321315933,0.2568013764582995,0.1961920132172223,0.03190821781036612,9.48744159,2291673.926,121.846970164,1526.41305017,121.4109229084507,0.2930187383749772,10.29495394444429,-1.838548459872127,-0.0398960344432448,0.01611365088713157,-0.04836882982500157,0.07554394790632439,-1.8444377307834,4.041160635954486,-0.04540442045496558,-31.88755526235347,121.4109229084512,0.2930187383750029,10.29495394444437,10.84234222127016,1521.562003479397,121.1128106809571,12.0259665189836,-5.809247492055664,121.1128106809571,121.1120016541797,-5.809228035437235,-12.03412078763128, 1337.930962, 2.857725524,-7.063917207, 2.857725524, 1379.179417, 7.371507843,-7.063917207, 7.371507843, 2338.252732,55.13760484,1774,40.97745208568207,-1.499436302142052,36.83934611048478,19749.354771074,23030.194666088,0.05068512750298675,10.51490952210248,357.1197106831411,0.9954773525799014,0.00274324264313143,0.09159115963710401,-0.02506740107474497,0.7686520120201894,0.01966510849331876,-0.6391699188370439,-0.01578552435326246,-0.7686581062568693,-0.01991423212783436,0.6391622055448569,0.01548593062739254,4.8467613861133,0.13778556156471,0.0038273996080303,0.0038531698696582,-9.2697886875211e-05,20945389.29570699,16293.61453026347,1399.167614735498,20945395.6331563,-33.88720655274847,1399.167614735498,0.04466361247365,23030.194666088,-3280.8398950141,6.23591478,9.84848485,9.84848485,0.464582489,3.11737769,1398.24938,178.625741,3.11737769,-3.11853709,0,1,-0.523,0,-0.000884622357,-0.0269897978,0.348,0,-0.0314027317,-0.0785068292,-0.0751302331,0,0,-0.0184078125,-1,0.120922729,0,357.146017,-357.146017,360,2.85398338,0.04980201,0.0438988783,0.043014256,0,0,0,-100,-99.9999336,-2.79999814,-14.8341189,0,0,0,-0,-0.161558666,-0.0789375641,-0.0591060984,0.00966539566,0.00252991731,0.00502991731,-0.00337322308,-0.00587322308,0.0109031404,0.0054515702,-0.0110981928,-0.00309861542,0,0,45479.6,82.6901,1.29953,12.545,182.328,0.354689,12.4437,203.836,2382.99,65,65,0.00382698465891497192,-9.23344351368697743e-05,20945395.7911966108,0.25680137645829948
10.8,0.2515492399083493,0.1704394118748638,0.03966175237220835,-0.009855003343722567,-0.2539372890718013,0.07489230509982325,0.2556517829863773,0.1706501143686406,0.04042401755345269,9.458839955,2288188.099,121.665640655,1526.406719,121.2287921857992,0.2889386947325612,10.29682356555012,-1.803548057291729,-0.04284926099784765,0.01584522754681572,-0.09689357335680171,0.08864293780853723,-1.803943354122725,4.081689747691209,-0.04445852899696636,-31.83127555373111,121.2287921857997,0.2889386947325869,10.2968235655502,10.83507055145502,1521.570213279229,120.930389560506,12.02975431764804,-5.801207437969409,120.930389560506,120.9295732771693,-5.801187641800597,-12.03796680853644, 1337.930962, 2.857725524,-7.063917207, 2.857725524, 1379.179417, 7.371507843,-7.063917207, 7.371507843, 2338.252732,55.13760484,1774,40.97745208568207,-1.499436302142052,36.83934611048478,19750.558415886,23031.398310899,0.0765562942107601,10.53338552899056,357.123304822005,0.9954627092674448,0.002969137693479357,0.09174609461914936,-0.02505659197516633,0.7687510313005081,0.01981718738245235,-0.6390502361922387,-0.01561814909961918,-0.7687571161399791,-0.02006859434291939,0.6390423904673355,0.01531571385981063,4.8548855605616,0.13606950342497,0.0038605045502137,0.0038864977091995,-9.4285921674029e-05,20945390.37961807,16445.77113018522,1411.269740999919,20945396.83598277,-34.46774024707702,1411.269740999919,0.045081419886874,23031.398310899,-3280.8398950148,6.2359775,9.84848485,9.84848485,0.464559154,3.11717414,1410.35047,178.614078,3.11717414,-3.11880336,0,1,-0.523,0,-0.0013361594,-0.0405366859,0.348,0,-0.044928791,-0.112321977,-0.108937296,0,0,-0.0184078125,-1,0.143631649,0,357.149611,-357.149611,360,2.85038898,0.0497392877,0.0441852978,0.0428491384,0,0,0,-100,-99.9999399,-2.79999832,-14.8379651,0,0,0,-0,-0.161998063,-0.0791522537,-0.0591060984,0.00914182901,0.00239287374,0.00489287374,-0.00319049832,-0.00569049832,0.0105833721,0.00529168603,-0.0109896512,-0.00306831061,0,0,46033,83.6963,1.29953,12.6152,183.763,0.354381,12.5712,205.83,2393.11,65,65,0.00386008951709385963,-9.39223219332632774e-05,20945396.9947294071,0.255651782986377307
10.9,0.2505332036997367,0.1451775920986895,0.04632992011248545,-0.01148978408481287,-0.2509458364345308,0.05681597326935309,0.2546355507806878,0.1453883223588185,0.047093231739132,9.430826152,2284768.334,121.487812208,1526.4019993,121.050175778465,0.2847450408735135,10.29865910023018,-1.768282601556665,-0.04182236845026399,0.01551113438176799,-0.1444542097642056,0.1016690898417846,-1.763255380052863,4.121144000562329,-0.04353001972292394,-31.77607488751262,121.0501757784655,0.2847450408735392,10.29865910023027,10.82299482202028,1521.579729728606,120.752028305799,12.02873927842135,-5.791856904794703,120.7520283057989,120.7512051004786,-5.791836777401642,-12.0370099495021, 1337.930962, 2.857725524,-7.063917207, 2.857725524, 1379.179417, 7.371507843,-7.063917207, 7.371507843, 2338.252732,55.13760484,1774,40.97745208568207,-1.499436302142052,36.83934611048478,19751.762204342,23032.602099351,0.1024678587789618,10.54931681571573,357.1276846743338,0.9954501999862486,0.003194184528278251,0.09187894409207105,-0.02503909273641995,0.7688359425248426,0.01996393560673936,-0.638947678589737,-0.01544664305968018,-0.7688420150970413,-0.02021763181973026,0.6389397014302098,0.01514137118615862,4.8628774622788,0.13429087017279,0.003893560142424,0.0039197758664636,-9.5871577543281e-05,20945391.46256096,16597.92861647983,1423.35382798445,20945398.03894707,-35.04740435216809,1423.35382798445,0.045499227300098,23032.602099351,-3280.8398950122,6.23605395,9.84848485,9.84848485,0.464535818,3.11697436,1422.43357,178.602631,3.11697436,-3.11907959,0,1,-0.523,0,-0.00178840151,-0.0541044524,0.348,0,-0.0584790182,-0.146197546,-0.142809146,0,0,-0.0184078125,-1,0.166329274,0,357.153991,-357.153991,360,2.8460088,0.0496628536,0.0444543389,0.0426659373,0,0,0,-100,-99.9999456,-2.79999848,-14.8370084,0,0,0,-0,-0.162503163,-0.0793990453,-0.0591060984,0.00861483394,0.00225493278,0.00475493278,-0.00300657704,-0.00550657704,0.0102615098,0.00513075491,-0.0108742441,-0.00303608896,0,0,46566.4,84.6662,1.29953,12.6823,185.133,0.353506,12.6956,207.769,2402.9,65,65,0.00389314503397965609,-9.5507835991729217e-05,20945398.1984127089,0.254635550780687836
11,0.2491279155817716,0.1202284110910254,0.05124030601173112,-0.01802074892785498,-0.2476727739671808,0.03994998587647113,0.2532301020476783,0.1204391260067945,0.05200448457574641,9.403401399,2281415.079,121.313507558,1526.39888176,120.87509604897,0.280819961735304,10.3004568533981,-1.732835706738634,-0.03718441870978369,0.01517114153378429,-0.1910686268937418,0.1145652763624911,-1.722462318266743,4.159460799643163,-0.04266435840580714,-31.72195390620154,120.8750960489705,0.2808199617353297,10.30045685339819,10.80621045169977,1521.590542894729,120.5777419005806,12.02301685023936,-5.781205762052164,120.5777419005806,120.5769121093975,-5.781185312072228,-12.03134567026723, 1337.930962, 2.857725524,-7.063917207, 2.857725524, 1379.179417, 7.371507843,-7.063917207, 7.371507843, 2338.252732,55.13760484,1774,40.97745208568207,-1.499436302142052,36.83934611048478,19752.965660945,23033.805555955,0.1283752475048353,10.56273258415158,357.1326637425487,0.9954397709068281,0.0034181531534957,0.09198997128389211,-0.02501647275636195,0.7689068937458791,0.02010630030983649,-0.6388620218367616,-0.01527227856475566,-0.7689129516454304,-0.02036229179934702,0.6388539139194361,0.01496417503266065,4.8707331821681,0.13263002038016,0.0039265674975789,0.003953005461862,-9.7454497225422e-05,20945392.54406006,16750.0871193634,1435.420282498674,20945399.2415737,-35.6260682657994,1435.420282498674,0.045917034713322,23033.805555955,-3280.8398950129,6.23614085,9.84848485,9.84848485,0.464512488,3.11677833,1434.49909,178.591398,3.11677833,-3.11936252,0,1,-0.523,0,-0.00224057075,-0.0676688595,0.348,0,-0.0720199581,-0.180049895,-0.176668674,0,0,-0.0199417969,-1,0.188823839,0,357.158971,-357.158971,360,2.84102937,0.0495759625,0.044706261,0.0424656903,0,0,0,-100,-99.9999508,-2.79999862,-14.8313443,0,0,0,-0,-0.163073523,-0.0796777234,-0.0591060984,0.00808519642,0.00211630016,0.00461630016,-0.00282173355,-0.00532173355,0.00993803372,0.00496901686,-0.01076653,-0.00300601518,0,0,47078.2,85.5967,1.29953,12.7461,186.431,0.35255,12.8167,209.651,2412.35,65,65,0.00392615232341463061,-9.70906189852013184e-05,20945399.4017710537,0.253230102047678263
11.1,0.2468755201463617,0.09561495906975188,0.05453773535980509,-0.028717415633908,-0.24423728768078,0.02480473045999187,0.2509775804372616,0.09582562679600377,0.05530260393245967,9.376565678,2278128.634,121.142741319,1526.39734962,120.703566951387,0.2775027600756612,10.30221780826314,-1.697291453759613,-0.0294298320306591,0.01485649001986999,-0.2367469532500124,0.1272534309081441,-1.681657118137641,4.19657676372079,-0.04190117252431655,-31.66892104141735,120.7035669513875,0.277502760075687,10.30221780826323,10.78481151819206,1521.602636036563,120.4075362342062,12.01268113511127,-5.769270689884554,120.4075362342062,120.4067001946745,-5.769249926255958,-12.02106808303166, 1337.930962, 2.857725524,-7.063917207, 2.857725524, 1379.179417, 7.371507843,-7.063917207, 7.371507843, 2338.252732,55.13760484,1774,40.97745208568207,-1.499436302142052,36.83934611048478,19754.16831968,23035.008214696,0.154186329943497,10.57366512892607,357.1380671836715,0.9954313685852887,0.003640393200149276,0.09207947537797005,-0.02499016182191071,0.7689640587141398,0.02024483267398137,-0.6387930165897607,-0.01509652648900558,-0.7689701000991905,-0.02050312554801852,0.6387847784164914,0.0147855963558172,4.8784513492852,0.13124806891189,0.0039595277314619,0.0039861876186917,-9.9034327046647e-05,20945393.62364922,16902.24676773579,1447.469512399522,20945400.44339665,-36.20360269577577,1447.469512399522,0.046334842126546,23035.008214696,-3280.8398950168,6.23623516,9.84848485,9.84848485,0.464489176,3.11658606,1446.54744,178.580381,3.11658606,-3.1196491,0,1,-0.523,0,-0.00269105912,-0.0811808982,0.348,0,-0.0854944856,-0.213736214,-0.210378554,0,0,-0.0184078125,-1,0.210904135,0,357.164374,-357.164374,360,2.83562553,0.0494816655,0.0449414652,0.0422504061,0,0,0,-100,-99.9999555,-2.79999875,-14.8210668,0,0,0,-0,-0.163708705,-0.0799880733,-0.0591060984,0.0075546751,0.00197743621,0.00447743621,-0.00263658161,-0.00513658161,0.00961401782,0.00480700891,-0.010679612,-0.00298174766,0,0,47566.5,86.4845,1.29953,12.8063,187.653,0.351972,12.9342,211.473,2421.46,65,65,0.00395911250195357927,-9.86703165625397744e-05,20945400.6043385305,0.250977580437261594
11.2,0.2433965718808367,0.07134720167040588,0.05641339148215458,-0.04273892245708727,-0.2407805814475425,0.01178437126066426,0.2474985395083991,0.07155779986797965,0.05717877598428781,9.350317713,2274909.136,120.975519756,1526.39737684,120.5355940566942,0.2750786653032131,10.30394474655476,-1.661732955308875,-0.01914870864148457,0.01456958257870511,-0.2814984244342753,0.1396402501319524,-1.640934655324743,4.232428019465287,-0.04127300680746957,-31.61698537101939,120.5355940566947,0.2750786653032389,10.30394474655485,10.75889118971029,1521.615983793692,120.2414077825658,11.99782531788667,-5.756076990496914,120.2414077825658,120.2405658334163,-5.756055922447036,-12.00627038217405, 1337.930962, 2.857725524,-7.063917207, 2.857725524, 1379.179417, 7.371507843,-7.063917207, 7.371507843, 2338.252732,55.13760484,1774,40.97745208568207,-1.499436302142052,36.83934611048478,19755.369723883,23036.209618892,0.1797695765135006,10.58214867666423,357.143737107242,0.9954249423295316,0.003859899872340782,0.09214777989060563,-0.02496141066640294,0.7690076303326225,0.02037970665978272,-0.6387403982456185,-0.01492098172690718,-0.7690136539968915,-0.02064030710053094,0.6387320302891549,0.0146072301220791,4.8860317922952,0.13028140047904,0.0039924419601854,0.0040193234605805,-0.0001006107190407,20945394.70087164,17054.40768840443,1459.501925663783,20945401.64395925,-36.77988043632286,1459.501925663783,0.046752649539771,23036.209618892,-3280.8398950174,6.23633412,9.84848485,9.84848485,0.464465888,3.11639753,1458.579,178.569578,3.11639753,-3.11993659,0,1,-0.523,0,-0.00313757101,-0.0945710816,0.348,0,-0.0988263461,-0.247065865,-0.243752448,0,0,-0.0168738281,-1,0.232350297,0,357.170045,-357.170045,360,2.82995519,0.049382718,0.0451604747,0.0420229037,0,0,0,-100,-99.9999597,-2.79999887,-14.8062693,0,0,0,-0,-0.164408265,-0.0803298783,-0.0591060984,0.00702584498,0.00183901492,0.00433901492,-0.0024520199,-0.0049520199,0.00929103482,0.00464551741,-0.0106246837,-0.00296641169,0,0,48029.6,87.3266,1.29953,12.8627,188.795,0.352181,13.048,213.232,2430.21,65,65,0.00399202668631039835,-0.000100246580457598019,20945401.8056586534,0.247498539508399062
11.3,0.2383989460757105,0.04742085828246854,0.05709373582676781,-0.05918092124695407,-0.2374431195015796,0.001177755263240402,0.2425008536719997,0.04763137217312329,0.05785946517049363,9.324654966,2271756.567,120.811840718,1526.39892687,120.3711747062223,0.2737706974546592,10.30563957302962,-1.626241257402627,-0.006995503784359883,0.0142885192362705,-0.3253375321555652,0.1516230219343568,-1.600389255869235,4.266950450211744,-0.04080446579174338,-31.5661502312763,120.3711747062228,0.2737706974546849,10.30563957302971,10.72854149609731,1521.630550954141,120.0793435405801,11.97854143597432,-5.741659820108531,120.0793435405801,120.0784960216058,-5.741638457142046,-11.98704461393772, 1337.930962, 2.857725524,-7.063917207, 2.857725524, 1379.179417, 7.371507843,-7.063917207, 7.371507843, 2338.252732,55.13760484,1774,40.97745208568207,-1.499436302142052,36.83934611048478,19756.569426142,23037.409321156,0.2049631719857881,10.5882179636821,357.1495368160669,0.9954204463769556,0.004075389010988598,0.09219521860457493,-0.02493126161200281,0.7690378122498596,0.02051075132288148,-0.6387038984277313,-0.01474728935564523,-0.7690438176665539,-0.02077366558131878,0.6386954012711586,0.01443072147335437,4.8934742802282,0.1298375958047,0.0040253112976003,0.0040524141088799,-0.00010218333348932,20945395.7752798,17206.57000515599,1471.517929441315,20945402.8428141,-37.35477729679769,1471.517929441315,0.047170456952995,23037.409321156,-3280.8398950082,6.23643534,9.84848485,9.84848485,0.464442635,3.11621274,1470.5942,178.55899,3.11621274,-3.1202226,0,1,-0.523,0,-0.0035772822,-0.10775423,0.348,0,-0.111925104,-0.279812759,-0.276567303,0,0,-0.0168738281,-1,0.252943927,0,357.175845,-357.175845,360,2.82415505,0.0492815057,0.0453639127,0.0417866305,0,0,0,-100,-99.9999636,-2.79999898,-14.7870436,0,0,0,-0,-0.165171758,-0.0807029208,-0.0591060984,0.00650192021,0.00170187761,0.00420187761,-0.00226917015,-0.00476917015,0.00897104777,0.00448552388,-0.0106106866,-0.0029625037,0,0,48466,88.12,1.29953,12.9152,189.853,0.353522,13.158,214.925,2438.59,65,65,0.0040248959907614448,-0.000101819071001273243,20945403.0052842833,0.242500853671999694
11.4,0.2316821705247318,0.02381824176107753,0.05682877815429117,-0.07711979152170072,-0.234348911453002,-0.006844978203698285,0.2357840499219003,0.02402866208902407,0.05759468425243135,9.299573659,2268670.749,120.651693721,1526.40195201,120.2102982639211,0.2737346822779836,10.30730121716773,-1.590894480631128,0.006342469574039597,0.01397416292500964,-0.3682886394900962,0.1630953158333859,-1.56011245868693,4.300080000871659,-0.0405117472771151,-31.51640840513954,120.2102982639216,0.2737346822780093,10.30730121716782,10.69385255696198,1521.646291800268,119.9213211917786,11.95491960650169,-5.726064842361065,119.9213211917787,119.9204684437399,-5.726043194248846,-11.96348090357318, 1337.930962, 2.857725524,-7.063917207, 2.857725524, 1379.179417, 7.371507843,-7.063917207, 7.371507843, 2338.252732,55.13760484,1774,40.97745208568207,-1.499436302142052,36.83934611048478,19757.766988192,23038.606883203,0.2295845925220057,10.59190678775861,357.155353888083,0.9954178416731865,0.004285377155110956,0.09222212120624265,-0.02490052974445854,0.7690548099612449,0.02063749411191743,-0.6386832563995487,-0.01457707471074543,-0.7690607972988537,-0.02090272850710146,0.6386746308640335,0.01425769580614673,4.9007775216543,0.12999283286065,0.0040581368527211,0.004085460680072,-0.00010375184172012,20945396.84643529,17358.73383773371,1483.517929113562,20945404.03952292,-37.92817312449188,1483.517929113562,0.047588264366219,23038.606883203,-3280.8398950153,6.23653687,9.84848485,9.84848485,0.464419424,3.11603169,1482.59342,178.548616,3.11603169,-3.12050518,0,1,-0.523,0,-0.00400700705,-0.120634487,0.348,0,-0.124691243,-0.311728109,-0.308576091,0,0,-0.0153398438,-1,0.272477192,0,357.181662,-357.181662,360,2.81833755,0.0491799903,0.0455524783,0.0415454712,0,0,0,-100,-99.999967,-2.79999908,-14.76348,0,0,0,-0,-0.165998746,-0.0811069872,-0.0591060984,0.00598656556,0.00156698354,0.00406698354,-0.00208931138,-0.00458931138,0.00865629492,0.00432814746,-0.0106440841,-0.00297182829,0,0,48873.9,88.8616,1.29953,12.9636,190.821,0.356262,13.264,216.548,2446.58,65,65,0.00405772152457169622,-0.000103387459879671973,20945404.2027774453,0.235784049921900302
11.5,0.2231375018826646,0.0005103595588178147,0.0558802488513408,-0.09565294979503132,-0.2315965340331808,-0.01223052633927235,0.2272393842170516,0.0007206805474690616,0.05664616650427286,9.275068823,2265651.353,120.495060176,1526.40639335,120.0529464468213,0.2750573722390701,10.30892427459625,-1.555767126127533,0.0201753797140362,0.01357786682303086,-0.4103887484547357,0.173952307385572,-1.520191139494995,4.331753081518795,-0.04040255361783786,-31.46773920216704,120.0529464468218,0.2750573722390958,10.30892427459633,10.65491143976402,1521.663150007245,119.7673094843143,11.92704688385463,-5.709348328798328,119.7673094843143,119.7664518489344,-5.709326405567923,-11.93566631287576, 1337.930962, 2.857725524,-7.063917207, 2.857725524, 1379.179417, 7.371507843,-7.063917207, 7.371507843, 2338.252732,55.13760484,1774,40.97745208568207,-1.499436302142052,36.83934611048478,19758.961980622,23039.801875635,0.253440191321043,10.59324670197646,357.1611020564581,0.995417097117703,0.004488262737631357,0.09222880016848101,-0.02486979458793268,0.7690588224143431,0.02075921239351423,-0.6386782292202512,-0.01441188008378065,-0.7690647925255522,-0.02102677331625997,0.6386694764766994,0.01408969547275042,4.907938503184,0.13079075787088,0.0040909197272253,0.0041184642832527,-0.0001053159290067,20945397.91390857,17510.89930077734,1495.502327379651,20945405.23365632,-38.49995286481862,1495.502327379651,0.048006071779443,23039.801875635,-3280.8398950093,6.23663719,9.84848485,9.84848485,0.464396263,3.11585435,1494.57706,178.538454,3.11585435,-3.12078284,0,1,-0.523,0,-0.0044233658,-0.133110341,0.348,0,-0.137021196,-0.342552989,-0.339520414,0,0,-0.0153398438,-1,0.290760651,0,357.187411,-357.187411,360,2.81258896,0.0490796773,0.0457269209,0.0413035551,0,0,0,-100,-99.9999702,-2.79999916,-14.7356655,0,0,0,-0,-0.166888817,-0.0815418758,-0.0591060984,0.00548370609,0.00143536007,0.00393536007,-0.00191381342,-0.00441381342,0.00834917349,0.00417458675,-0.0107287533,-0.00299546792,0,0,49251.9,89.5488,1.29953,13.0076,191.698,0.360587,13.3658,218.099,2454.19,65,65,0.00409050438950330462,-0.000104951432985859615,20945405.3977090605,0.227239384217051615
11.6,0.2127458652702974,-0.02254033115182983,0.05451017487126773,-0.1138499399464749,-0.2292542984016303,-0.01503590227789305,0.2168477811031857,-0.02233011376577044,0.05527594154917636,9.251134353,2262697.903,120.341913747,1526.41218115,119.8990937331543,0.2777575075511782,10.31049839120258,-1.520928678956079,0.03383921596409048,0.01304858526539832,-0.4516883193048074,0.1840955150215625,-1.480705244082749,4.361907891280504,-0.04047635841568131,-31.42010737810708,119.8990937331548,0.2777575075512039,10.31049839120266,10.61180083505087,1521.681059047081,119.6172687876171,11.8950059347935,-5.691576753580469,119.6172687876172,119.6164066076841,-5.691554565508759,-11.90368351531328, 1337.930962, 2.857725524,-7.063917207, 2.857725524, 1379.179417, 7.371507843,-7.063917207, 7.371507843, 2338.252732,55.13760484,1774,40.97745208568207,-1.499436302142052,36.83934611048478,19760.15398252,23040.993877531,0.2763344100502985,10.5922659520964,357.166721899611,0.9954181902166944,0.00468240511310733,0.0922155398213157,-0.02483940183540951,0.769050034742055,0.02087499055477514,-0.6386885999343561,-0.01425311006321318,-0.7690559891280507,-0.02114488447511461,0.6386797215954989,0.01392812512528792,4.9149521722944,0.13224276185259,0.0041236610130813,0.0041514260177435,-0.00010687529742578,20945398.9772786,17663.06650277866,1507.471523388986,20945406.42479336,-39.07000760579831,1507.471523388986,0.048423879192667,23040.993877531,-3280.8398950164,6.23673528,9.84848485,9.84848485,0.464373162,3.11568071,1506.54552,178.528505,3.11568071,-3.12105456,0,1,-0.523,0,-0.00482294529,-0.145079433,0.348,0,-0.14881211,-0.372030276,-0.369142497,0,0,-0.0153398438,-1,0.307629932,0,357.193031,-357.193031,360,2.8069687,0.0489816039,0.0458880153,0.04106507,0,0,0,-100,-99.999973,-2.79999924,-14.7036828,0,0,0,-0,-0.1678416,-0.0820074055,-0.0591060984,0.00499734258,0.00130805442,0.00380805442,-0.00174407256,-0.00424407256,0.00805212698,0.00402606349,-0.0108659894,-0.00303378425,0,0,49599,90.1799,1.29953,13.0473,192.481,0.36659,13.4633,219.574,2461.38,65,65,0.00412324567745716002,-0.000106510693222514597,20945406.5896585584,0.216847781103185672
11.7,0.2005920194683823,-0.04537621772151899,0.05297021787556803,-0.1305664994805031,-0.2273409896952927,-0.01542041029161504,0.204693998915056,-0.0451661084924279,0.05373567341667691,9.227763171,2259809.794,120.19222131,1526.41923584,119.7487083114659,0.2817897122149482,10.31200832420456,-1.486432268353231,0.04672496262835571,0.01233989605313823,-0.4922484430247138,0.1934367570131482,-1.441715974623683,4.390496005874255,-0.04072505499637196,-31.37346387402064,119.7487083114664,0.2817897122149738,10.31200832420465,10.56459781124695,1521.699943024747,119.471152256125,11.85887379351206,-5.67282595610429,119.4711522561251,119.4702858756995,-5.672803513712413,-11.86760955114261, 1337.930962, 2.857725524,-7.063917207, 2.857725524, 1379.179417, 7.371507843,-7.063917207, 7.371507843, 2338.252732,55.13760484,1774,40.97745208568207,-1.499436302142052,36.83934611048478,19761.342580955,23042.182475967,0.2980791272625393,10.58898872503202,357.1721803999741,0.9954211070944328,0.004866205828526616,0.0921825880614382,-0.02480947500499705,0.7690286124082126,0.02098378571064162,-0.63871418344182,-0.01410198230740171,-0.7690345531594944,-0.02125601918825499,0.6387051816298107,0.01377420249146942,4.9218114176523,0.1343296249549,0.0041563617903874,0.0041843469709157,-0.00010842966854266,20945400.03613232,17815.23554509972,1519.425911951493,20945407.61252113,-39.6382355597525,1519.425911951493,0.048841686605891,23042.182475967,-3280.8398950103,6.23683054,9.84848485,9.84848485,0.464350127,3.11551076,1518.49919,178.518767,3.11551076,-3.12131978,0,1,-0.523,0,-0.0052024622,-0.156443476,0.348,0,-0.159966981,-0.399917451,-0.397197773,0,0,-0.0138058594,-1,0.322956832,0,357.19849,-357.19849,360,2.8015098,0.048886346,0.0460365377,0.0408340755,0,0,0,-100,-99.9999756,-2.79999932,-14.6676089,0,0,0,-0,-0.168856786,-0.0825034255,-0.0591060984,0.00453136643,0.00118608516,0.00368608516,-0.00158144688,-0.00408144688,0.00776753205,0.00388376602,-0.0110546202,-0.00308644996,0,0,49916.7,90.7576,1.29953,13.083,193.178,0.374277,13.5562,220.97,2468.17,65,65,0.00415594646833265195,-0.000108064963123729113,20945407.7782133557,0.204693998915055964
11.8,0.1868694644188569,-0.06803873514815811,0.05149188068803218,-0.1448472174744893,-0.225814675135619,-0.01363423245510854,0.1909715372757529,-0.06782874047039988,0.05225686694054023,9.204947587,2256986.337,120.045945316,1526.42746939,119.6017543827387,0.2870512680234159,10.31343478445025,-1.452304488984208,0.05830457097956762,0.01141884108977465,-0.5321358082175109,0.2019026060190819,-1.403255176335603,4.417493435075078,-0.04113390490165711,-31.32774893531922,119.6017543827392,0.2870512680234415,10.31343478445034,10.51337300926007,1521.719717922288,119.3289083858374,11.81872105690826,-5.653179895949649,119.3289083858373,119.3280381505367,-5.653157209999667,-11.82751502284476, 1337.930962, 2.857725524,-7.063917207, 2.857725524, 1379.179417, 7.371507843,-7.063917207, 7.371507843, 2338.252732,55.13760484,1774,40.97745208568207,-1.499436302142052,36.83934611048478,19762.527370408,23043.367265414,0.3185043439699201,10.58343487424949,357.1774694528726,0.9954258417096996,0.005038202529933495,0.09213015185864872,-0.02477993725387033,0.7689946974760122,0.02108450952852628,-0.6387548291212846,-0.01395947656455666,-0.7690006271878829,-0.02135908922487481,0.638745706502442,0.01362890739651675,4.928507365699,0.13700455930775,0.0041890231257234,0.0042172282165312,-0.00010997878581274,20945401.09006409,17967.40652109461,1531.365882934832,20945408.7964341,-40.20454294125011,1531.365882934832,0.049259494019115,23043.367265414,-3280.8398950076,6.23692286,9.84848485,9.84848485,0.464327168,3.11534448,1530.43845,178.509238,3.11534448,-3.12157838,0,1,-0.523,0,-0.00555894948,-0.167113856,0.348,0,-0.170400398,-0.426000994,-0.423469311,0,0,-0.0153398438,-1,0.336660623,0,357.20378,-357.20378,360,2.79622036,0.0487940452,0.0461732438,0.0406142943,0,0,0,-100,-99.9999779,-2.79999938,-14.6275144,0,0,0,-0,-0.16993414,-0.0830298206,-0.0591060984,0.00408934598,0.00107038631,0.00357038631,-0.00142718175,-0.00392718175,0.00749756806,0.00374878403,-0.0112912327,-0.00315251216,0,0,50207.1,91.2857,1.29953,13.115,193.799,0.383571,13.6444,222.288,2474.53,65,65,0.00418860782840498914,-0.000109613987176638525,20945408.9629682451,0.190971537275752917
11.9,0.1718542111703754,-0.09056312444016652,0.05027826771316524,-0.1560210127280394,-0.2245932106306767,-0.009998828085468909,0.1759564070290253,-0.09035325379237101,0.05104262816672462,9.182679712,2254226.812,119.903046449,1526.43678724,119.4581946823928,0.2933910194928346,10.31475606170475,-1.418549038459119,0.06814705037246958,0.01027166795537937,-0.5714183560753661,0.2094386311199161,-1.365328774404559,4.442898092865452,-0.0416826429618995,-31.28289710326683,119.4581946823933,0.2933910194928603,10.31475606170483,10.45819029882465,1521.740293298778,119.1904838284604,11.77461154205252,-5.632728952340853,119.1904838284604,119.1896100857892,-5.632706033833488,-11.78346375278574, 1337.930962, 2.857725524,-7.063917207, 2.857725524, 1379.179417, 7.371507843,-7.063917207, 7.371507843, 2338.252732,55.13760484,1774,40.97745208568207,-1.499436302142052,36.83934611048478,19763.707952064,23044.547847079,0.3374675116846449,10.57562023987246,357.1826034401506,0.9954323943406927,0.005197152022359377,0.09205839814919392,-0.02475054016010129,0.7689484081684373,0.02117610731060046,-0.6388104191270774,-0.01382629628946788,-0.7689543298355164,-0.02145304000094289,0.6388011789131735,0.01349294338051362,4.9350300430205,0.14019730470976,0.0042216460712698,0.0042500708138557,-0.00011152241658007,20945402.13867499,18119.57951537861,1543.291820942471,20945409.97613345,-40.76884469768629,1543.291820942471,0.049677301432339,23044.547847079,-3280.8398950081,6.23701246,9.84848485,9.84848485,0.46430429,3.11518182,1542.36369,178.499918,3.11518182,-3.12183064,0,1,-0.523,0,-0.0058899192,-0.174,0.348,0,-0.177026484,-0.442566211,-0.442550261,0,0,-0.012271875,-1,0.348708316,0,357.208914,-357.208914,360,2.79108599,0.0487044506,0.0462988493,0.0404089301,0,0,0,-100,-99.99998,-2.79999944,-14.5834632,0,0,0,-0,-0.171073506,-0.0835865153,-0.0591060984,0.00367433244,0.000961756517,0.00346175652,-0.00128234202,-0.00378234202,0.00724409854,0.00362204927,-0.011570489,-0.00323048052,0,0,50472.2,91.7677,1.29953,13.1437,194.352,0.39432,13.7281,223.525,2480.49,65,65,0.00422123080947168355,-0.000111157533741899575,20945410.1435246728,0.175956407029025319
12,0.1558776324873822,-0.1129753955453323,0.04949790090987596,-0.1636725704296835,-0.2235752856867305,-0.004885972190323534,0.1599799808266542,-0.1127656624156194,0.05026148035699971,9.160951797,2251530.505,119.763485834,1526.44709053,119.317992536691,0.3006195782869208,10.31594997761836,-1.385151322795841,0.0759282596448571,0.008904382969383562,-0.6101606971848028,0.2160119584956389,-1.327921707020283,4.466726152297062,-0.04234672749287808,-31.23884266874114,119.3179925366915,0.3006195782869464,10.31594997761845,10.39910688273598,1521.761574332926,119.0558257344513,11.72660239193391,-5.611567881340166,119.0558257344513,119.0549488341433,-5.611544741512945,-11.73551288913052, 1337.930962, 2.857725524,-7.063917207, 2.857725524, 1379.179417, 7.371507843,-7.063917207, 7.371507843, 2338.252732,55.13760484,1774,40.97745208568207,-1.499436302142052,36.83934611048478,19764.883933175,23045.72382818,0.3548599433511048,10.56555740782552,357.1876160546817,0.995440769623396,0.005342088741364412,0.091967459090807,-0.02472089658247514,0.7688898411972308,0.02125762257373681,-0.6388808632863718,-0.01370285053082627,-0.7688957580950132,-0.02153691515750611,0.6388715092070749,0.01336671958514747,4.9413692184752,0.14381888638517,0.0042542316646351,0.0042828758074849,-0.00011306035355975,20945403.18157213,18271.75460328588,1555.204105250521,20945411.15122642,-41.33106505121032,1555.204105250521,0.050095108845563,23045.72382818,-3280.8398950151,6.23709995,9.84848485,9.84848485,0.464281503,3.11502276,1554.27527,178.490804,3.11502276,-3.12207718,0,1,-0.523,0,-0.00619347439,-0.174,0.348,0,-0.17674904,-0.441872599,-0.441943322,0,0,-0.0138058594,-1,0.35911174,0,357.213927,-357.213927,360,2.78607301,0.048616974,0.0464140144,0.04022054,0,0,0,-100,-99.9999819,-2.79999949,-14.5355124,0,0,0,-0,-0.172274813,-0.0841734734,-0.0591060984,0.00328872286,0.000860823209,0.00336082321,-0.00114776428,-0.00364776428,0.00700858749,0.00350429374,-0.0118854985,-0.00331843118,0,0,50713.9,92.2071,1.29953,13.1694,194.843,0.406308,13.8071,224.683,2486.03,65,65,0.00425381644870516992,-0.000112695396471583378,20945411.3194900937,0.159979980826654211
12.1,0.1393021873633907,-0.1352911747467398,0.04928061933369107,-0.1676133046045971,-0.222656402466076,0.001302798381076874,0.1434047176151658,-0.1350815972369939,0.05004326358573468,9.139756502,2248896.742,119.627226826,1526.45827845,119.1811134894428,0.3085202506672236,10.31699572620044,-1.352082431042458,0.08143525303191333,0.007339874577443339,-0.6484199797873522,0.2216122487947951,-1.291002523467075,4.489008829446808,-0.04309867216225186,-31.19552458147579,119.1811134894433,0.3085202506672491,10.31699572620052,10.33617384349134,1521.783464040449,118.9248836183355,11.67474462387285,-5.589793598664402,118.9248836183355,118.9240039126754,-5.58977024898941,-11.68371345439578, 1337.930962, 2.857725524,-7.063917207, 2.857725524, 1379.179417, 7.371507843,-7.063917207, 7.371507843, 2338.252732,55.13760484,1774,40.97745208568207,-1.499436302142052,36.83934611048478,19766.054926358,23046.894821367,0.3706105341143559,10.55325669762077,357.1925565864286,0.9954509744068117,0.005472360379779338,0.0918574398016037,-0.02469051594231486,0.7688190757187815,0.02132824718900615,-0.6389660921105591,-0.01358925368530756,-0.76882499127972,-0.02160990669760466,0.6389566283619849,0.01325035050644392,4.9475152148256,0.14776676114922,0.0042867809292584,0.0043156442277491,-0.0001145924157342,20945404.21836805,18423.93185054149,1567.103109954709,20945412.32132564,-41.89113782638742,1567.103109954709,0.050512916258787,23046.894821367,-3280.8398950122,6.23718618,9.84848485,9.84848485,0.464258813,3.11486727,1566.17357,178.481895,3.11486727,-3.12231891,0,1,-0.523,0,-0.00646837406,-0.174,0.348,0,-0.176460496,-0.441151241,-0.441224093,0,0,-0.012271875,-1,0.367923249,0,357.218868,-357.218868,360,2.78113211,0.0485307554,0.0465193313,0.0400509573,0,0,0,-100,-99.9999836,-2.79999954,-14.483713,0,0,0,-0,-0.173538059,-0.0847906955,-0.0591060984,0.00293417704,0.00076802084,0.00326802084,-0.00102402779,-0.00352402779,0.00679204863,0.00339602431,-0.0122282241,-0.00341412017,0,0,50933.9,92.6071,1.29953,13.1924,195.281,0.41927,13.8816,225.764,2491.19,65,65,0.0042863657690786006,-0.000114227395154461631,20945412.4904772528,0.143404717615165794
12.2,0.122500081215571,-0.1575159049464986,0.04971549148291057,-0.1678516023967626,-0.2217394499580482,0.008155682734094458,0.1266028228019885,-0.1573065060646216,0.05047704715247477,9.119087106,2246324.921,119.494236394,1526.47025061,119.0475265570385,0.3168601636968003,10.31787534310423,-1.319302585635006,0.08456562750353994,0.005613343594241371,-0.6862427585340853,0.2262513334906928,-1.254527541627294,4.509789493902967,-0.04390939300823293,-31.15289026448714,119.047526557039,0.3168601636968258,10.31787534310431,10.26943705615501,1521.80586552002,118.7976107855553,11.61908404429588,-5.567502934284995,118.7976107855553,118.7967286296489,-5.567479386465585,-11.62811126033831, 1337.930962, 2.857725524,-7.063917207, 2.857725524, 1379.179417, 7.371507843,-7.063917207, 7.371507843, 2338.252732,55.13760484,1774,40.97745208568207,-1.499436302142052,36.83934611048478,19767.220549099,23048.060444115,0.3846871226537197,10.53872721280564,357.1974858784187,0.995463015635824,0.005587643324905376,0.09172842707842588,-0.02465884038276764,0.7687361780021423,0.02138735786604266,-0.6390660491336102,-0.01348534014870719,-0.7687420956928701,-0.02167139146760435,0.6390564803079537,0.01314367064414783,4.9534595633854,0.1519301005568,0.0043192948752599,0.0043483770915709,-0.00011611844863584,20945405.2486801,18576.11131315775,1578.98920428159,20945413.48604858,-42.44900655351375,1578.98920428159,0.050930723672011,23048.060444115,-3280.8398950127,6.23727221,9.84848485,9.84848485,0.464236228,3.1147153,1578.05896,178.473187,3.1147153,-3.12255691,0,1,-0.523,0,-0.00671405688,-0.174,0.348,0,-0.17616735,-0.440418374,-0.44049173,0,0,-0.012271875,-1,0.375230353,0,357.223798,-357.223798,360,2.77620246,0.0484447329,0.0466153164,0.0399012595,0,0,0,-100,-99.9999852,-2.79999959,-14.4281108,0,0,0,-0,-0.17486331,-0.0854382135,-0.0591060984,0.00261158207,0.000683581606,0.00318358161,-0.000911442141,-0.00341144214,0.00659502375,0.00329751187,-0.0125899022,-0.00351510069,0,0,51133.9,92.9708,1.29953,13.2131,195.669,0.432907,13.9515,226.77,2495.96,65,65,0.00431887978023925197,-0.000115753375960469531,20945413.656103678,0.126602822801988535
12.3,0.1058349312146453,-0.1796458794900045,0.05085060927984521,-0.1645624562221138,-0.220740471526278,0.01526850745232918,0.1099379135573022,-0.1794366871490152,0.05161092363247421,9.098937658,2243814.524,119.364486146,1526.48290923,118.9172051603797,0.3254011161899211,10.31857469882582,-1.286764150379368,0.08532243720893451,0.003767360825719379,-0.7236630539629942,0.2299617505357352,-1.218444510579607,4.529121050806815,-0.04474951167504695,-31.11089814451306,118.9172051603802,0.3254011161899466,10.31857469882591,10.1989383552194,1521.82868410573,118.6739653680376,11.55966241753695,-5.544790480791747,118.6739653680377,118.6730811200082,-5.544766746757683,-11.56874807684538, 1337.930962, 2.857725524,-7.063917207, 2.857725524, 1379.179417, 7.371507843,-7.063917207, 7.371507843, 2338.252732,55.13760484,1774,40.97745208568207,-1.499436302142052,36.83934611048478,19768.380423248,23049.220318262,0.3970958288753849,10.52197784028886,357.2024721514284,0.995476898413881,0.005687940623833188,0.09158049805045419,-0.02462528035516975,0.7686412061784189,0.02143453987829403,-0.6391806834233654,-0.01339069091686636,-0.7686471293837873,-0.02172095487932471,0.6391710144245317,0.01304626110075569,4.9591954480481,0.15619498145132,0.0043517745006288,0.0043810754036595,-0.00011763832402616,20945406.27213006,18728.29303755132,1590.862753022469,20945414.64501708,-43.00462435132067,1590.862753022469,0.051348531085235,23049.220318262,-3280.8398950164,6.23735924,9.84848485,9.84848485,0.464213756,3.1145668,1589.93179,178.464678,3.1145668,-3.12279244,0,1,-0.523,0,-0.00693062966,-0.174,0.348,0,-0.175875973,-0.439689933,-0.439762228,0,0,-0.012271875,-1,0.381149586,0,357.228784,-357.228784,360,2.77121582,0.048357716,0.0467024053,0.0397717757,0,0,0,-100,-99.9999866,-2.79999962,-14.3687477,0,0,0,-0,-0.176250682,-0.0861160831,-0.0591060984,0.00232105793,0.000607536912,0.00310753691,-0.000810049216,-0.00331004922,0.00641758613,0.00320879306,-0.0129614584,-0.00361883918,0,0,51315.5,93.301,1.29953,13.2316,196.015,0.4469,14.0171,227.703,2500.37,65,65,0.00435135947971576967,-0.000117273211093827179,20945414.8159911856,0.109937913557302189
12.4,0.08967794411253222,-0.1926224859988459,0.0527121621991484,-0.1574875587352789,0.01310466915213196,0.02341865179484757,0.09378119395811058,-0.1924135327461813,0.0534710974384531,9.079296481,2241364.318,119.237909691,1526.49615742,118.7900307309476,0.3339095976533688,10.31970012695628,-1.257455437557192,0.08377315707026867,0.02449584222710754,-0.7647890484951212,0.2327936197295853,-1.183375462557278,4.545759911215189,-0.04559348120300311,-31.0656075754803,118.7900307309481,0.3339095976533943,10.31970012695637,10.124508989979,1521.851828753526,118.5538875465883,11.49631092265247,-5.521747019717093,118.5538875465884,118.5530015836964,-5.521723112049999,-11.50545508700624, 1337.930962, 2.857725524,-7.063917207, 2.857725524, 1379.179417, 7.371507843,-7.063917207, 7.371507843, 2338.252732,55.13760484,1774,40.97745208568207,-1.499436302142052,36.83934611048478,19769.534168489,23050.374063507,0.4078797767412779,10.50321877748389,357.2075884226493,0.9954924642528691,0.005773615222919726,0.09141547108408556,-0.02458923808259706,0.7685353339949794,0.02146962715890112,-0.6393085971735342,-0.01330462667236818,-0.7685412658942378,-0.02175843039506821,0.6392988331109932,0.01295744216071089,4.9650169127943,0.16044927103573,0.0043842207910229,0.0044137401563102,-0.00011915193905468,20945407.28833752,18880.47706084493,1602.724116459827,20945415.79785084,-43.55795361950368,1602.724116459827,0.051766338498459,23050.374063507,-3280.8398950167,6.23744853,9.84848485,9.84848485,0.464191403,3.11442172,1601.79242,178.456365,3.11442172,-3.12302681,0,1,-0.523,0,-0.00711884506,-0.174,0.348,0,-0.175592796,-0.438981991,-0.439051543,0,0,-0.0107378906,-1,0.385831731,0,357.233901,-357.233901,360,2.76609917,0.0482684305,0.0467809527,0.0396621076,0,0,0,-100,-99.9999879,-2.79999966,-14.3054547,0,0,0,-0,-0.177702624,-0.0868255021,-0.0597053872,0.00206198357,0.000539724201,0.0030397242,-0.000719632267,-0.00321963227,0.00625935647,0.00312967823,-0.0133339062,-0.00372282662,0,0,51480.2,93.6003,1.29953,13.2481,196.323,0.460926,14.0779,228.566,2504.43,65,65,0.00438380585167022409,-0.00011878679788986324,20945415.9697587751,0.0937811939581105897
12.5,0.07427264890696746,-0.1811345083200529,0.05556924715672774,-0.1499345246865345,0.2257859935122835,0.03545159298830095,0.07837616883193402,-0.1809258316609094,0.05632679697807789,9.060143202,2238971.989,119.114382895,1526.50990749,118.665566107447,0.3421421489250314,10.32485213299295,-1.232665939950429,0.07949207221953128,0.08558003523582158,-0.7957607674780682,0.2349904437519851,-1.150386725086044,4.56217264367246,-0.04640653161717068,-31.03069751357729,118.6655661074475,0.3421421489250568,10.32485213299304,10.04634665040821,1521.875222398467,118.4372240023903,11.42922718868479,-5.498449681151139,118.4372240023904,118.4363366929775,-5.498425612322987,-11.43842991640628, 1337.930962, 2.857725524,-7.063917207, 2.857725524, 1379.179417, 7.371507843,-7.063917207, 7.371507843, 2338.252732,55.13760484,1774,40.97745208568207,-1.499436302142052,36.83934611048478,19770.681388605,23051.521283615,0.4171210706043756,10.48428922664315,357.2129313289775,0.9955082574675688,0.00584568945318475,0.09124930969501394,-0.0245499635210631,0.7684288204994091,0.02149281221567814,-0.6394374735440272,-0.01322589416940509,-0.7684347637939861,-0.02178400505894278,0.6394276195730827,0.01287595602563303,4.9726673757603,0.16457565918634,0.004416634703811,0.0044463723133384,-0.00012065921428126,20945408.29690618,19032.66341157773,1614.573644532624,20945416.94415361,-44.10896531570324,1614.573644532624,0.052184145911683,23051.521283615,-3280.8398950139,6.23754178,9.84848485,9.84848485,0.464169177,3.11428001,1613.6412,178.448244,3.11428001,-3.12326177,0,1,-0.523,0,-0.00728013606,-0.174,0.348,0,-0.175322599,-0.438306496,-0.438372722,0,0,-0.0107378906,-1,0.389450162,0,357.239244,-357.239244,360,2.76075587,0.0481751899,0.0468512258,0.0395710897,0,0,0,-100,-99.999989,-2.79999969,-14.2384296,0,0,0,-0,-0.179218938,-0.087566373,-0.0604413922,0.00183294455,0.000479773237,0.00297977324,-0.000639697649,-0.00313969765,0.00611947089,0.00305973544,-0.0136979901,-0.00382447882,0,0,51629.3,93.8714,1.29953,13.2629,196.596,0.474687,14.1366,229.363,2508.16,65,65,0.00441621984329263265,-0.000120294056594613528,20945417.1170049869,0.0783761688319340177
12.6,0.05959891047431218,-0.1517472436290035,0.05974511654899899,-0.1429168327239558,0.3633056704312111,0.0496925075165453,0.06370267462852898,-0.1515388882665585,0.06050143081172449,9.04145771,2236635.235,118.993782757,1526.52409643,118.5434252705064,0.3497975398117106,10.33703543565938,-1.211134562893133,0.07190806309052161,0.1654875822545065,-0.8089440274743041,0.2367796120561561,-1.12077290898629,4.579635412406013,-0.04714657139054657,-31.01373817774154,118.5434252705069,0.349797539811736,10.33703543565946,9.965940648128923,1521.898813684942,118.3236996815966,11.35990048665906,-5.474951084128971,118.3236996815966,118.3228112836674,-5.474926863720986,-11.36916182256184, 1337.930962, 2.857725524,-7.063917207, 2.857725524, 1379.179417, 7.371507843,-7.063917207, 7.371507843, 2338.252732,55.13760484,1774,40.97745208568207,-1.499436302142052,36.83934611048478,19771.821779136,23052.661674151,0.424919161805459,10.46737264979267,357.2186351056725,0.9955225644893316,0.005905375255371938,0.09110096762562615,-0.02450640392535002,0.7683338569023116,0.02150420757661039,-0.6395526990208119,-0.01315289205137052,-0.7683398136374705,-0.0217977847013419,0.6395427603768313,0.01280019574982933,4.9836094067442,0.1684285608555,0.0044490171385176,0.0044789727803261,-0.00012216008795496,20945409.29753149,19184.85211189489,1626.411666040256,20945418.08362094,-44.65763686430364,1626.411666040256,0.052601953324907,23052.661674151,-3280.8398950142,6.23764133,9.84848485,9.84848485,0.464147085,3.11414161,1625.47846,178.440314,3.11414161,-3.12349973,0,1,-0.523,0,-0.00741623843,-0.174,0.348,0,-0.17506526,-0.437663151,-0.437726258,0,0,-0.0107378906,-1,0.392106751,0,357.244948,-357.244948,360,2.75505167,0.0480756517,0.0469133797,0.0394971413,0,0,0,-100,-99.9999901,-2.79999972,-14.1691615,0,0,0,-0,-0.180780898,-0.0883295467,-0.0612015009,0.00163211182,0.00042720527,0.00292720527,-0.000569607026,-0.00306960703,0.0059968123,0.00299840615,-0.0140422589,-0.00392059869,0,0,51764.1,94.1165,1.29953,13.2761,196.839,0.487815,14.1986,230.096,2511.57,65,65,0.00444860234188717684,-0.000121794925218161057,20945418.257419128,0.0637026746285289797
12.7,0.04561571649674905,-0.1118972149806844,0.06537312046767445,-0.1359978608339725,0.4292469753488641,0.06421412800635053,0.04971968050941879,-0.1116892345829418,0.06612845283912622,9.023209832,2234350.494,118.875919606,1526.53867462,118.4233242585677,0.3565344531990409,10.35728811016435,-1.191924188089121,0.06083953012341614,0.2466295152538862,-0.8023587263550773,0.2383165324215169,-1.095256500763312,4.598558695065365,-0.04776912429971512,-31.01669126359927,118.4233242585682,0.3565344531990662,10.35728811016444,9.88520443672523,1521.92257020319,118.2129355661961,11.29024424506386,-5.451285350476863,118.2129355661961,118.2120461906434,-5.451260984103641,-11.29956421139894, 1337.930962, 2.857725524,-7.063917207, 2.857725524, 1379.179417, 7.371507843,-7.063917207, 7.371507843, 2338.252732,55.13760484,1774,40.97745208568207,-1.499436302142052,36.83934611048478,19772.955209844,23053.795104853,0.4313730279415692,10.45392068871704,357.2248535998078,0.9955342677257437,0.005953709483168418,0.0909830430449188,-0.02445733030083042,0.7682585615877701,0.02150367733080116,-0.639644575430376,-0.01308401814572014,-0.76826453312923,-0.02179962877492975,0.6396345575416704,0.01272855527831451,4.9983625714761,0.17184262475464,0.0044813689037318,0.0045115423713071,-0.00012365451003984,20945410.29008316,19337.04317981092,1638.23847655221,20945419.21612258,-45.20394997263793,1638.23847655221,0.053019760738131,23053.795104853,-3280.8398950113,6.23774987,9.84848485,9.84848485,0.464125128,3.11400646,1637.30448,178.43257,3.11400646,-3.12374341,0,1,-0.523,0,-0.00752887964,-0.174,0.348,0,-0.174820005,-0.437050013,-0.437110125,0,0,-0.00920390625,-1,0.393880498,0,357.251167,-357.251167,360,2.74883272,0.047967131,0.046967438,0.0394385584,0,0,0,-100,-99.999991,-2.79999975,-14.099564,0,0,0,-0,-0.182362815,-0.0891024713,-0.0619735378,0.00145764071,0.000381537455,0.00288153745,-0.000508716607,-0.00300871661,0.00589025406,0.00294512703,-0.014353505,-0.00400749858,0,0,51885.8,94.3378,1.29953,13.2879,197.054,0.499855,14.2667,230.77,2514.7,65,65,0.00448095414754449452,-0.000123289353822436741,20945419.3908667527,0.0497196805094187871
12.8,0.03235542839118603,-0.06815700153865667,0.07240578138326736,-0.1281928126992367,0.4379854165544987,0.07741432497698671,0.03645953885206198,-0.06794945912199489,0.07316043821336395,9.005357732,2232112.734,118.760526275,1526.55360015,118.3050309928077,0.3620110390318638,10.38514280156716,-1.1750582007975,0.04648647684088714,0.3168327076844548,-0.7776629374080777,0.2397267910019333,-1.074712885857534,4.618162445536448,-0.0482341517520023,-31.03802299584809,118.3050309928082,0.3620110390318891,10.38514280156725,9.806057727182592,1521.946473275679,118.1044785378466,11.22217816557863,-5.427472947664046,118.1044785818253,118.1035881876054,-5.427448436757867,-11.23155675502258, 1337.930962, 2.857725524,-7.063917207, 2.857725524, 1379.179417, 7.371507843,-7.063917207, 7.371507843, 2338.252732,55.13760484,1774,40.97745208568207,-1.499436302142052,36.83934611048478,19774.0817452,23054.921640209,0.4365804210436186,10.44467096826638,357.231740475976,0.9955428200886237,0.00599156797416477,0.09090193158153158,-0.02440150524054831,0.7682070702953372,0.02149096576137115,-0.6397081937586109,-0.01301777818830206,-0.7682130573869009,-0.0217892790174354,0.6396981022786044,0.01265953820279611,5.0167223776699,0.17465177568319,0.0045136906946916,0.0045440817862005,-0.00012514243791116,20945411.27462557,19489.23663080841,1650.054330215651,20945420.341723,-45.74788905774403,1650.054330215651,0.053437568151355,23054.921640209,-3280.8398950149,6.23787006,9.84848485,9.84848485,0.464103306,3.1138745,1649.11953,178.425009,3.1138745,-3.12399557,0,1,-0.523,0,-0.0076197658,-0.174,0.348,0,-0.174587231,-0.436468078,-0.436524923,0,0,-0.00920390625,-1,0.394859307,0,357.258055,-357.258055,360,2.74194534,0.0478469461,0.0470132909,0.0393935251,0,0,0,-100,-99.9999919,-2.79999977,-14.0315565,0,0,0,-0,-0.183938051,-0.0898721317,-0.0627444279,0.00130770795,0.000342292555,0.00284229256,-0.000456390074,-0.00295639007,0.00579868263,0.00289934131,-0.0146182791,-0.00408142353,0,0,51995.5,94.5373,1.29953,13.2984,197.246,0.510318,14.3416,231.388,2517.54,65,65,0.00451327595076505238,-0.000124777300073711337,20945420.5174100883,0.0364595388520619831
12.9,0.01995296116466379,-0.02566630462734356,0.08064437136499791,-0.1185106503957865,0.4022092819972835,0.08784836515393486,0.02405716333044773,-0.02545927163811512,0.08139866930664837,8.987852606,2229916.032,118.647288717,1526.56883579,118.1883500937715,0.3659205656295672,10.41917099271055,-1.159511940954431,0.02938033251534466,0.3690388017758011,-0.7383387208331484,0.2410362355209826,-1.058375833032398,4.638642799196752,-0.04850420974158428,-31.07415398241538,118.188350093772,0.3659205656295925,10.41917099271064,9.730148982131213,1521.970512220002,117.9978582233434,11.15735069591475,-5.403526156126956,117.9978582675247,117.9969666789953,-5.403501498337476,-11.16678786885304, 1337.930962, 2.857725524,-7.063917207, 2.857725524, 1379.179417, 7.371507843,-7.063917207, 7.371507843, 2338.252732,55.13760484,1774,40.97745208568207,-1.499436302142052,36.83934611048478,19775.201629516,23056.041524533,0.4406440299907454,10.43977004693016,357.2394328802911,0.9955481377202072,0.006019758514025504,0.09085889173380664,-0.02433782905259602,0.768180213712035,0.0214658664096191,-0.6397426047867105,-0.01295282340847645,-0.7681862164317917,-0.02176652821675489,0.639732445649658,0.01259179510305098,5.0380193082828,0.17670641707047,0.0045459830760757,0.0045765915934871,-0.00012662383317844,20945412.25140301,19641.43247899265,1661.859433464205,20945421.46066654,-46.28944008495819,1661.859433464205,0.053855375564579,23056.041524533,-3280.8398950086,6.23800432,9.84848485,9.84848485,0.464081613,3.11374567,1660.9238,178.417627,3.11374567,-3.12425865,0,1,-0.523,0,-0.00769068915,-0.174,0.348,0,-0.174369117,-0.435922791,-0.435975649,0,0,-0.00766992187,-1,0.395157786,0,357.265748,-357.265748,360,2.73425237,0.0477127038,0.047050709,0.0393600199,0,0,0,-100,-99.9999926,-2.79999979,-13.9667877,0,0,0,-0,-0.185483095,-0.0906270401,-0.0635023603,0.00118039671,0.00030896884,0.00280896884,-0.000411958453,-0.00291195845,0.00572092729,0.00286046365,-0.0148242904,-0.00413894187,0,0,52094.3,94.7169,1.29953,13.3077,197.416,0.518731,14.4225,231.954,2520.13,65,65,0.00454556831472265749,-0.000126258725875451078,20945421.637292847,0.0240571633304477242
13,0.008629521215618692,0.0118327895521408,0.08976356593261951,-0.1062847609817301,0.3379700818310374,0.09452626203776475,0.01273376482459825,0.01203923530648298,0.09051779932180659,8.970651939,2227755.218,118.535933317,1526.58434931,118.0731731505376,0.368022575348359,10.45742936528392,-1.144846121663217,0.01032542842370152,0.4002844280633866,-0.6890791582654785,0.2422610424668928,-1.045619728788731,4.659600976716642,-0.0485529805168805,-31.12037605591166,118.0731731505381,0.3680225753483842,10.45742936528401,9.658712839964533,1521.994677786775,117.8926868536119,11.09699647041274,-5.379455494671618,117.892686868495,117.891793804996,-5.379430684621617,-11.10649216027191, 1337.930962, 2.857725524,-7.063917207, 2.857725524, 1379.179417, 7.371507843,-7.063917207, 7.371507843, 2338.252732,55.13760484,1774,40.97745208568207,-1.499436302142052,36.83934611048478,19776.315252353,23057.155147364,0.4436788268465122,10.43891039872673,357.2480377882041,0.9955504858178745,0.006039124713236707,0.09085123232173115,-0.02426546503978569,0.7681762763437251,0.02142838411650023,-0.639749898957659,-0.01288796565841164,-0.7681822942309217,-0.02173138188423553,0.6397396782228092,0.01252413837423958,5.0613295752375,0.17788845643049,0.0045782464959469,0.0046090722442461,-0.00012809866057098,20945413.22080494,19793.63073747272,1673.653950112805,20945422.57334273,-46.82859016047223,1673.653950112805,0.054273182977803,23057.155147364,-3280.8398950154,6.23815451,9.84848485,9.84848485,0.464060043,3.11361992,1672.71746,178.410422,3.11361992,-3.12453458,0,1,-0.523,0,-0.00774365635,-0.174,0.348,0,-0.174169399,-0.435423497,-0.435471314,0,0,-0.00766992187,-1,0.39492114,0,357.274353,-357.274353,360,2.72564682,0.0475625371,0.0470793699,0.0393357135,0,0,0,-100,-99.9999933,-2.79999981,-13.906492,0,0,0,-0,-0.186979673,-0.0913582682,-0.0642379311,0.00107354715,0.000281000966,0.00278100097,-0.000374667955,-0.00287466795,0.00565566892,0.00282783446,-0.0149616303,-0.00417728719,0,0,52183,94.8782,1.29953,13.3161,197.566,0.524692,14.5075,232.47,2522.47,65,65,0.00457783168858490012,-0.000127733596071123712,20945422.7509051599,0.0127337648245982541
13.1,-0.001347917162582005,0.04219547575453253,0.09936017756097038,-0.09133060915803125,0.2604797981156745,0.09691644856645497,0.002756325876181507,0.04240125301773841,0.1001145967112056,8.95371583,2225625.421,118.426202802,1526.60011143,117.9594215788739,0.3681653583319173,10.49784859813561,-1.130856358272203,-0.009707536412406043,0.4111595189566764,-0.6347983833345978,0.2434080256238709,-1.035742581120086,4.680514048873139,-0.04836631607403719,-31.17177499873041,117.9594215788744,0.3681653583319425,10.4978485981357,9.592495494762678,1522.018961898341,117.7886407201472,11.04186168473289,-5.355269889653157,117.7886407406367,117.787745853292,-5.355244919918095,-11.05141580208386, 1337.930962, 2.857725524,-7.063917207, 2.857725524, 1379.179417, 7.371507843,-7.063917207, 7.371507843, 2338.252732,55.13760484,1774,40.97745208568207,-1.499436302142052,36.83934611048478,19777.423102424,23058.262997433,0.4458172754009306,10.44148321455293,357.2576225069856,0.9955503550248961,0.006050631247321725,0.09087363839206036,-0.02418392817818429,0.7681918467216711,0.02137885800264743,-0.6397341813951685,-0.01282217983960147,-0.7681978788720722,-0.02168418080191799,0.6397239050580311,0.01245554429470041,5.0856638966776,0.17812236375806,0.0046104813047052,0.0046415240912364,-0.00012956688744941,20945414.18332003,19945.83141850155,1685.438008283069,20945423.6802403,-47.36532735265064,1685.438008283069,0.054690990391027,23058.262997433,-3280.8398950059,6.23832179,9.84848485,9.84848485,0.464038585,3.11349719,1684.50063,178.403389,3.11349719,-3.1248246,0,1,-0.523,0,-0.00778097932,-0.174,0.348,0,-0.173992696,-0.43498174,-0.435023325,0,0,-0.00766992187,-1,0.394320899,0,357.283939,-357.283939,360,2.7160614,0.0473952714,0.047098892,0.0393179127,0,0,0,-100,-99.999994,-2.79999983,-13.8514156,0,0,0,-0,-0.188415989,-0.092060052,-0.0649448383,0.000984644753,0.000257730764,0.00275773076,-0.000343641019,-0.00284364102,0.00560137178,0.00280068589,-0.0150237059,-0.00419461868,0,0,52262.6,95.0229,1.29953,13.3235,197.7,0.527905,14.5942,232.94,2524.59,65,65,0.00461006642572793501,-0.000129201877812948129,20945423.8587371521,0.00275632587618150713
13.2,-0.009717269759291174,0.0646873479270738,0.1089972279080967,-0.07397708302553663,0.1822824232144354,0.09490916084025758,-0.005613059297365048,0.06489237535650143,0.1097520283427172,8.937008684,2223522.288,118.317867402,1526.61609615,117.8470315185504,0.3662980337926589,10.53853568909754,-1.117471221383986,-0.02968219693985263,0.4047011181880684,-0.5799265365496922,0.2444843657187734,-1.028015273976507,4.700892049250063,-0.04794289646202025,-31.22392111609567,117.8470315185509,0.3662980337926839,10.53853568909763,9.53177106263951,1522.043357086358,117.6854685787573,10.99222044789546,-5.330977225073932,117.6854686071301,117.6845715156996,-5.330952087187928,-11.00183288545497, 1337.930962, 2.857725524,-7.063917207, 2.857725524, 1379.179417, 7.371507843,-7.063917207, 7.371507843, 2338.252732,55.13760484,1774,40.97745208568207,-1.499436302142052,36.83934611048478,19778.525719073,23059.365614077,0.4472107752992323,10.44673118014497,357.2682100322567,0.9955483403832539,0.006055412446467117,0.090919498200857,-0.02409312926614364,0.7682226702176399,0.02131802704450996,-0.6397005478795531,-0.01275460075991562,-0.768228715278672,-0.02162566614579921,0.6396902217302544,0.01238514950553629,5.110113822546,0.17738119665912,0.0046426877740386,0.0046739474079745,-0.00013102848347361,20945415.13948757,20098.03453355434,1697.211707327341,20945424.78189862,-47.89964057057296,1697.211707327341,0.055108797804251,23059.365614077,-3280.8398950061,6.23850658,9.84848485,9.84848485,0.464017229,3.11337741,1696.27342,178.396526,3.11337741,-3.12512916,0,1,-0.523,0,-0.00780530048,-0.174,0.348,0,-0.173843631,-0.434609079,-0.43464333,0,0,-0.0061359375,-1,0.393543597,0,357.294527,-357.294527,360,2.70547309,0.0472105055,0.0471088741,0.0393035736,0,0,0,-100,-99.9999946,-2.79999985,-13.8018327,0,0,0,-0,-0.189786686,-0.0927297747,-0.0656199559,0.000910781184,0.000238396975,0.00273839697,-0.000317862633,-0.00281786263,0.00555625961,0.0027781298,-0.0150077694,-0.0041901692,0,0,52333.9,95.1525,1.29953,13.33,197.818,0.528209,14.6804,233.366,2526.5,65,65,0.00464227280191073163,-0.00013066354014684608,20945424.9613299258,-0.00561305929736504849
13.3,-0.01627004114798863,0.07967747960086959,0.1182435853429947,-0.05499215502596844,0.1124911591032428,0.08875480778350749,-0.01216588516003604,0.07988167921128257,0.11899890620564,8.920500072,2221442.09,118.210730658,1526.63228155,117.7359421488194,0.3624728317850936,10.5779668375946,-1.10471558516598,-0.04858926430107383,0.3853108822699518,-0.527982773332738,0.2455052279496958,-1.021769060464404,4.720335614925438,-0.04729394855601406,-31.27329477218191,117.7359421488199,0.3624728317851185,10.57796683759469,9.476413545573589,1522.067856956525,117.5829897015289,10.94794675861325,-5.306583933007684,117.58298973784,117.5820900629926,-5.306558618363975,-10.95761739634224, 1337.930962, 2.857725524,-7.063917207, 2.857725524, 1379.179417, 7.371507843,-7.063917207, 7.371507843, 2338.252732,55.13760484,1774,40.97745208568207,-1.499436302142052,36.83934611048478,19779.623648271,23060.463543283,0.4480267716348093,10.45387637066219,357.2797785553157,0.9955450419092506,0.006054774598320252,0.09098201520408214,-0.02399337950408421,0.7682643650256811,0.02124703494329558,-0.6396542284018931,-0.01268452474427732,-0.7682704212830817,-0.02155698395533995,0.6396438578007791,0.01231225228820289,5.1339458304689,0.17568790818732,0.0046748661166875,0.0047063424086327,-0.00013248342027843,20945416.08985349,20250.24009340638,1708.97512505051,20945425.87886367,-48.43151944536294,1708.97512505051,0.055526605217475,23060.463543283,-3280.8398950129,6.23870849,9.84848485,9.84848485,0.463995965,3.11326055,1708.03589,178.389829,3.11326055,-3.12544794,0,1,-0.523,0,-0.0078195423,-0.174,0.348,0,-0.173725971,-0.434314928,-0.434341035,0,0,-0.0061359375,-1,0.392775647,0,357.306096,-357.306096,360,2.69390372,0.0470086199,0.0471089342,0.0392893919,0,0,0,-100,-99.9999951,-2.79999986,-13.7576173,0,0,0,-0,-0.191092003,-0.0933675528,-0.066262977,0.000848701768,0.000222147688,0.00272214769,-0.000296196917,-0.00279619692,0.00551834461,0.0027591723,-0.0149150694,-0.00416428737,0,0,52397.5,95.2682,1.29953,13.3358,197.923,0.525593,14.764,233.753,2528.21,65,65,0.00467445103436139094,-0.000132118553669269148,20945426.0592312254,-0.0121658851600360395
13.4,-0.02088935122626267,0.0882848267914506,0.1267063942527172,-0.03546185268869669,0.05660684117925071,0.07898095452887631,-0.0167852626113887,0.08848812715892103,0.127462323523704,8.904164873,2219381.746,118.104630454,1526.64865076,117.6260876516185,0.3568387546902745,10.61507911726169,-1.092667032547983,-0.06552347955453144,0.3577588746971756,-0.4813236423536686,0.2464970092002882,-1.016456510706196,4.738572311787262,-0.04644200325653859,-31.31753697694422,117.626087651619,0.3568387546902993,10.61507911726178,9.42599936704557,1522.092457151691,117.4810848003857,10.90861703909668,-5.282094112114548,117.4810848433907,117.4801822316253,-5.282068612677291,-10.91834574878171, 1337.930962, 2.857725524,-7.063917207, 2.857725524, 1379.179417, 7.371507843,-7.063917207, 7.371507843, 2338.252732,55.13760484,1774,40.97745208568207,-1.499436302142052,36.83934611048478,19780.71740758,23061.557302592,0.4484420443931763,10.46221478532975,357.2922644302763,0.9955409919009012,0.006050155138979603,0.09105503122916994,-0.02388536148569136,0.7683129528670384,0.02116738075740649,-0.6395999536852321,-0.01261141798060998,-0.7683190183181374,-0.02147963545965684,0.6395895433721969,0.01223632065403011,5.1566468150188,0.17311248203042,0.0047070165046265,0.004738709266343,-0.00013393167096086,20945417.0349353,20402.44810828665,1720.72832435376,20945426.97165301,-48.9609541426471,1720.72832435376,0.0559444126307,23061.557302592,-3280.8398950164,6.23892641,9.84848485,9.84848485,0.463974782,3.11314653,1719.7881,178.383296,3.11314653,-3.12577988,0,1,-0.523,0,-0.00782679018,-0.174,0.348,0,-0.173641938,-0.434104845,-0.434122437,0,0,-0.00460195312,-1,0.39218749,0,357.318583,-357.318583,360,2.68141692,0.0467907253,0.0470987458,0.0392719557,0,0,0,-100,-99.9999955,-2.79999988,-13.7183456,0,0,0,-0,-0.192336461,-0.0939755951,-0.0668758011,0.000794931644,0.000208073358,0.00270807336,-0.000277431144,-0.00277743114,0.0054855045,0.00274275225,-0.014750662,-0.00411838483,0,0,52454.3,95.3714,1.29953,13.341,198.016,0.520189,14.8435,234.103,2529.74,65,65,0.00470660129943009566,-0.000133566890054537561,20945427.152960185,-0.0167852626113886988
13.5,-0.02411056236713518,0.09120010440045537,0.1340212893657496,-0.02690176176968079,0.004638272449867394,0.06556589888578906,-0.02000654653152344,0.09140244323900872,0.1347778714630512,8.88798186,2217338.65,117.999429926,1526.66521877,117.5175878737183,0.3496272844707136,10.64705424160452,-1.077796627000708,-0.07977772067864403,0.2844413765360123,-0.400868253114897,0.2480282793428041,-1.015574692903781,4.758914917618026,-0.045416780989801,-31.39576889557563,117.5175878737188,0.3496272844707383,10.64705424160461,9.382086235894025,1522.117185071153,117.3794767352586,10.8757890227577,-5.257482040689493,117.3794767352586,117.3785706949009,-5.257456344359146,-10.8855756544209, 1337.930962, 2.857725524,-7.063917207, 2.857725524, 1379.179417, 7.371507843,-7.063917207, 7.371507843, 2338.252732,55.13760484,1774,40.97745208568207,-1.499436302142052,36.83934611048478,19781.80753554,23062.647430549,0.4486177566502692,10.4711482591272,357.3055666293992,0.9955366326076509,0.006042909079928391,0.09113330938885383,-0.02377007164284873,0.7683650432769238,0.02108072719067044,-0.6395417393048445,-0.01253502684871099,-0.7683711157279484,-0.02139528525141813,0.639531293324231,0.01215710257564284,5.1768450089479,0.16976520247784,0.0047391390651523,0.0047710481092584,-0.00013537320684825,20945417.97527147,20554.65858910663,1732.471351808438,20945428.0608052,-49.48793418123023,1732.471351808438,0.056362220043924,23062.647430549,-3280.8398950133,6.23915857,9.84848485,9.84848485,0.46395367,3.1130353,1731.53012,178.376923,3.1130353,-3.12612327,0,1,-0.523,0,-0.00782985694,-0.174,0.348,0,-0.173584087,-0.433960218,-0.433973158,0,0,-0.0061359375,-1,0.39177319,0,357.331886,-357.331886,360,2.66811374,0.0465585848,0.0470780689,0.0392482119,0,0,0,-100,-99.999996,-2.79999989,-13.6855755,0,0,0,-0,-0.193502887,-0.0945455107,-0.0674533745,0.000746181106,0.000195312905,0.0026953129,-0.000260417206,-0.00276041721,0.00545573011,0.00272786506,-0.0145229165,-0.00405479829,0,0,52504.7,95.4631,1.29953,13.3455,198.099,0.512267,14.9149,234.418,2531.1,65,65,0.00473872372844449767,-0.000135008519008786705,20945428.2430566177,-0.0200065465315234364
13.6,-0.02621737833654153,0.09065566257218745,0.1398997242134923,-0.01342731673254231,-0.01283182933208692,0.05024232282806487,-0.02211343467447545,0.09085698834364851,0.1406569677719526,8.871930929,2215310.32,117.894999488,1526.68199023,117.4104484925111,0.3411318262505514,10.67244668337926,-1.065396299278511,-0.09080564708517191,0.2260578617256215,-0.3426518338511109,0.2493640600978741,-1.013777473568516,4.776205105636143,-0.04425659817744736,-31.45194978939988,117.4104484925116,0.341131826250576,10.67244668337935,9.345081339628432,1522.142056125144,117.2780019153268,10.8498699244263,-5.232732910887304,117.2780019153268,117.2770919094988,-5.232707004096743,-10.8597143150875, 1337.930962, 2.857725524,-7.063917207, 2.857725524, 1379.179417, 7.371507843,-7.063917207, 7.371507843, 2338.252732,55.13760484,1774,40.97745208568207,-1.499436302142052,36.83934611048478,19782.894751694,23063.734646707,0.44864317232877,10.48018411161306,357.3195498589897,0.9955323208008723,0.006033817553726778,0.09121254286367245,-0.02364874861171614,0.7684178429817077,0.02098850244320816,-0.6394828828967367,-0.0124556747954306,-0.7684239204277599,-0.02130536311970085,0.6394724046079454,0.01207492284454244,5.1938333736553,0.16578685491828,0.0047712338441371,0.0048033589835589,-0.00013680799083531,20945418.91158151,20706.87155005518,1744.204224236106,20945429.1470398,-50.01244599771962,1744.204224236106,0.056780027457147,23063.734646707,-3280.8398950167,6.23940263,9.84848485,9.84848485,0.463932616,3.11292682,1743.26193,178.370707,3.11292682,-3.1264758,0,1,-0.523,0,-0.00783030052,-0.174,0.348,0,-0.173545017,-0.433862543,-0.433869969,0,0,-0.00460195312,-1,0.391468471,0,357.345871,-357.345871,360,2.65412949,0.0463145595,0.0470467761,0.0392164756,0,0,0,-100,-99.9999963,-2.7999999,-13.6597142,0,0,0,-0,-0.194577181,-0.0950704107,-0.0679849775,0.000700588651,0.000183379079,0.00268337908,-0.000244505439,-0.00274450544,0.00542788452,0.00271394226,-0.0142427345,-0.00397657148,0,0,52549.4,95.5443,1.29953,13.3495,198.171,0.502192,14.976,234.701,2532.31,65,65,0.00477081837086574048,-0.000136443401994819385,20945429.3302412555,-0.0221134346744754455
13.7,-0.02690132697565426,0.08942851767122408,0.1441970095615076,0.001121121536544099,-0.008505412096849376,0.03400132566929956,-0.02279745265557188,0.08962879134561136,0.14495490762511,8.85599636,2213294.818,117.791237946,1526.69894249,117.304433363535,0.3316933177143948,10.69278399819611,-1.055254933685045,-0.09824937243076057,0.1830489209271455,-0.3013637338883726,0.2505743569637324,-1.011294665146561,4.791054460389605,-0.04300665611891001,-31.4913632349544,117.3044333635355,0.3316933177144192,10.69278399819619,9.313006211884755,1522.167053797586,117.1767436247385,10.82888126217119,-5.207861455648456,117.1767436247385,117.1758292718057,-5.207835329082459,-10.83878325638663, 1337.930962, 2.857725524,-7.063917207, 2.857725524, 1379.179417, 7.371507843,-7.063917207, 7.371507843, 2338.252732,55.13760484,1774,40.97745208568207,-1.499436302142052,36.83934611048478,19783.979642309,23064.819537322,0.4486187726929451,10.48911233774382,357.3340589233217,0.9955281845012213,0.006023833624658032,0.0912908777465167,-0.02352281727249964,0.7684701315511778,0.02089238798551752,-0.6394247858041635,-0.01237369537679801,-0.7684762120918343,-0.02121155122811086,0.639414277812855,0.01199011561865264,5.208353434191,0.16134181663699,0.0048033008901542,0.0048356419381443,-0.0001382359876353,20945419.84445162,20859.0870045445,1755.926959436226,20945430.23094309,-50.53447669326488,1755.926959436226,0.057197834870371,23064.819537322,-3280.8398950103,6.23965586,9.84848485,9.84848485,0.463911607,3.11282104,1754.98358,178.364646,3.11282104,-3.12683482,0,1,-0.523,0,-0.00782987467,-0.174,0.348,0,-0.173530535,-0.433826337,-0.433827407,0,0,-0.00460195312,-1,0.391452088,0,357.360381,-357.360381,360,2.63961935,0.0460613577,0.0470048713,0.0391749966,0,0,0,-100,-99.9999967,-2.79999991,-13.6387832,0,0,0,-0,-0.195585792,-0.0955632181,-0.068482524,0.000656216796,0.000171764746,0.00267176475,-0.000229019662,-0.00272901966,0.00540078441,0.0027003922,-0.0139230009,-0.00388730185,0,0,52588.9,95.6162,1.29953,13.353,198.236,0.490415,15.0285,234.954,2533.38,65,65,0.0048028852775059425,-0.000137871502003785649,20945430.4151007161,-0.0227974526555718843
13.8,-0.0261877051869189,0.08926156181965468,0.1468601420214838,0.0139873297392646,0.008181794209511829,0.01767497080749859,-0.02208389820114975,0.0894607578086576,0.1476186884182282,8.840165634,2211290.603,117.688064669,1526.71606192,117.1993306082079,0.3216772142845006,10.70952820475603,-1.047120269956467,-0.1019955932232197,0.1540202387303928,-0.272018558834219,0.2517380348261344,-1.008449282580804,4.804052244874986,-0.04171261224488124,-31.51897060548297,117.1993306082084,0.3216772142845249,10.70952820475612,9.284421532141257,1522.192169499428,117.0757547704219,10.81138371108954,-5.182874954915858,117.075754770422,117.0748358026589,-5.182848602397519,-10.8213431585816, 1337.930962, 2.857725524,-7.063917207, 2.857725524, 1379.179417, 7.371507843,-7.063917207, 7.371507843, 2338.252732,55.13760484,1774,40.97745208568207,-1.499436302142052,36.83934611048478,19785.062624283,23065.902519294,0.4486583314236071,10.49795221334282,357.3489300626023,0.9955241673795605,0.006014079382015113,0.09136844938671199,-0.0233937912508387,0.7685219648654912,0.02079424755941317,-0.6393673124944773,-0.01228936537467467,-0.7685280467107468,-0.02111571325841309,0.6393567765118011,0.0119029576573123,5.2211166282545,0.15660695708682,0.0048353402703306,0.0048678970405929,-0.0001396571649515,20945420.77429868,21011.30496474088,1767.639581977907,20945431.312932,-51.05401446171527,1767.639581977907,0.057615642283595,23065.902519294,-3280.8398950072,6.23991541,9.84848485,9.84848485,0.463890637,3.1127179,1766.69507,178.358736,3.1127179,-3.1271975,0,1,-0.523,0,-0.0078305651,-0.174,0.348,0,-0.173540698,-0.433851746,-0.433846934,0,0,-0.00306796875,-1,0.391821505,0,357.375253,-357.375253,360,2.62474712,0.0458018372,0.0469524944,0.0391219293,0,0,0,-100,-99.999997,-2.79999992,-13.6213431,0,0,0,-0,-0.196548374,-0.0960335354,-0.0689561593,0.000610788683,0.000159873938,0.00265987394,-0.00021316525,-0.00271316525,0.00537303919,0.00268651959,-0.01357773,-0.00379090221,0,0,52623.7,95.6794,1.29953,13.3561,198.292,0.477442,15.0743,235.181,2534.32,65,65,0.00483492451659375995,-0.000139292784809597308,20945431.4980515987,-0.0220838982011497473
13.9,-0.02433113690699626,0.09103011582789582,0.1479122155724568,0.02342776801818829,0.02958847618491207,0.001937464109634939,-0.02022739783943846,0.09122822193302248,0.1486714145523085,8.824427758,2209296.319,117.585408645,1526.73334273,117.0949539765949,0.3114506915514701,10.72394880628365,-1.040721086979384,-0.102136294063727,0.1364653658039749,-0.2503203948743327,0.2529229120694795,-1.005585394628166,4.815718740969365,-0.0404184375235047,-31.53904738788291,117.0949539765954,0.3114506915514943,10.72394880628374,9.258355307503116,1522.217402125812,116.9750543087462,10.79640528100972,-5.157773627059533,116.9750543087462,116.9741305356189,-5.157747044545004,-10.80642203388379, 1337.930962, 2.857725524,-7.063917207, 2.857725524, 1379.179417, 7.371507843,-7.063917207, 7.371507843, 2338.252732,55.13760484,1774,40.97745208568207,-1.499436302142052,36.83934611048478,19786.143994544,23066.983889554,0.4488617516560595,10.50685678086264,357.3639988144513,0.9955201074149637,0.006005583651844018,0.09144655860018561,-0.02326318158985961,0.7685741482172012,0.0206958771376887,-0.6393094286224993,-0.01220302569361009,-0.7685802297238838,-0.0210196446661778,0.6392988654723489,0.01181378946219295,5.2327424325126,0.15176059022663,0.0048673520616938,0.0049001243684504,-0.00014107149148875,20945421.70141952,21163.52544233536,1779.342120040271,20945432.39330345,-51.57104786280979,1779.342120040271,0.058033449696819,23066.983889554,-3280.8398950204,6.24017841,9.84848485,9.84848485,0.463869698,3.11261737,1778.39644,178.352975,3.11261737,-3.12756104,0,1,-0.523,0,-0.00783411545,-0.174,0.348,0,-0.173571385,-0.433928463,-0.433919111,0,0,-0.00306796875,-1,0.392595011,0,357.390323,-357.390323,360,2.60967726,0.0455388681,0.0468899187,0.0390558033,0,0,0,-100,-99.9999973,-2.79999992,-13.606422,0,0,0,-0,-0.197478301,-0.0964878977,-0.0694129064,0.000562248719,0.000147168602,0.0026471686,-0.000196224803,-0.0026962248,0.00534339341,0.0026716967,-0.0132211688,-0.00369135034,0,0,52654.2,95.7349,1.29953,13.3588,198.343,0.463803,15.1152,235.382,2535.14,65,65,0.00486693616553733263,-0.000140707217238791442,20945432.579390198,-0.0202273978394384574
14,-0.02171939090528349,0.09494044697859572,0.1474368689432429,0.02858561967832702,0.05020855129507482,-0.0126873469227543,-0.01761572364626627,0.09513746359901848,0.1481967392828691,8.808772173,2207310.667,117.483201354,1526.75078464,116.9911434778811,0.3013639918840845,10.73704464858865,-1.035794528146107,-0.09892601697881298,0.1274398566072854,-0.2329168560780488,0.2541727744740323,-1.003012312616099,4.826470829192734,-0.03916473879235739,-31.55492962994182,116.9911434778816,0.3013639918841085,10.73704464858874,9.234219219446629,1522.242756231137,116.8746281440974,10.78335766171966,-5.132552388619329,116.8746281440974,116.8736994214298,-5.132525573341832,-10.79343157164706, 1337.930962, 2.857725524,-7.063917207, 2.857725524, 1379.179417, 7.371507843,-7.063917207, 7.371507843, 2338.252732,55.13760484,1774,40.97745208568207,-1.499436302142052,36.83934611048478,19787.223972771,23068.063867781,0.4492977568104166,10.51603468137579,357.3791064168075,0.9955158012221854,0.005999110440368082,0.0915269963104994,-0.02313242609957734,0.7686278042254518,0.02059883366035561,-0.6392497240499884,-0.01211515271911335,-0.7686338839712539,-0.02092490166744015,0.6392391337647916,0.01172308684229807,5.2437199376045,0.14697338487142,0.0048993363418714,0.0049323239998668,-0.00014247893523359,20945422.6260338,21315.74844921162,1791.034602015933,20945433.47227714,-52.08556519351987,1791.034602015933,0.058451257110043,23068.063867781,-3280.8398950107,6.24044208,9.84848485,9.84848485,0.463848787,3.11251939,1790.0877,178.347361,3.11251939,-3.12792269,0,1,-0.523,0,-0.00784172518,-0.174,0.348,0,-0.173615991,-0.434039977,-0.434027891,0,0,-0.00306796875,-1,0.393724675,0,357.405431,-357.405431,360,2.59456854,0.045275221,0.0468175423,0.0389758171,0,0,0,-100,-99.9999976,-2.79999993,-13.5934315,0,0,0,-0,-0.198383702,-0.0969302767,-0.069857131,0.000509129919,0.000133264756,0.00263326476,-0.000177686342,-0.00267768634,0.0053109511,0.00265547555,-0.0128670535,-0.00359248133,0,0,52680.8,95.7832,1.29953,13.3611,198.387,0.450022,15.1526,235.561,2535.84,65,65,0.00489892030197162064,-0.000142114765629456144,20945433.6593354531,-0.0176157236462662695
14.1,-0.01879238756176681,0.1007438497752408,0.1455639468656694,0.0293143834792404,0.06662546156338667,-0.0258094434716095,-0.01468879924864368,0.1009397886016155,0.1463245219028712,8.79318817,2205332.32,117.381372898,1526.76838993,116.8877637484179,0.29173604626508,10.74952461722625,-1.032104368665525,-0.09274025769550417,0.1240638772220848,-0.2174534268160997,0.2555017869302003,-1.000972039860252,4.836611974126425,-0.03798752147160826,-31.56895941140183,116.8877637484184,0.2917360462651039,10.74952461722633,9.211710067718823,1522.26823928844,116.7744344228877,10.7719376643244,-5.107203510102515,116.7744344228878,116.7735006294868,-5.107176459916001,-10.78206858008004, 1337.930962, 2.857725524,-7.063917207, 2.857725524, 1379.179417, 7.371507843,-7.063917207, 7.371507843, 2338.252732,55.13760484,1774,40.97745208568207,-1.499436302142052,36.83934611048478,19788.302734919,23069.142629932,0.4499952932279542,10.52569288052176,357.3941048407722,0.995511051129653,0.005995068751197543,0.09161154775478277,-0.0230028378113508,0.768684055529699,0.02050433481849515,-0.6391867967006525,-0.01202638564260776,-0.7686901324037538,-0.02083270121291413,0.6391761786729568,0.01163148839613753,5.2543979418593,0.14240131103122,0.004931293180693,0.0049644960051418,-0.00014387946235442,20945423.54831741,21467.97399787953,1802.717053443521,20945434.55002905,-52.59755408609271,1802.717053443521,0.058869064523267,23069.142629932,-3280.8398950173,6.24070386,9.84848485,9.84848485,0.4638279,3.11242392,1801.76889,178.341891,3.11242392,-3.12827994,0,1,-0.523,0,-0.00785389949,-0.174,0.348,0,-0.173666874,-0.434167185,-0.434154305,0,0,-0.00306796875,-1,0.395112641,0,357.420431,-357.420431,360,2.57956901,0.0450134793,0.0467358743,0.0388819749,0,0,0,-100,-99.9999978,-2.79999994,-13.5820685,0,0,0,-0,-0.199268741,-0.0973627067,-0.0702911544,0.000450745461,0.000117982625,0.00261798262,-0.000157310166,-0.00265731017,0.00527529279,0.0026376464,-0.0125280261,-0.0034978249,0,0,52703.9,95.8252,1.29953,13.3631,198.425,0.436585,15.1877,235.719,2536.45,65,65,0.00493087699561823092,-0.000143515394838190935,20945434.7380627133,-0.014688799248643674
14.2,-0.01597980370111779,0.1079338515594623,0.1424569926196247,0.02598569317688561,0.07721755723426332,-0.03715304891215922,-0.01187630416376298,0.1081287339467722,0.1432183176859017,8.777664678,2203359.905,117.279850679,1526.78616041,116.7847010259262,0.2828441120148089,10.76182980515962,-1.029450591759158,-0.08403780990368234,0.1238474248284192,-0.2024886945262239,0.2568946368931814,-0.9996263249212554,4.846339576711287,-0.03691733608551068,-31.58256900880971,116.7847010259267,0.2828441120148327,10.76182980515971,9.190713266422399,1522.293858692149,116.6744110627043,10.76203071438597,-5.081719525476812,116.6744110627043,116.6734720846004,-5.081692238409001,-10.7722184799587, 1337.930962, 2.857725524,-7.063917207, 2.857725524, 1379.179417, 7.371507843,-7.063917207, 7.371507843, 2338.252732,55.13760484,1774,40.97745208568207,-1.499436302142052,36.83934611048478,19789.380436808,23070.220331817,0.4509419745816967,10.53600026592111,357.4088606086424,0.9955056950731002,0.005993488999640735,0.09170167648070496,-0.0228755698784353,0.7687438224691749,0.0204132175571624,-0.6391194971370827,-0.01193751832200469,-0.7687498957614192,-0.02074387961759021,0.6391088502987613,0.01153978747697626,5.264995245152,0.13818051007432,0.0049632226335924,0.0049966404400822,-0.00014527303687601,20945424.46842611,21620.20210161695,1814.389494597707,20945435.626715,-53.10700138909306,1814.389494597707,0.059286871936491,23070.220331817,-3280.8398950141,6.24096139,9.84848485,9.84848485,0.463807034,3.11233092,1813.44003,178.336562,3.11233092,-3.12863047,0,1,-0.523,0,-0.00787042219,-0.174,0.348,0,-0.173716478,-0.434291194,-0.434279348,0,0,-0.00153398437,-1,0.396628201,0,357.435188,-357.435188,360,2.56481216,0.0447559721,0.0466455194,0.0387750972,0,0,0,-100,-99.999998,-2.79999994,-13.5722184,0,0,0,-0,-0.200134907,-0.0977859153,-0.0707158887,0.000387236325,0.000101359108,0.00260135911,-0.000135145477,-0.00263514548,0.00523650459,0.00261825229,-0.0122152068,-0.00341048573,0,0,52723.8,95.8614,1.29953,13.3649,198.46,0.423929,15.2213,235.857,2536.96,65,65,0.0049628063018533914,-0.000144909067961231509,20945435.8157273345,-0.0118763041637629848
14.3,-0.01365764253601582,0.1159073813259927,0.1383026841535008,0.01930646882846132,0.08173774880421146,-0.04653791943182885,-0.009554243491434515,0.1161012364997956,0.1390648126905701,8.762190326,2201392.006,117.178559816,1526.8040948,116.6818595062799,0.2749169613439442,10.77418039978709,-1.027671865121332,-0.0733282723322719,0.1248571116842534,-0.1873281582735018,0.2583106244644708,-0.9990583372918862,4.855762788408592,-0.03597874695257356,-31.5964462972998,116.6818595062804,0.2749169613439678,10.77418039978718,9.171219359406043,1522.319618987828,116.5744837989265,10.75362736445041,-5.05609592337764,116.5744837989265,116.573539520412,-5.056068397373501,-10.76387181780151, 1337.930962, 2.857725524,-7.063917207, 2.857725524, 1379.179417, 7.371507843,-7.063917207, 7.371507843, 2338.252732,55.13760484,1774,40.97745208568207,-1.499436302142052,36.83934611048478,19790.457228683,23071.29712369,0.452087707916163,10.54706945880414,357.4232575693783,0.9954996215177864,0.005994049040576662,0.09179836549983363,-0.02275159391344607,0.7688077213072636,0.02032594116070405,-0.6390470514290891,-0.01184946555975361,-0.7688137907830631,-0.0206588957146789,0.639036374435862,0.01144889852760256,5.2756230702343,0.13442387478378,0.0049951247371756,0.0050287573415402,-0.00014665962112869,20945425.38651011,21772.4327743199,1826.051938870188,20945436.70248526,-53.61389333165062,1826.051938870188,0.059704679349715,23071.29712369,-3280.8398950174,6.24121267,9.84848485,9.84848485,0.463786187,3.11224035,1825.10112,178.331372,3.11224035,-3.12897232,0,1,-0.523,0,-0.00789041901,-0.174,0.348,0,-0.173758121,-0.434395302,-0.434386038,0,0,-0.00153398437,-1,0.39812386,0,357.449586,-357.449586,360,2.55041414,0.0445047267,0.0465471588,0.0386567398,0,0,0,-100,-99.9999982,-2.79999995,-13.5638718,0,0,0,-0,-0.200982154,-0.0981998802,-0.0711314092,0.000319511467,8.36321265e-05,0.00258363213,-0.000111509502,-0.0026115095,0.00519514163,0.00259757081,-0.0119379025,-0.00333306237,0,0,52740.7,95.8923,1.29953,13.3663,198.489,0.412424,15.2538,235.978,2537.39,65,65,0.00499470825735921862,-0.000146295746784453403,20945436.8924793676,-0.00955424349143451507
14.4,-0.01212205553659713,0.1240819240903133,0.1333020178336864,0.01016110325336871,0.08086418845367843,-0.05386361302686106,-0.008018769723127366,0.1242747873032359,0.1340650071970299,8.746753663,2199427.189,117.077424612,1526.82218664,116.5791576827496,0.2681310867216906,10.7866330967282,-1.026642971807907,-0.06114486292993834,0.1257573018154829,-0.1718249568743033,0.2596900608210001,-0.9992837619026491,4.864924943666075,-0.03519006786719209,-31.61073321266881,116.5791576827501,0.2681310867217142,10.78663309672829,9.153259180611718,1522.34551963956,116.4745735487689,10.74675845195048,-5.030333316029346,116.474573548769,116.4736238488692,-5.030305548849095,-10.75705942439043, 1337.930962, 2.857725524,-7.063917207, 2.857725524, 1379.179417, 7.371507843,-7.063917207, 7.371507843, 2338.252732,55.13760484,1774,40.97745208568207,-1.499436302142052,36.83934611048478,19791.533262324,23072.373157336,0.453351703861181,10.55895279236588,357.4371987903554,0.9954927727412811,0.005996133125877965,0.09190208085109078,-0.02263168890411377,0.7688760407865531,0.02024262110212163,-0.6389690892380494,-0.01176321357489858,-0.7688821067375552,-0.02057786472655339,0.638958380643123,0.01135980757023434,5.2863127374142,0.1312190894702,0.0050269995069193,0.0050608467250966,-0.00014803917686736,20945426.30272112,21924.66603010072,1837.704391929023,20945437.77749163,-54.11821593255809,1837.704391929023,0.060122486762939,23072.373157336,-3280.8398950142,6.24145599,9.84848485,9.84848485,0.463765355,3.11215216,1836.75218,178.326319,3.11215216,-3.12930383,0,1,-0.523,0,-0.0079124799,-0.174,0.348,0,-0.173786482,-0.434466206,-0.434460699,0,0,-0.00153398437,-1,0.399449255,0,357.463528,-357.463528,360,2.53647189,0.0442614344,0.0464415314,0.0385290515,0,0,0,-100,-99.9999984,-2.79999995,-13.5570594,0,0,0,-0,-0.201809805,-0.0986042706,-0.071537416,0.000249116355,6.52062059e-05,0.00256520621,-8.69416079e-05,-0.00258694161,0.00515214781,0.00257607391,-0.0117034349,-0.00326759903,0,0,52755.1,95.9184,1.29953,13.3676,198.516,0.402368,15.2856,236.083,2537.74,65,65,0.00502658287784140453,-0.000147675392871305446,20945437.9684706256,-0.00801876972312736552
14.5,-0.01157751028678991,0.1319690231388208,0.1276629022817052,-0.0005136926117430478,0.07578898784538465,-0.05909739556555978,-0.007474350669341052,0.1321609338616671,0.128426809921862,8.731343438,2197464.046,116.976370456,1526.84042295,116.4765250694278,0.2626094056685684,10.79913834749275,-1.026269205146944,-0.04802208002409547,0.1257632070501238,-0.1561835370820788,0.2609616229828328,-1.000266666790013,4.873826223783395,-0.03456332055894436,-31.62522136072714,116.4765250694283,0.2626094056685918,10.79913834749284,9.136859053509271,1522.371553495398,116.3746023904434,10.74145029681367,-5.004438928047396,116.3746023904435,116.3736471432579,-5.004410917276232,-10.75180761290139, 1337.930962, 2.857725524,-7.063917207, 2.857725524, 1379.179417, 7.371507843,-7.063917207, 7.371507843, 2338.252732,55.13760484,1774,40.97745208568207,-1.499436302142052,36.83934611048478,19792.608692635,23073.448587646,0.4546312987546427,10.57164801292876,357.4506076954571,0.9954851401097655,0.005998909049822528,0.09201281931331665,-0.0225164382811222,0.7689487725277077,0.02016308151735908,-0.6388856067398087,-0.01167976337786297,-0.7689548357940774,-0.02050061072680221,0.6388748651460606,0.01127351557122167,5.297043387316,0.12862788600347,0.005058846936707,0.0050929085845935,-0.00014941166689316,20945427.217214,22076.90188269702,1849.346851549072,20945438.85188903,-54.61995559309798,1849.346851549072,0.060540294176163,23073.448587646,-3280.8398950142,6.24169002,9.84848485,9.84848485,0.463744536,3.11206632,1848.39319,178.3214,3.11206632,-3.1296237,0,1,-0.523,0,-0.00793481305,-0.174,0.348,0,-0.17379783,-0.434494576,-0.434493596,0,0,0,-1,0.400462385,0,357.476938,-357.476938,360,2.52306199,0.0440274318,0.0463294136,0.0383946006,0,0,0,-100,-99.9999985,-2.79999996,-13.5518076,0,0,0,-0,-0.20261719,-0.098998759,-0.071933568,0.000178061586,4.66076202e-05,0.00254660762,-6.21434936e-05,-0.00256214349,0.00510875111,0.00255437556,-0.0115170669,-0.00321556509,0,0,52767.1,95.9402,1.29953,13.3686,198.538,0.393983,15.3167,236.173,2538.01,65,65,0.0050584301575398883,-0.000149047969133823374,20945439.0438562408,-0.00747435066934105247
14.6,-0.01213593141955926,0.1392099049108838,0.1215938072569823,-0.01181995823491363,0.06788401638785733,-0.0622654507039589,-0.008032910542400228,0.1394009051169963,0.1223586876772824,8.715948888,2195501.219,116.875325714,1526.85878365,116.3738995292771,0.2584220079909665,10.81159041250205,-1.02647942090034,-0.03447749969148617,0.1245418669142424,-0.1407895988976691,0.2620496465169284,-1.001936488252638,4.882443660483939,-0.0341043824780262,-31.63952149593167,116.3738995292776,0.2584220079909898,10.81159041250214,9.122014461707151,1522.397705992636,116.2744978725755,10.73769837094987,-4.978427362846596,116.2744978725755,116.2735369499863,-4.978399105973917,-10.74811184878622, 1337.930962, 2.857725524,-7.063917207, 2.857725524, 1379.179417, 7.371507843,-7.063917207, 7.371507843, 2338.252732,55.13760484,1774,40.97745208568207,-1.499436302142052,36.83934611048478,19793.683675762,23074.523570767,0.4558113251515568,10.58510956446646,357.4634285468956,0.9954767547148159,0.006001411557289342,0.09213020456595232,-0.02240623324912713,0.7690256724074377,0.02008691653674106,-0.6387968920104129,-0.01160007414507478,-0.7690317343702362,-0.02042672793865165,0.6387861161952704,0.01119098178844573,5.3077663084876,0.12668629897153,0.0050906669997751,0.0051249428930869,-0.00015077705698335,20945428.13014483,22229.14034476424,1860.97930795777,20945439.92583361,-55.11909980254131,1860.97930795777,0.060958101589387,23074.523570767,-3280.8398950174,6.24191378,9.84848485,9.84848485,0.463723726,3.11198279,1860.02415,178.316614,3.11198279,-3.12993099,0,1,-0.523,0,-0.00795540839,-0.174,0.348,0,-0.173790053,-0.434475132,-0.434479051,0,0,0,-1,0.401038008,0,357.48976,-357.48976,360,2.5102402,0.0438036915,0.0462116007,0.0382561923,0,0,0,-100,-99.9999987,-2.79999996,-13.5481118,0,0,0,-0,-0.203404033,-0.0993832107,-0.0723196913,0.000108637391,2.8435837e-05,0.00252843584,-3.79144493e-05,-0.00253791445,0.00506635029,0.00253317514,-0.0113820104,-0.00317785729,0,0,52776.9,95.9581,1.29953,13.3695,198.558,0.387413,15.3472,236.249,2538.23,65,65,0.00509025007012550192,-0.000150413441702328398,20945440.1187927239,-0.00803291054240022617
14.7,-0.01382350410762453,0.1455818146439369,0.1152981744484708,-0.02295823991304536,0.05845961520184411,-0.06344649888425122,-0.009720633625937067,0.1457719472265374,0.1160640770963496,8.700559971,2193537.441,116.774223353,1526.87724153,116.2712252813791,0.2555885624637559,10.82386649308523,-1.027219020189513,-0.02099698525682009,0.1220912422002911,-0.1260783614620138,0.2628806613164317,-1.004203606447254,4.890746913233079,-0.03381329853053305,-31.65319484852111,116.2712252813796,0.2555885624637791,10.82386649308532,9.108678871291248,1522.423955059283,116.1741956783164,10.73545612016742,-4.952320687800954,116.1741956783164,116.1732289537893,-4.95229218233259,-10.74592557194952, 1337.930962, 2.857725524,-7.063917207, 2.857725524, 1379.179417, 7.371507843,-7.063917207, 7.371507843, 2338.252732,55.13760484,1774,40.97745208568207,-1.499436302142052,36.83934611048478,19794.758365363,23075.598260377,0.4567730978710512,10.59926204164577,357.4756263396977,0.9954676761409972,0.006002623170732187,0.09225360230859646,-0.02230128100805601,0.7691063340214811,0.02001355324932972,-0.6387034356848401,-0.01152501187658615,-0.7691123965667732,-0.02035564365678538,0.6386926246956359,0.01111307239389656,5.3184240239782,0.12540573760901,0.0051224596506102,0.0051569496047567,-0.00015213531793608,20945429.04166723,22381.38142712424,1872.601744528362,20945440.99947906,-55.61563788563217,1872.601744528362,0.061375909002611,23075.598260377,-3280.8398950043,6.24212668,9.84848485,9.84848485,0.463702923,3.11190153,1871.64503,178.311958,3.11190153,-3.13022514,0,1,-0.523,0,-0.00797219449,-0.174,0.348,0,-0.173762552,-0.434406379,-0.434415205,0,0,0,-1,0.401073366,0,357.501958,-357.501958,360,2.49804151,0.0435908243,0.0460888871,0.0381166926,0,0,0,-100,-99.9999988,-2.79999997,-13.5459255,0,0,0,-0,-0.204170632,-0.099757771,-0.0726958825,4.32333248e-05,1.13163228e-05,0.00251131632,-1.50884303e-05,-0.00251508843,0.00502640475,0.00251320238,-0.0112995008,-0.00315482062,0,0,52784.8,95.9724,1.29953,13.3702,198.576,0.382727,15.3769,236.314,2538.38,65,65,0.00512204257053935647,-0.000151771781907848995,20945441.1934342012,-0.00972063362593706543
14.8,-0.01659222817716476,0.1509844094775981,0.1089693981855815,-0.03326119851433889,0.0486148707522333,-0.0627667291019337,-0.01248951856525674,0.1511737168267932,0.1097363662568822,8.685167547,2191571.551,116.67300212,1526.8957629,116.1684515568649,0.2540820684314156,10.8358538596786,-1.02844371426019,-0.008022707673615459,0.1186200732168992,-0.1124442497965958,0.2633887582859397,-1.00697204603258,4.898709310138544,-0.03368473599675913,-31.66584319631929,116.1684515568653,0.2540820684314387,10.83585385967869,9.09676365110699,1522.450271613174,116.0736408669883,10.7346348846687,-4.926147933196209,116.0736408669884,116.0726682194972,-4.926119176771456,-10.74516011738455, 1337.930962, 2.857725524,-7.063917207, 2.857725524, 1379.179417, 7.371507843,-7.063917207, 7.371507843, 2338.252732,55.13760484,1774,40.97745208568207,-1.499436302142052,36.83934611048478,19795.83290828,23076.672803287,0.4574023925884943,10.61401330463929,357.4871861582903,0.9954579814002216,0.006001546509417365,0.09238223266766019,-0.02220161691025774,0.7691902603472416,0.01994231143478686,-0.6386058436520072,-0.01145530685267976,-0.769196325805555,-0.02028667793581298,0.6385949968721822,0.01104051789460052,5.328963576734,0.12477472434353,0.0051542248273741,0.005188928657348,-0.00015348642755566,20945429.95192799,22533.6251380348,1884.214138666028,20945442.07297224,-56.10956172833176,1884.214138666028,0.061793716415835,23076.672803287,-3280.8398950141,6.24232843,9.84848485,9.84848485,0.463682123,3.1118225,1883.25582,178.307429,3.1118225,-3.13050593,0,1,-0.523,0,-0.00798317776,-0.174,0.348,0,-0.173716046,-0.434290114,-0.434303549,0,0,0,-1,0.400491565,0,357.513519,-357.513519,360,2.48648084,0.0433890906,0.0459620501,0.0379788723,0,0,0,-100,-99.9999989,-2.79999997,-13.5451601,0,0,0,-0,-0.204917879,-0.100122876,-0.0730625304,-1.58237337e-05,-5.52248307e-06,0.00249447752,4.1418623e-06,-0.00249585814,0.00499033565,0.00249516783,-0.0112689271,-0.00314628444,0,0,52790.9,95.9835,1.29953,13.3708,198.591,0.379924,15.4057,236.366,2538.47,65,65,0.00515380759736387781,-0.000153122968207929062,20945442.2679280154,-0.0124895185652567457
14.9,-0.02033387932903695,0.1554148718660686,0.1027862925978332,-0.04220715775971089,0.03916697733275738,-0.06039501146664537,-0.01623133974177825,0.1556033946236111,0.1035543626202662,8.669763477,2189602.515,116.571607258,1526.91430855,116.0655318066423,0.2538336907506871,10.84746576935177,-1.030114548559984,0.004056444358525757,0.1144433082412952,-0.1001888358374572,0.2635196032291026,-1.010148713169491,4.906314398352034,-0.03370856330788677,-31.67716082634416,116.0655318066428,0.2538336907507101,10.84746576935185,9.086145063960998,1522.476620530887,115.9727880168805,10.73511089099807,-4.899944129087004,115.9727880168806,115.9718093343119,-4.899915119581302,-10.74569170716439, 1337.930962, 2.857725524,-7.063917207, 2.857725524, 1379.179417, 7.371507843,-7.063917207, 7.371507843, 2338.252732,55.13760484,1774,40.97745208568207,-1.499436302142052,36.83934611048478,19796.907440655,23077.747335667,0.4575960576966269,10.62926566252169,357.498112035793,0.9954477553369465,0.005997264669784681,0.09251526609929876,-0.02210711988684566,0.7692769247761287,0.01987245716525349,-0.6385047624593468,-0.0113915218443728,-0.7692829958421714,-0.02021909715374616,0.6384938796475179,0.01097388131164796,5.3393443715244,0.12476117481235,0.0051859624545101,0.0052208799747956,-0.00015483037243447,20945430.86106322,22685.87148253374,1895.816462760316,20945443.14644932,-56.60086642921306,1895.816462760316,0.062211523829059,23077.747335667,-3280.8398950107,6.24251912,9.84848485,9.84848485,0.463661324,3.11174566,1894.85649,178.303026,3.11174566,-3.13077346,0,1,-0.523,0,-0.00798655785,-0.174,0.348,0,-0.17365233,-0.434130825,-0.434148328,0,0,0.00153398437,-1,0.399242998,0,357.524446,-357.524446,360,2.47555416,0.04319842,0.0458318332,0.0378452754,0,0,0,-100,-99.999999,-2.79999997,-13.5456917,0,0,0,-0,-0.20564718,-0.100479212,-0.0734202832,-6.64055098e-05,-2.31755229e-05,0.00247682448,1.73816422e-05,-0.00248261836,0.00495944283,0.00247972142,-0.0112880054,-0.00315161112,0,0,52795.4,95.9917,1.29953,13.3712,198.604,0.37894,15.4337,236.409,2538.52,65,65,0.00518554507538671831,-0.000154466987914874657,20945443.342410814,-0.0162313397417782473
15,-0.02489464409962134,0.1589388604589141,0.09690905550547742,-0.0494195536979069,0.03064147266048141,-0.05653759059427074,-0.02079228235282815,0.1591266364631451,0.09767825751092162,8.654340664,2187629.422,116.469990792,1526.93283513,115.9624233307408,0.2547384509098531,10.8586480999544,-1.032194361338767,0.01491230437650254,0.1099008790962728,-0.08950014978616139,0.2632330854660564,-1.013649224322894,4.913558720448413,-0.03387053249073008,-31.68695523824952,115.9624233307413,0.2547384509098761,10.85864809995449,9.076674825110356,1522.502961949304,115.8716006173885,10.73673581168967,-4.873749013781929,115.8716006173885,115.8706157990744,-4.873719749384493,-10.74737201006333, 1337.930962, 2.857725524,-7.063917207, 2.857725524, 1379.179417, 7.371507843,-7.063917207, 7.371507843, 2338.252732,55.13760484,1774,40.97745208568207,-1.499436302142052,36.83934611048478,19797.982084937,23078.821979943,0.4572671067322689,10.64492433359591,357.5084253577512,0.9954370831686432,0.005988988192320847,0.09265189592202328,-0.02201753063335661,0.769365817129735,0.01980324887404643,-0.6384008227519683,-0.01133403176005722,-0.7693718967679299,-0.0201521600505173,0.6383899040568043,0.01091353780222747,5.3495414909197,0.12531511039274,0.0052176724452783,0.0052528034697749,-0.00015616714942357,20945431.76919531,22838.12046189771,1907.408685111489,20945444.22003274,-57.08955083705951,1907.408685111489,0.062629331242283,23078.821979943,-3280.8398950139,6.24269913,9.84848485,9.84848485,0.463640524,3.11167097,1906.447,178.298747,3.11167097,-3.13102815,0,1,-0.523,0,-0.00798081657,-0.174,0.348,0,-0.173574021,-0.433935052,-0.433955903,0,0,0.00153398437,-1,0.397305216,0,357.53476,-357.53476,360,2.46524007,0.0430184393,0.0456989329,0.0377181163,0,0,0,-100,-99.9999991,-2.79999997,-13.547372,0,0,0,-0,-0.206360316,-0.10082765,-0.0737699852,-0.000106688611,-3.72343253e-05,0.00246276567,2.7925744e-05,-0.00247207426,0.00493483993,0.00246741997,-0.0113529894,-0.00316975465,0,0,52798.5,95.9973,1.29953,13.3715,198.615,0.379654,15.4607,236.442,2538.52,65,65,0.00521725491810833691,-0.000155803838619964256,20945444.4170054682,-0.0207922823528281508
15.1,-0.03008925970969065,0.1616624969410067,0.09147580563705206,-0.05465745735360896,0.0233036383918911,-0.05143177137112213,-0.02598708234256026,0.1618495603703242,0.09224616372035585,8.638893039,2185651.494,116.368111451,1526.95129658,115.8590871917162,0.2566615645985451,10.86937913128988,-1.034645628176975,0.02428281103917498,0.1053019947757967,-0.0804549055743351,0.2625047057546521,-1.017400794738746,4.92045175846466,-0.03415304292608744,-31.69514500979627,115.8590871917167,0.2566615645985679,10.86937913128996,9.068191507962274,1522.529252767705,115.7700500305878,10.73934817241226,-4.84760554326302,115.7700500305877,115.7690589888543,-4.847576022525584,-10.75003954863211, 1337.930962, 2.857725524,-7.063917207, 2.857725524, 1379.179417, 7.371507843,-7.063917207, 7.371507843, 2338.252732,55.13760484,1774,40.97745208568207,-1.499436302142052,36.83934611048478,19799.056947988,23079.896843001,0.4563482876218409,10.66090301733754,357.5181628607305,0.9954260453255098,0.005976088546762496,0.0927913860292463,-0.02193247209205456,0.7694564737505856,0.01973397551580833,-0.6382946018873976,-0.01128301444935995,-0.7694625650921149,-0.02008515586726502,0.6382836478416454,0.0108596654466342,5.3595456561585,0.12637170230184,0.0052493547040576,0.0052846990460211,-0.00015749676671997,20945432.6764311,22990.37207324207,1918.990770772093,20945445.29382941,-57.57561794832145,1918.990770772093,0.063047138655507,23079.896843001,-3280.8398950204,6.24286908,9.84848485,9.84848485,0.46361972,3.11159839,1918.02732,178.294588,3.11159839,-3.13127069,0,1,-0.523,0,-0.00796478015,-0.174,0.348,0,-0.173484308,-0.433710769,-0.433734128,0,0,0.00153398437,-1,0.394681608,0,357.544498,-357.544498,360,2.45550185,0.0428485073,0.0455639865,0.0375992064,0,0,0,-100,-99.9999992,-2.79999998,-13.5500395,0,0,0,-0,-0.207059295,-0.101169172,-0.0741126029,-0.000135230689,-4.71955104e-05,0.00245280449,3.53966328e-05,-0.00246460337,0.00491740786,0.00245870393,-0.0114589078,-0.00319932707,0,0,52800.3,96.0005,1.29953,13.3717,198.624,0.381897,15.4867,236.467,2538.48,65,65,0.00524893703003315257,-0.000157133529241929335,20945445.4918192476,-0.0259870823425602561
15.2,-0.03571395861998041,0.1637086645687479,0.0865998040293722,-0.05780123155224982,0.01721286009505222,-0.04533842918571567,-0.03161197100574224,0.1638950452884195,0.08737133710997709,8.623415504,2183668.068,116.265934345,1526.96964568,115.7554882856463,0.2594452208605107,10.87966492800789,-1.037429496616758,0.03197533217467435,0.1008931592167848,-0.07303522063635626,0.2613258776705957,-1.021342865011723,4.92701402138901,-0.03453596155548041,-31.70174320947387,115.7554882856468,0.2594452208605335,10.87966492800798,9.060530932318638,1522.55544823262,115.6681142834353,10.74278374182775,-4.821558317307787,115.6681142834354,115.6671169442225,-4.82152853916577,-10.7535300889666, 1337.930962, 2.857725524,-7.063917207, 2.857725524, 1379.179417, 7.371507843,-7.063917207, 7.371507843, 2338.252732,55.13760484,1774,40.97745208568207,-1.499436302142052,36.83934611048478,19800.132120296,23080.972015311,0.4547942226789687,10.67712684425975,357.5273742892214,0.9954147144060819,0.005958118981497407,0.09293309606871096,-0.02185147173863878,0.7695484931549749,0.01966398706814291,-0.6381866039791754,-0.0112384517180418,-0.769554599391792,-0.02001743483594043,0.63817561547624,0.01081224625365332,5.3693610230941,0.1278545482028,0.0052810091283362,0.0053165666003321,-0.00015881924453207,20945433.58286105,23142.62630927625,1930.562682274342,20945446.36792983,-58.0590751503878,1930.562682274342,0.063464946068731,23080.972015311,-3280.8398950203,6.24302985,9.84848485,9.84848485,0.463598911,3.11152787,1929.59741,178.290547,3.11152787,-3.13150198,0,1,-0.523,0,-0.0079376566,-0.174,0.348,0,-0.173386724,-0.43346681,-0.43349177,0,0,0.00153398437,-1,0.391399213,0,357.55371,-357.55371,360,2.44628975,0.0426877561,0.0454275635,0.0374899069,0,0,0,-100,-99.9999993,-2.79999998,-13.5535301,0,0,0,-0,-0.207746205,-0.101504796,-0.0744491531,-0.000151018056,-5.27053015e-05,0.0024472947,3.95289762e-05,-0.00246047102,0.00490776572,0.00245388286,-0.0115998227,-0.00323867051,0,0,52800.8,96.0015,1.29953,13.3718,198.632,0.385463,15.5119,236.484,2538.4,65,65,0.00528059130866214907,-0.00015845608066104104,20945446.5669429228,-0.0316119710057422357
15.3,-0.04155851314376167,0.1651992130795432,0.0823674633375136,-0.05894222344446345,0.01228527003260917,-0.03853521206608129,-0.03745671962109043,0.1653849361930294,0.08314018597661879,8.607903858,2181678.596,116.16343046,1526.98783561,115.6515954666965,0.2629155979305597,10.88953248481342,-1.040505737594738,0.03786807007631462,0.09684574022933745,-0.06715250207774659,0.2597036270338111,-1.025426184983436,4.933274152943801,-0.0349971921349861,-31.70683365733928,115.651595466697,0.2629155979305824,10.88953248481351,9.053534464906297,1522.581503509236,115.5657768802428,10.74688383380194,-4.795652017251119,115.5657768802429,115.5647731829554,-4.795621981021638,-10.75768494282543, 1337.930962, 2.857725524,-7.063917207, 2.857725524, 1379.179417, 7.371507843,-7.063917207, 7.371507843, 2338.252732,55.13760484,1774,40.97745208568207,-1.499436302142052,36.83934611048478,19801.207676146,23082.047571155,0.4525822681649401,10.69353321859861,357.5361197883129,0.9954031538619211,0.005934824086789505,0.09307648853094355,-0.0217739851094996,0.7696415401155632,0.01959271793031814,-0.6380772539548231,-0.01120013920089061,-0.769647664396333,-0.01994843157335837,0.6380662322111927,0.01077107603004416,5.3790018660039,0.12967908171359,0.0053126356103702,0.0053484060242382,-0.00016013461531489,20945434.48855942,23294.88315821735,1942.12438023645,20945447.44240831,-58.53993430757328,1942.12438023645,0.063882753481955,23082.047571155,-3280.8398950103,6.24318249,9.84848485,9.84848485,0.463578095,3.11145937,1941.15723,178.286622,3.11145937,-3.13172312,0,1,-0.523,0,-0.00789905072,-0.174,0.348,0,-0.173284943,-0.433212357,-0.433238002,0,0,0.00153398437,-1,0.387505861,0,357.562456,-357.562456,360,2.4375436,0.0425351359,0.0452901585,0.0373911078,0,0,0,-100,-99.9999993,-2.79999998,-13.5576849,0,0,0,-0,-0.208423095,-0.101835524,-0.0747806436,-0.000153487546,-5.35671536e-05,0.00244619803,4.01753652e-05,-0.00245964852,0.00490584655,0.00245292327,-0.0117690994,-0.00328593256,0,0,52800.3,96.0006,1.29953,13.3718,198.639,0.390115,15.5362,236.493,2538.29,65,65,0.00531221764616510161,-0.000159771525929769799,20945447.6424510218,-0.0374567196210904216
15.4,-0.04748041834537579,0.1662434874730308,0.07883629894908108,-0.05952726291171119,0.008355709636747206,-0.03132215947266243,-0.04337882235097171,0.1664285730521619,0.07961022212458527,8.592354708,2179682.631,116.060576096,1527.00582152,115.5473816477331,0.2668897876413556,10.8990223431526,-1.043833345193546,0.04190142551503179,0.09325838261320385,-0.06267277215892619,0.2576619099519721,-1.029610947509055,4.939265767180636,-0.03550993245368413,-31.71054575816515,115.5473816477336,0.2668897876413782,10.89902234315269,9.047054815608981,1522.607375335488,115.4630257611423,10.75150110549149,-4.769929758663374,115.4630257611423,115.4620156579406,-4.769899464026127,-10.76235676563257, 1337.930962, 2.857725524,-7.063917207, 2.857725524, 1379.179417, 7.371507843,-7.063917207, 7.371507843, 2338.252732,55.13760484,1774,40.97745208568207,-1.499436302142052,36.83934611048478,19802.283674516,23083.123569528,0.4497104276376048,10.71007116946161,357.5444670926031,0.9953914180270016,0.005906123683114037,0.09322112341137315,-0.02169941868245064,0.7697353419076014,0.01951969171075654,-0.6379669013510121,-0.01116771393316324,-0.7697414872457178,-0.01987766986937219,0.6379558478644578,0.01073579195287829,5.3884889860832,0.13175595381724,0.005344234038535,0.0053802172053634,-0.00016144292357174,20945435.39358517,23447.142603863,1953.675823856702,20945448.51732384,-59.01821168860988,1953.675823856702,0.064300560895179,23083.123569528,-3280.8398950134,6.24332817,9.84848485,9.84848485,0.463557272,3.11139284,1952.70674,178.28281,3.11139284,-3.13193533,0,1,-0.523,0,-0.00784892764,-0.174,0.348,0,-0.173181691,-0.432954228,-0.432980144,0,0,0.00306796875,-1,0.383049729,0,357.570804,-357.570804,360,2.42919568,0.0423894647,0.0451521872,0.0373032595,0,0,0,-100,-99.9999994,-2.79999998,-13.5623567,0,0,0,-0,-0.209091897,-0.102162301,-0.075108029,-0.000142499567,-4.97323488e-05,0.00244619803,3.72992616e-05,-0.00245964852,0.00490584655,0.00245292327,-0.011959678,-0.00333914208,0,0,52798.8,95.9979,1.29953,13.3718,198.645,0.395602,15.5597,236.496,2538.14,65,65,0.00534381593075054784,-0.000161079910067827447,20945448.7184026539,-0.0433788223509717075
15.5,-0.05344615936811393,0.166932294945992,0.07603492672137503,-0.05969609271829884,0.005220842360974299,-0.02396785932472833,-0.04934476355883872,0.1671167578255059,0.07681005852709429,8.576765375,2177679.813,115.957352269,1527.0235616,115.4428238309555,0.2711807497713465,10.90818189544212,-1.047371345405759,0.0440564710111386,0.09016796017234086,-0.05943926206058592,0.255227961657097,-1.03386518429711,4.945024622653451,-0.03604971890966479,-31.71303190122149,115.442823830956,0.2711807497713691,10.90818189544221,9.04095941196713,1522.633023142906,115.3598524410155,10.75650293318076,-4.744431974823584,115.3598524410155,115.3588358957544,-4.744401421790751,-10.76741293224397, 1337.930962, 2.857725524,-7.063917207, 2.857725524, 1379.179417, 7.371507843,-7.063917207, 7.371507843, 2338.252732,55.13760484,1774,40.97745208568207,-1.499436302142052,36.83934611048478,19803.360160306,23084.20005532,0.4461858751839948,10.72669981933528,357.552488532296,0.9953795533379645,0.005872015166535522,0.09336664694614284,-0.02162714665952985,0.7698296812063735,0.01944446404562004,-0.6378558291410821,-0.01114073527262847,-0.7698358504307892,-0.019804705509078,0.6378447456795245,0.01070595349444298,5.39784644315,0.13399345799052,0.0053758042984173,0.0054120000285238,-0.00016274422523905,20945436.29798319,23599.40462581713,1965.216971312678,20945449.59272135,-59.49392774177977,1965.216971312678,0.064718368308403,23084.20005532,-3280.83989501,6.24346817,9.84848485,9.84848485,0.46353644,3.11132824,1964.2459,178.279108,3.11132824,-3.13213993,0,1,-0.523,0,-0.0077874126,-0.174,0.348,0,-0.17307761,-0.432694025,-0.43272008,0,0,0.00306796875,-1,0.378049947,0,357.578826,-357.578826,360,2.42117365,0.0422494803,0.0450139853,0.0372265727,0,0,0,-100,-99.9999995,-2.79999998,-13.5674129,0,0,0,-0,-0.209754367,-0.102485984,-0.0754321829,-0.000118123228,-4.12250067e-05,0.00244619803,3.09187551e-05,-0.00245964852,0.00490584655,0.00245292327,-0.012164276,-0.00339626585,0,0,52796.5,95.9936,1.29953,13.3716,198.65,0.401662,15.5826,236.494,2537.96,65,65,0.00537538604776886548,-0.000162381289500322277,20945449.7948428169,-0.0493447635588387251
15.6,-0.0593958594269805,0.1673358578981637,0.07396589636526907,-0.05909417344138916,0.002678431325018851,-0.01672843648676303,-0.05529466578495854,0.1675197076108469,0.07474224258203152,8.561133811,2175669.863,115.85374416,1527.04101708,115.3379030603606,0.2756020697154407,10.91705990404875,-1.051079673415626,0.04437255434632781,0.0875635811483626,-0.05729084164633491,0.2524299100467696,-1.038162717344963,4.950586251643777,-0.03659397229071742,-31.71444910025545,115.3379030603611,0.2756020697154631,10.91705990404884,9.035131716912797,1522.658409092445,115.2562513229234,10.76177273017426,-4.719196383045631,115.2562513229235,115.2552283099247,-4.719165571926298,-10.77273685478598, 1337.930962, 2.857725524,-7.063917207, 2.857725524, 1379.179417, 7.371507843,-7.063917207, 7.371507843, 2338.252732,55.13760484,1774,40.97745208568207,-1.499436302142052,36.83934611048478,19804.437166017,23085.277061026,0.4420202421021938,10.74338643189746,357.5602582270195,0.9953675995985549,0.005832534417720131,0.09351277538241787,-0.02155653153813723,0.7699243855046081,0.01936660950518647,-0.6377442661048209,-0.01111872708761988,-0.7699305812332293,-0.01972911318501077,0.6377331547020556,0.01068108461529364,5.4070988723104,0.13629987039183,0.0054073462736936,0.0054437543766126,-0.00016403858694472,20945437.20178596,23751.66919976247,1976.747780082665,20945450.66863335,-59.96710682377307,1976.747780082665,0.065136175721627,23085.277061026,-3280.8398950131,6.24360378,9.84848485,9.84848485,0.463515598,3.11126552,1975.77466,178.275514,3.11126552,-3.13233827,0,1,-0.523,0,-0.00771470859,-0.174,0.348,0,-0.172973678,-0.432434195,-0.43246008,0,0,0.00306796875,-1,0.372533802,0,357.586597,-357.586597,360,2.41340339,0.0421138891,0.0448758098,0.0371611012,0,0,0,-100,-99.9999995,-2.79999999,-13.5727368,0,0,0,-0,-0.210412066,-0.102807336,-0.0757538841,-8.05148089e-05,-2.80996683e-05,0.00244619803,2.10747512e-05,-0.00245964852,0.00490584655,0.00245292327,-0.0123755689,-0.00345525883,0,0,52793.3,95.9878,1.29953,13.3714,198.654,0.408028,15.6048,236.485,2537.76,65,65,0.00540692788061273959,-0.000163675731326739138,20945450.8718040772,-0.0552946657849585424
15.7,-0.06524435184601461,0.1675052685648766,0.07260658387722983,-0.05756030309093482,0.0005538688219535973,-0.009848232138771557,-0.06114336176528361,0.1676885095045848,0.07338414838918826,8.545458519,2173652.572,115.749740608,1527.05815244,115.2326042821124,0.2799739470641329,10.92570253185559,-1.054920159542088,0.04294719194284319,0.08540303559703943,-0.05607525322563589,0.2492987204460116,-1.042481290814261,4.955984143652119,-0.03712140050984055,-31.71494584781721,115.2326042821129,0.2799739470641553,10.92570253185568,9.0294709542225,1522.683498296097,115.1522192177801,10.76720967262254,-4.694257763441173,115.1522192177802,115.1511897205855,-4.694226694804723,-10.77822770844376, 1337.930962, 2.857725524,-7.063917207, 2.857725524, 1379.179417, 7.371507843,-7.063917207, 7.371507843, 2338.252732,55.13760484,1774,40.97745208568207,-1.499436302142052,36.83934611048478,19805.514713235,23086.354608247,0.4372323613530825,10.76010442094751,357.5678494618404,0.9953555909489915,0.005787781372779894,0.09365927700699321,-0.02148694915273582,0.770019315089666,0.01928575738224574,-0.6376324002211524,-0.01110117738111781,-0.7700255397018877,-0.01965052229220814,0.6376212631517539,0.01066067339439698,5.4162695359253,0.13858641149309,0.0054388598468503,0.0054754801313252,-0.00016532608523886,20945438.10501509,23903.93629774301,1988.268207208901,20945451.74508146,-60.43777691850119,1988.268207208901,0.065553983134851,23086.354608247,-3280.8398950129,6.24373627,9.84848485,9.84848485,0.463494747,3.11120462,1987.29299,178.272025,3.11120462,-3.13253165,0,1,-0.523,0,-0.0076311443,-0.174,0.348,0,-0.172871352,-0.43217838,-0.432203701,0,0,0.00306796875,-1,0.366541564,0,357.594188,-357.594188,360,2.40581159,0.0419814123,0.0447378419,0.0371066976,0,0,0,-100,-99.9999996,-2.79999999,-13.5782277,0,0,0,-0,-0.211066358,-0.103127023,-0.0760738145,-2.99715728e-05,-1.04600789e-05,0.00244619803,7.84505917e-06,-0.00245964852,0.00490584655,0.00245292327,-0.0125864261,-0.00351413018,0,0,52789.4,95.9807,1.29953,13.3712,198.657,0.41444,15.6266,236.472,2537.53,65,65,0.0054384413114680237,-0.000164963312515204049,20945451.9493080638,-0.0611433617652836076
15.8,-0.07089465128817322,0.1674759084915691,0.07191082308956612,-0.05502558140498393,-0.001287196668740662,-0.003550229178755685,-0.06679386564552582,0.1676585402772384,0.07268960816801617,8.529738488,2171627.789,115.645333672,1527.07493559,115.1269161144233,0.2841287503204297,10.9341509526215,-1.058857368908638,0.0399301465421231,0.08362788310634528,-0.05565695710055252,0.2458682397421083,-1.046801249418045,4.961248589553826,-0.03761260977318545,-31.714654314236,115.1269161144238,0.284128750320452,10.93415095262159,9.023890784668739,1522.708259108326,115.047755022719,10.7727273761397,-4.669647666657541,115.047755022719,115.0467190329264,-4.669616341299133,-10.78379910805462, 1337.930962, 2.857725524,-7.063917207, 2.857725524, 1379.179417, 7.371507843,-7.063917207, 7.371507843, 2338.252732,55.13760484,1774,40.97745208568207,-1.499436302142052,36.83934611048478,19806.592814233,23087.432709244,0.4318496263490096,10.77683160282133,357.5753321802842,0.9953435567567892,0.005737933537301258,0.09380595657148885,-0.02141781158694331,0.770114352659884,0.01920161744951763,-0.6375203903106847,-0.01108754493484993,-0.7701206082722968,-0.01956864269158226,0.637509230049083,0.01064417867861108,5.4253791488385,0.140770008549,0.0054703448997953,0.0055071771737741,-0.00016660680575052,20945439.00768283,24056.20588847367,1999.778209521179,20945452.82207796,-60.90596932881817,1999.778209521179,0.065971790548075,23087.432709244,-3280.8398950061,6.24386687,9.84848485,9.84848485,0.463473886,3.11114551,1998.80084,178.268638,3.11114551,-3.13272136,0,1,-0.523,0,-0.00753719785,-0.174,0.348,0,-0.172772311,-0.431930777,-0.431955103,0,0,0.00306796875,-1,0.36012341,0,357.601672,-357.601672,360,2.39832832,0.0418508292,0.0446001931,0.0370629952,0,0,0,-100,-99.9999996,-2.79999999,-13.5837991,0,0,0,-0,-0.211718423,-0.103445622,-0.0763925653,3.30373857e-05,8.64753572e-06,0.00244619803,-1.15300476e-05,-0.00245964852,0.00490584655,0.00245292327,-0.0127901355,-0.00357100582,0,0,52784.9,95.9725,1.29953,13.3709,198.659,0.420647,15.6478,236.454,2537.28,65,65,0.00546992622195210856,-0.000166244119032392683,20945453.0273670331,-0.0667938656455258212
15.9,-0.07624642727175605,0.1672716822873639,0.07181139928843976,-0.0514971835159464,-0.002935757988984427,0.001971636924578316,-0.07214584648608528,0.1674537002994424,0.07259140577428658,8.513973129,2169595.42,115.540518239,1527.09133819,115.0208305447722,0.2879159303070491,10.94244031958793,-1.062859226668874,0.03551625810796022,0.08217555060506854,-0.05592040785971619,0.242174827046993,-1.051104714869842,4.966406107755306,-0.03805063692851239,-31.71368708959427,115.0208305447727,0.2879159303070713,10.94244031958802,9.018317435057771,1522.732663398364,114.942859506377,10.7782520253001,-4.645394140033192,114.9428595063771,114.9418170226173,-4.645362558943168,-10.78937723758945, 1337.930962, 2.857725524,-7.063917207, 2.857725524, 1379.179417, 7.371507843,-7.063917207, 7.371507843, 2338.252732,55.13760484,1774,40.97745208568207,-1.499436302142052,36.83934611048478,19807.67147328,23088.511368287,0.4259083451554715,10.79354883223402,357.5827706870695,0.995331522307812,0.005683250700083639,0.09395264326032254,-0.02134858745426127,0.7702093953048826,0.01911399763389607,-0.6374083750319639,-0.01107727031583273,-0.7702156837528253,-0.01948328238884089,0.6373971941998128,0.01063104109346316,5.4344453713628,0.14277575507933,0.0055018013143965,0.0055388453850319,-0.00016788084226612,20945439.90979347,24208.47793767844,2011.277743834054,20945453.89962716,-61.37171833961474,2011.277743834054,0.066389597961299,23088.511368287,-3280.8398950124,6.2439967,9.84848485,9.84848485,0.463453015,3.11108813,2010.29816,178.26535,3.11108813,-3.13290857,0,1,-0.523,0,-0.00743350293,-0.174,0.348,0,-0.172678306,-0.431695765,-0.431718657,0,0,0.00306796875,-1,0.353337296,0,357.609111,-357.609111,360,2.39088927,0.0417210177,0.0444629121,0.0370294092,0,0,0,-100,-99.9999996,-2.79999999,-13.5893772,0,0,0,-0,-0.212369281,-0.103763631,-0.0767106473,0.000107861538,2.82327576e-05,0.00244619803,-3.76436768e-05,-0.00245964852,0.00490584655,0.00245292327,-0.0129806035,-0.00362418449,0,0,52779.7,95.9631,1.29953,13.3706,198.661,0.42642,15.6688,236.433,2537.01,65,65,0.00550138249367536532,-0.000167518244903061282,20945454.1059852429,-0.0721458464860852966
16,-0.08120297936710437,0.1669092291583243,0.07222324386977244,-0.04704465735786993,-0.004443207520382993,0.006558616070206017,-0.07710260345194266,0.1670906252168673,0.07300447128788014,8.498162227,2167555.415,115.435291683,1527.10733582,114.9143425762004,0.2912061490483957,10.95059976808667,-1.066897411490127,0.02993687540019563,0.08098788228440768,-0.0567698906287788,0.2382567327643466,-1.05537519727209,4.971479328850674,-0.03842137887800153,-31.71213734596747,114.9143425762009,0.2912061490484179,10.95059976808676,9.012687682149373,1522.756686772214,114.8375351540318,10.78372035797243,-4.621521503787295,114.8375351540318,114.8364861811055,-4.621489668125232,-10.79489883447678, 1337.930962, 2.857725524,-7.063917207, 2.857725524, 1379.179417, 7.371507843,-7.063917207, 7.371507843, 2338.252732,55.13760484,1774,40.97745208568207,-1.499436302142052,36.83934611048478,19808.750687797,23089.5905828,0.4194533675136629,10.81023906233524,357.5902216407741,0.995319509258861,0.005624073193692826,0.09409918250640695,-0.02127881907057062,0.7703043490381279,0.01902281492988674,-0.6372964789884565,-0.01106978924845338,-0.7703106718647046,-0.01939435845111495,0.6372852802938498,0.01062069641815459,5.4434828129,0.14453899463773,0.005533228972972,0.0055704846466245,-0.00016914829573888,20945440.81134444,24360.75240845353,2022.766767125927,20945454.97772649,-61.8350608557339,2022.766767125927,0.066807405374523,23089.5905828,-3280.8398950089,6.24412674,9.84848485,9.84848485,0.463432134,3.11103243,2021.78492,178.262158,3.11103243,-3.13309431,0,1,-0.523,0,-0.00732084232,-0.174,0.348,0,-0.172591036,-0.43147759,-0.431498636,0,0,0.00460195312,-1,0.346246687,0,357.616562,-357.616562,360,2.38343777,0.041590989,0.0443259938,0.0370051515,0,0,0,-100,-99.9999997,-2.79999999,-13.5948988,0,0,0,-0,-0.213019817,-0.104081482,-0.0770285031,0.000193674191,5.06942196e-05,0.00244619803,-6.75922927e-05,-0.00245964852,0.00490584655,0.00245292327,-0.0131525275,-0.00367218568,0,0,52774,95.9528,1.29953,13.3702,198.662,0.431557,15.6894,236.407,2536.72,65,65,0.0055328100087479468,-0.000168785791207416388,20945455.1851600558,-0.0771026034519426556
16.1,-0.08567691467754508,0.166401552740617,0.07304716585350926,-0.04178767898852717,-0.005829192552055458,0.01009154771351203,-0.08157674329094683,0.1665823158916041,0.07382961248955712,8.482305891,2165507.769,115.329653566,1527.1229081,114.8074498449442,0.2938945023046022,10.95865310200286,-1.07094752867534,0.02345028644378735,0.08001621130038217,-0.05812711484086464,0.2341533052719122,-1.059597540073115,4.976487201060912,-0.03871390638826437,-31.71008122815109,114.8074498449447,0.2938945023046243,10.95865310200296,9.006946975312415,1522.780308723324,114.7317860339353,10.78907778831705,-4.598050198600387,114.7317860339353,114.7307305821042,-4.598018109673669,-10.80030931259173, 1337.930962, 2.857725524,-7.063917207, 2.857725524, 1379.179417, 7.371507843,-7.063917207, 7.371507843, 2338.252732,55.13760484,1774,40.97745208568207,-1.499436302142052,36.83934611048478,19809.830449343,23090.670344351,0.4125371371774342,10.82688679871528,357.5977324000411,0.9953075358740107,0.005560814964022773,0.09424543136499183,-0.0212081360842391,0.7703991256926861,0.01892810013769566,-0.6371848161667308,-0.01106454715257727,-0.7704054841462246,-0.01930190174680589,0.6371736023386483,0.01061259012532449,5.4525033751681,0.14600696619097,0.0055646277587408,0.0056020948409845,-0.00017040927324679,20945441.71232731,24513.02926164915,2034.24523670398,20945456.05636754,-62.29603602100906,2034.24523670398,0.067225212787747,23090.670344351,-3280.8398950086,6.24425783,9.84848485,9.84848485,0.463411243,3.11097837,2033.26108,178.25906,3.11097837,-3.13327946,0,1,-0.523,0,-0.00720013133,-0.174,0.348,0,-0.172512046,-0.431280116,-0.431298951,0,0,0.00460195312,-1,0.338918214,0,357.624074,-357.624074,360,2.37592645,0.0414599166,0.0441893888,0.0369892575,0,0,0,-100,-99.9999997,-2.79999999,-13.6003093,0,0,0,-0,-0.213670805,-0.104399555,-0.0773465196,0.000289489601,7.57739032e-05,0.00244619803,-0.000101031871,-0.00245964852,0.00490584655,0.00245292327,-0.0133015332,-0.00371378808,0,0,52767.9,95.9416,1.29953,13.3698,198.663,0.435888,15.7097,236.378,2536.41,65,65,0.0055642086502427756,-0.000170046865033049129,20945456.2648829669,-0.0815767432909468432
16.2,-0.08959464111806505,0.1657607700699637,0.07417394240423043,-0.03588461649639969,-0.00709120413645785,0.01249344994515407,-0.08549467361289453,0.1659408874447412,0.07495760536899626,8.466404512,2163452.509,115.223605354,1527.13803874,114.7001522297154,0.2959027550355895,10.96661984149583,-1.074989093688182,0.01633157184166303,0.0792234485878005,-0.05992765503491171,0.2299040893579949,-1.063758082810671,4.981445386460705,-0.03892065510168843,-31.70758138839927,114.7001522297159,0.2959027550356115,10.96661984149592,9.00104786617133,1522.803512698004,114.6256176572456,10.79427683668074,-4.574996718714639,114.6256176572456,114.6245557416538,-4.574964377960915,-10.80556119214138, 1337.930962, 2.857725524,-7.063917207, 2.857725524, 1379.179417, 7.371507843,-7.063917207, 7.371507843, 2338.252732,55.13760484,1774,40.97745208568207,-1.499436302142052,36.83934611048478,19810.910744373,23091.750639383,0.4052183030393611,10.84347787349663,357.6053397691855,0.995295617100496,0.0054939525522527,0.0943912567793421,-0.02113626526879844,0.7704936417484606,0.01882999699750775,-0.6370734912164246,-0.01106101385882623,-0.7705000367888335,-0.01920605608042531,0.6370622649376162,0.01060619209691153,5.4615167765411,0.14713996835202,0.0055959975562372,0.0056336758518686,-0.00017166388692001,20945442.61272856,24665.3084562624,2045.713110355616,20945457.13553677,-62.75468482617362,2045.713110355616,0.067643020200971,23091.750639383,-3280.8398950084,6.2443906,9.84848485,9.84848485,0.463390342,3.11092588,2044.72659,178.256053,3.11092588,-3.13346472,0,1,-0.523,0,-0.00707239358,-0.174,0.348,0,-0.172442649,-0.431106622,-0.431122945,0,0,0.00460195312,-1,0.331419316,0,357.631681,-357.631681,360,2.36831852,0.0413271582,0.0440530144,0.0369806208,0,0,0,-100,-99.9999997,-2.79999999,-13.6055612,0,0,0,-0,-0.21432293,-0.104718184,-0.0776650381,0.000394189281,0.000103179044,0.00244619803,-0.000137572059,-0.00245964852,0.00490584655,0.00245292327,-0.0134242742,-0.00374805735,0,0,52761.3,95.9295,1.29953,13.3694,198.663,0.439282,15.7299,236.346,2536.09,65,65,0.00559557830261677575,-0.000171301578402127252,20945457.3451403417,-0.0854946736128945339
16.3,-0.09289974046464529,0.1649998923292966,0.07548858668860123,-0.029521578891864,-0.008214098856212498,0.01373030617688602,-0.08879997594101868,0.1651793500415827,0.07627346198749278,8.450458725,2161389.697,115.117150154,1527.15271549,114.5924514695181,0.2971805516799861,10.97451636929561,-1.07900536643771,0.00886230731759477,0.07858390300753371,-0.06211711587914692,0.2255478713066536,-1.067844930885301,4.986366739682248,-0.03903749195742914,-31.70469079192373,114.5924514695186,0.2971805516800081,10.9745163692957,8.994948814555972,1522.826286067563,114.5190368154256,10.79927593568673,-4.552373638682861,114.5190368154257,114.5179684556188,-4.552341047655477,-10.81061290574309, 1337.930962, 2.857725524,-7.063917207, 2.857725524, 1379.179417, 7.371507843,-7.063917207, 7.371507843, 2338.252732,55.13760484,1774,40.97745208568207,-1.499436302142052,36.83934611048478,19811.99155492,23092.831449928,0.3975600102716967,10.85999944604456,357.6130691706159,0.9952837645539472,0.005424010997749686,0.09453653590222935,-0.02106303633444626,0.7705878185490797,0.01872875633142404,-0.6369625992124923,-0.01105869768621155,-0.7705942508628322,-0.01910707233422045,0.636951363053782,0.01060101070157078,5.4705311277289,0.14791202053337,0.0056273382516831,0.0056652275647331,-0.00017291225286285,20945443.51253023,24817.58994983185,2057.170346484836,20945458.21521625,-63.21104971478417,2057.170346484836,0.068060827614195,23092.831449928,-3280.8398950146,6.24452551,9.84848485,9.84848485,0.463369433,3.11087494,2056.18141,178.253134,3.11087494,-3.13365057,0,1,-0.523,0,-0.00693873115,-0.174,0.348,0,-0.17238386,-0.43095965,-0.430973238,0,0,0.00460195312,-1,0.323815956,0,357.639411,-357.639411,360,2.36058855,0.0411922702,0.0439167653,0.0369780341,0,0,0,-100,-99.9999998,-2.79999999,-13.6106129,0,0,0,-0,-0.214976803,-0.105037666,-0.0779843624,0.000506555094,0.000132590796,0.00244619803,-0.000176787728,-0.00245964852,0.00490584655,0.00245292327,-0.0135184913,-0.00377436278,0,0,52754.2,95.9168,1.29953,13.3689,198.663,0.441643,15.7498,236.311,2535.75,65,65,0.00562691885208660685,-0.0001725500471982961,20945458.4259141013,-0.088799975941018669
16.4,-0.09555526426383489,0.1641337029452424,0.07687461646156907,-0.02290186631598094,-0.009178353137217009,0.01381014371609202,-0.0914557016241813,0.1643124869909033,0.0776606990800451,8.434469366,2159319.419,115.010292463,1527.16693001,114.4843508028596,0.2977056050655431,10.98235698665998,-1.082983078607012,0.001320523204092483,0.0780816010674954,-0.0646476436542045,0.2211217195644631,-1.071848239223918,4.991261788956526,-0.03906366033947669,-31.70145617369984,114.4843508028601,0.2977056050655649,10.98235698666007,8.988613364943483,1522.84862000434,114.4120513892533,10.80403860670036,-4.530189736614361,114.4120513892533,114.4109766087637,-4.530156896969808,-10.81542797487495, 1337.930962, 2.857725524,-7.063917207, 2.857725524, 1379.179417, 7.371507843,-7.063917207, 7.371507843, 2338.252732,55.13760484,1774,40.97745208568207,-1.499436302142052,36.83934611048478,19813.072859075,23093.912754085,0.3896279840459305,10.87644013577099,357.6209342532262,0.9952719864816985,0.005351547610175314,0.0946811576279948,-0.02098838376751934,0.7706815833593292,0.01862472587000981,-0.6368522245459816,-0.0110571582180451,-0.7706880533831431,-0.01900529829388563,0.6368409809046988,0.01059660556986156,5.4795534648585,0.14831101974332,0.0056586497333133,0.00569674986706,-0.00017415449009618,20945444.41171044,24969.87369882471,2068.616904230967,20945459.29538409,-63.66517419657976,2068.616904230967,0.068478635027419,23093.912754085,-3280.8398950241,6.24466278,9.84848485,9.84848485,0.463348514,3.11082548,2067.6255,178.2503,3.11082548,-3.13383729,0,1,-0.523,0,-0.00680029118,-0.174,0.348,0,-0.17233636,-0.430840899,-0.430851619,0,0,0.00460195312,-1,0.316170478,0,357.647277,-357.647277,360,2.35272289,0.0410550144,0.0437805249,0.0369802338,0,0,0,-100,-99.9999998,-2.79999999,-13.615428,0,0,0,-0,-0.215632969,-0.105358269,-0.0783047646,0.0006253069,0.000163674081,0.00244619803,-0.000218232108,-0.00245964852,0.00490584655,0.00245292327,-0.0135830325,-0.00379238268,0,0,52746.8,95.9034,1.29953,13.3684,198.663,0.442919,15.7697,236.274,2535.4,65,65,0.00565823018695232622,-0.000173792390118431109,20945459.5071822442,-0.0914557016241813042
16.5,-0.09754499519315434,0.1631788932198269,0.07821815930926126,-0.01623589927507721,-0.009966399672832665,0.01278056463906451,-0.09344563319927683,0.1633569903465902,0.07900544331842682,8.418437438,2157241.782,114.903037914,1527.18067762,114.3758546372033,0.2974829069596252,10.99015476365497,-1.08691209317106,-0.006028707774595049,0.07770781389928416,-0.06747515670877391,0.2166600653053227,-1.075760440676681,4.996139167982228,-0.03900161187089211,-31.69792077579539,114.3758546372038,0.297482906959647,10.99015476365506,8.982009638052006,1522.870509263409,114.3046701317362,10.80853295132575,-4.50845021207549,114.3046701317362,114.3035889577036,-4.508417125561999,-10.81997450135464, 1337.930962, 2.857725524,-7.063917207, 2.857725524, 1379.179417, 7.371507843,-7.063917207, 7.371507843, 2338.252732,55.13760484,1774,40.97745208568207,-1.499436302142052,36.83934611048478,19814.154631559,23094.994526569,0.381488510977103,10.89279020402148,357.6289369286411,0.9952602877617535,0.005277134511224931,0.09482502459004577,-0.02091234485272679,0.7707748707769287,0.01851833650957509,-0.6367424395109219,-0.01105601724885169,-0.7707813787286018,-0.01890116490479972,0.6367311905558291,0.01059259854020063,5.4885901820424,0.14833841121009,0.0056899318916439,0.0057282426486285,-0.0001753907195467,20945445.31024395,25122.15965900677,2080.052743566923,20945460.37601502,-64.11710247800875,2080.052743566923,0.068896442440643,23094.994526569,-3280.8398950139,6.24480245,9.84848485,9.84848485,0.463327587,3.11077747,2079.05883,178.247549,3.11077747,-3.13402498,0,1,-0.523,0,-0.00665823058,-0.174,0.348,0,-0.172300468,-0.43075117,-0.430758978,0,0,0.00460195312,-1,0.308539672,0,357.65528,-357.65528,360,2.34471963,0.0409153575,0.0436441758,0.0369859452,0,0,0,-100,-99.9999998,-2.79999999,-13.6199745,0,0,0,-0,-0.216291919,-0.105680231,-0.0786264882,0.000749142642,0.000196088087,0.00244619803,-0.000261450782,-0.00245964852,0.00490584655,0.00245292327,-0.0136178325,-0.00380209882,0,0,52739.1,95.8893,1.29953,13.3679,198.662,0.443096,15.7894,236.234,2535.03,65,65,0.00568951219786196973,-0.000175028727675146246,20945460.5889193602,-0.0934456331992768452
16.6,-0.09887372901829966,0.1621536596022969,0.07941174889987593,-0.009731799700213527,-0.01056684329567526,0.01072493932863804,-0.09477456634902717,0.1623310581195966,0.08020022758151489,8.402364074,2155156.913,114.795393039,1527.19395697,114.2669682539434,0.2965430382405296,10.99792213261644,-1.090785028905173,-0.01294173314899077,0.07745836878627088,-0.0705574511695346,0.2121938626285482,-1.079576375463346,5.0010059725993,-0.03885673672517659,-31.69412620981666,114.2669682539439,0.2965430382405513,10.99792213261653,8.975110056192324,1522.891951876012,114.1969024328572,10.81273137654241,-4.487156992523254,114.1969024328573,114.1958148956653,-4.48712366096989,-10.82422489245543, 1337.930962, 2.857725524,-7.063917207, 2.857725524, 1379.179417, 7.371507843,-7.063917207, 7.371507843, 2338.252732,55.13760484,1774,40.97745208568207,-1.499436302142052,36.83934611048478,19815.236844104,23096.076739112,0.3732064156878289,10.90904172057986,357.6370678115209,0.9952486699783856,0.005201340795816197,0.09496805504035359,-0.0208350541643826,0.7708676241150579,0.01841008580347597,-0.6366333030288361,-0.01105496750373947,-0.7708741700308919,-0.01879516976233745,0.6366220506535273,0.01058868237726042,5.4976473371429,0.14800840854437,0.0057211846196791,0.0057597058017223,-0.0001766210631079,20945446.20810251,25274.44778578602,2091.47782537478,20945461.45708081,-64.56687911894551,2091.47782537478,0.069314249853867,23096.076739112,-3280.8398950201,6.24494436,9.84848485,9.84848485,0.463306653,3.11073084,2090.48135,178.244877,3.11073084,-3.13421352,0,1,-0.523,0,-0.00651368074,-0.174,0.348,0,-0.172276138,-0.430690344,-0.430695289,0,0,0.0061359375,-1,0.30097312,0,357.663412,-357.663412,360,2.33658814,0.0407734631,0.0435076092,0.0369939284,0,0,0,-100,-99.9999998,-2.79999999,-13.6242249,0,0,0,-0,-0.216954087,-0.106003767,-0.0789497507,0.000876778925,0.000229496884,0.00244619803,-0.000305995845,-0.00245964852,0.00490584655,0.00245292327,-0.0136238566,-0.00380378077,0,0,52731.1,95.8747,1.29953,13.3673,198.661,0.442199,15.8089,236.192,2534.66,65,65,0.00572076477801157415,-0.000176259181273955733,20945461.67109707,-0.0947745663490271728
16.7,-0.09956665175259029,0.1610769713194725,0.08035768929144459,-0.003586836520146569,-0.01097667851917506,0.007757507181603285,-0.09546768706014709,0.1612536618225493,0.08114735527825352,8.386250502,2153064.948,114.687365035,1527.20676966,114.1576975512782,0.2949396860888784,11.00567122349821,-1.094596875250785,-0.01920357212673104,0.07733116401575657,-0.07385317334571084,0.2077498628291928,-1.083293301357373,5.00586803608954,-0.03863700749920174,-31.69011345332235,114.1576975512787,0.2949396860889,11.0056712234983,8.967891214065013,1522.91294876443,114.0887580772543,10.81661046517534,-4.466309118465122,114.0887580772543,114.0876642101675,-4.466275543770962,-10.8281557313547, 1337.930962, 2.857725524,-7.063917207, 2.857725524, 1379.179417, 7.371507843,-7.063917207, 7.371507843, 2338.252732,55.13760484,1774,40.97745208568207,-1.499436302142052,36.83934611048478,19816.319465883,23097.159360897,0.3648431208785778,10.92518867130767,357.6453070265397,0.9952371315971434,0.005124715099877831,0.09511018421118506,-0.02075673492507112,0.7709597964890395,0.0183005195257527,-0.6365248598096417,-0.01105377885532639,-0.7709663802663037,-0.01868785867475574,0.6365136055959439,0.01058462698807339,5.5067308291652,0.14734681405883,0.0057524078130518,0.0057911392212717,-0.00017784564279612,20945447.10525532,25426.73803452164,2102.892111497359,20945462.53855065,-65.01454872416798,2102.892111497359,0.069732057267091,23097.159360897,-3280.8398950099,6.24508816,9.84848485,9.84848485,0.463285711,3.11068557,2101.89303,178.242283,3.11068557,-3.13440259,0,1,-0.523,0,-0.00636771371,-0.174,0.348,0,-0.172262964,-0.430657409,-0.430659626,0,0,0.0061359375,-1,0.29351186,0,357.671652,-357.671652,360,2.32834832,0.0406296782,0.0433707346,0.0370030209,0,0,0,-100,-99.9999998,-2.8,-13.6281557,0,0,0,-0,-0.217619858,-0.106329063,-0.0792747434,0.00100699029,0.000263579708,0.00244619803,-0.00035143961,-0.00245964852,0.00490584655,0.00245292327,-0.0136030122,-0.00379796102,0,0,52722.8,95.8596,1.29953,13.3668,198.66,0.440289,15.8285,236.148,2534.27,65,65,0.00575198782327769696,-0.000177483872387702667,20945462.7536844388,-0.0954676870601470912
16.8,-0.09966790814061889,0.1599676947871922,0.08097088980000712,0.002020052740934928,-0.01120183345756565,0.00401764881392541,-0.09556914010368027,0.1601436707741971,0.08176173522476751,8.37009801,2150966.033,114.578961545,1527.21911975,114.0480488251809,0.2927464988553563,11.01341397383429,-1.098344615377489,-0.0246337593921028,0.07732414679174227,-0.07732153888491666,0.2033500308911854,-1.08691078352411,5.010730130710004,-0.03835255404412557,-31.68592310009497,114.0480488251814,0.2927464988553778,11.01341397383438,8.960333813593326,1522.933503291183,113.980247006958,10.82015091030093,-4.445903194362479,113.980247006958,113.979146845754,-4.445869378485654,-10.8317477115178, 1337.930962, 2.857725524,-7.063917207, 2.857725524, 1379.179417, 7.371507843,-7.063917207, 7.371507843, 2338.252732,55.13760484,1774,40.97745208568207,-1.499436302142052,36.83934611048478,19817.40246395,23098.242358953,0.3564548686354728,10.94122698348909,357.6536253334706,0.9952256682450009,0.005047769282864549,0.09525136493573669,-0.02067768771979606,0.7710513514533124,0.01819021215291616,-0.6364171401109096,-0.01105230188256641,-0.7710579728962925,-0.01857980614457682,0.6364058853033551,0.01058028298028819,5.5158464627227,0.14638950182867,0.0057836013700993,0.0058225428049297,-0.00017906458002115,20945448.00166946,25579.03036079104,2114.295564765738,20945463.62039161,-65.46015567673021,2114.295564765738,0.070149864680315,23098.242358953,-3280.8398950128,6.24523334,9.84848485,9.84848485,0.463264763,3.1106416,2113.29383,178.239764,3.1106416,-3.13459174,0,1,-0.523,0,-0.00622131109,-0.174,0.348,0,-0.172260207,-0.430650518,-0.430650223,0,0,0.00460195312,-1,0.286187404,0,357.679971,-357.679971,360,2.3200294,0.0404845131,0.0432334866,0.0370121755,0,0,0,-100,-99.9999999,-2.8,-13.6317477,0,0,0,-0,-0.218289561,-0.10665628,-0.0796016321,0.00113864559,0.000298040482,0.00244619803,-0.00039738731,-0.00245964852,0.00490584655,0.00245292327,-0.0135580315,-0.0037854024,0,0,52714.3,95.8441,1.29953,13.3662,198.659,0.437458,15.848,236.102,2533.87,65,65,0.00578318123228271051,-0.000178702921846918907,20945463.8366483897,-0.0955691401036802696
16.9,-0.0992384775736555,0.1588437236067259,0.08118109978145774,0.006934482848672555,-0.01125646188864127,-0.0003363987823950657,-0.09513990494515813,0.1590189819726806,0.08197311642812087,8.35390792,2148860.32,114.470190454,1527.23101325,113.9380285871857,0.290053425805235,11.02116206522035,-1.102026868672078,-0.02909065222831628,0.07743387500637766,-0.08092261780594612,0.199011125149205,-1.090430477035836,5.015596110937084,-0.03801518814547482,-31.68159504496692,113.9380285871862,0.2900534258052563,11.02116206522044,8.952422596820869,1522.953620757882,113.8713791006729,10.82333744763213,-4.425933889873385,113.871379100673,113.8702726832705,-4.425899834820012,-10.83498556906245, 1337.930962, 2.857725524,-7.063917207, 2.857725524, 1379.179417, 7.371507843,-7.063917207, 7.371507843, 2338.252732,55.13760484,1774,40.97745208568207,-1.499436302142052,36.83934611048478,19818.485803619,23099.325698631,0.3480911684174742,10.95715446242918,357.6619855132336,0.9952142730873466,0.004970963837251594,0.09539156745481193,-0.02059827711891139,0.771142263131297,0.0180797470880446,-0.6363101601411273,-0.01105046872974763,-0.7711489219993434,-0.01847159559267312,0.6362989056330801,0.01057558252089642,5.5249999247489,0.14518063479861,0.0058147651918753,0.0058539164530837,-0.00018027799498735,20945448.89731029,25731.32472060919,2125.688149003774,20945464.70256903,-65.90374391900332,2125.688149003774,0.070567672093539,23099.325698631,-3280.8398950092,6.24537926,9.84848485,9.84848485,0.463243809,3.1105989,2124.68371,178.237317,3.1105989,-3.13478036,0,1,-0.523,0,-0.00607533699,-0.174,0.348,0,-0.172266831,-0.430667078,-0.430664558,0,0,0.0061359375,-1,0.279021135,0,357.688331,-357.688331,360,2.31166861,0.0403386172,0.0430958317,0.0370204948,0,0,0,-100,-99.9999999,-2.8,-13.6349856,0,0,0,-0,-0.218963475,-0.106985554,-0.0799305569,0.00127074013,0.000332616228,0.00244619803,-0.000443488305,-0.00245964852,0.00490584655,0.00245292327,-0.0134923328,-0.00376705931,0,0,52705.5,95.8281,1.29953,13.3656,198.657,0.433823,15.8674,236.054,2533.47,65,65,0.00581434490639635634,-0.000179916449261070935,20945464.9199541584,-0.0951399049451581436
17,-0.09835348960314133,0.157721219561844,0.08093449974541576,0.01103145171117955,-0.01116141939855999,-0.005134116273636108,-0.09425511125120885,0.157895760958668,0.08172767919528964,8.337681559,2146747.96,114.361059712,1527.24245757,113.8276434168168,0.2869626988067298,11.02892674501981,-1.105643558668715,-0.03247413833896576,0.07765467530392556,-0.08461798520873742,0.1947444532276412,-1.093855824036993,5.020469016795027,-0.03763789761008059,-31.67716780326261,113.8276434168173,0.2869626988067511,11.02892674501991,8.944146230278189,1522.973307870783,113.7621639792925,10.8261587393056,-4.406394474332479,113.7621639792925,113.7610513453796,-4.40636018214559,-10.83785796652699, 1337.930962, 2.857725524,-7.063917207, 2.857725524, 1379.179417, 7.371507843,-7.063917207, 7.371507843, 2338.252732,55.13760484,1774,40.97745208568207,-1.499436302142052,36.83934611048478,19819.569448885,23100.409343893,0.3397935235377123,10.97297064568293,357.6703439518863,0.9952029372833074,0.004894695526808372,0.09553077845169694,-0.02051891680352037,0.7712325158548783,0.01796969740181432,-0.6362039230640726,-0.011048291330597,-0.7712392119108413,-0.01836380009966754,0.6361926693956231,0.0105705375603675,5.5341967022425,0.1437706927057,0.0058458991821051,0.005885260068811,-0.00018148600623701,20945449.79214181,25883.62107059601,2137.069829011797,20945465.78504693,-66.34535678577959,2137.069829011797,0.070985479506763,23100.409343893,-3280.8398950153,6.24552514,9.84848485,9.84848485,0.46322285,3.11055741,2136.06265,178.23494,3.11055741,-3.13496773,0,1,-0.523,0,-0.00593051576,-0.174,0.348,0,-0.172281547,-0.430703868,-0.430699467,0,0,0.00460195312,-1,0.272024076,0,357.69669,-357.69669,360,2.30330955,0.0401927517,0.0429577724,0.0370272567,0,0,0,-100,-99.9999999,-2.8,-13.637858,0,0,0,-0,-0.219641827,-0.107316996,-0.0802616326,0.00140242247,0.000367084081,0.00244619803,-0.000489445442,-0.00245964852,0.00490584655,0.00245292327,-0.0134098654,-0.00374403442,0,0,52696.5,95.8118,1.29953,13.365,198.656,0.429524,15.8869,236.005,2533.06,65,65,0.00584547874967991567,-0.000181124572581913994,20945466.0035656393,-0.094255111251208834
17.1,-0.09709912193664838,0.1566140279588369,0.08019463150675744,0.0142187059347776,-0.0109423176878402,-0.01019930988789936,-0.09300093687740775,0.1567878570160573,0.08098896527387248,8.321420237,2144629.104,114.25157718,1527.25346096,113.7168998460421,0.2835846163846707,11.03671858962318,-1.109195608647485,-0.03472674478405602,0.0779783345523164,-0.08837154799275737,0.1905558093098964,-1.097191691922127,5.025351154942537,-0.03723432920246999,-31.67267765452803,113.7168998460426,0.2835846163846919,11.03671858962327,8.935497113927106,1522.992572190997,113.6526108448863,10.82860718220044,-4.387277366473599,113.6526108448864,113.6514920355582,-4.387242839222341,-10.84035730117318, 1337.930962, 2.857725524,-7.063917207, 2.857725524, 1379.179417, 7.371507843,-7.063917207, 7.371507843, 2338.252732,55.13760484,1774,40.97745208568207,-1.499436302142052,36.83934611048478,19820.653362781,23101.493257788,0.3315944734578856,10.98867658976526,357.6786523563317,0.9951916504946929,0.004819287634426133,0.09566899943487851,-0.02044005380313487,0.7713221033806353,0.01786060779090423,-0.6360984205022258,-0.01104585715939394,-0.7713288364381086,-0.01825696436504059,0.6360871678695151,0.01056523558406438,5.5434419688815,0.14221438984571,0.0058770032470922,0.0059165735577842,-0.00018268873034239,20945450.68612711,26035.91936808935,2148.440570532465,20945466.86778836,-66.78503689166246,2148.440570532465,0.071403286919987,23101.493257788,-3280.8398950116,6.24567015,9.84848485,9.84848485,0.463201886,3.11051711,2147.43061,178.23263,3.11051711,-3.13515304,0,1,-0.523,0,-0.00578741534,-0.173480262,0.348,0,-0.171783129,-0.429457822,-0.430214433,0,0,0.0061359375,-1,0.265197031,0,357.704999,-357.704999,360,2.29500054,0.0400477594,0.0428193504,0.037031935,0,0,0,-100,-99.9999999,-2.8,-13.6403573,0,0,0,-0,-0.220324792,-0.107650693,-0.0805949497,0.00153301508,0.000401266697,0.00244619803,-0.000535022262,-0.00245964852,0.00490584655,0.00245292327,-0.0133149449,-0.00371753263,0,0,52687.3,95.7951,1.29953,13.3644,198.654,0.424715,15.9063,235.955,2532.64,65,65,0.00587658266878159519,-0.000182327407814302813,20945467.0874457955,-0.0930009368774077499
17.2,-0.09556922860775682,0.155533294431174,0.0789426747758136,0.01643862606933349,-0.01062747633393162,-0.01535651766330805,-0.09147123602929501,0.1557064198371785,0.07973815442681928,8.305125228,2142503.897,114.1417505,1527.26403197,113.6058042729996,0.2800332878124427,11.04454725724303,-1.112684664842109,-0.03583320614682908,0.07839421849158157,-0.09215038821719901,0.1864455899425395,-1.100443979585587,5.030244172051748,-0.03681827904838938,-31.66815777010837,113.6058042730001,0.2800332878124639,11.04454725724312,8.926471105368533,1523.0114215874,113.5427283576967,10.83067863149554,-4.368574681334291,113.5427283576968,113.5416034151115,-4.368539921103637,-10.84247942853086, 1337.930962, 2.857725524,-7.063917207, 2.857725524, 1379.179417, 7.371507843,-7.063917207, 7.371507843, 2338.252732,55.13760484,1774,40.97745208568207,-1.499436302142052,36.83934611048478,19821.737507768,23102.577402779,0.3235169744036468,11.00427460867369,357.6868595348782,0.9951804014212545,0.004744983073611562,0.09580624463113295,-0.02036215244863794,0.7714110277784427,0.01775297835988278,-0.6359936344049932,-0.01104332275579063,-0.7714177977463238,-0.01815158848998116,0.6359823826802193,0.01055983313758916,5.552740464382,0.14056856093669,0.0059080772955861,0.0059478568281387,-0.00018388628174806,20945451.57922867,26188.21957120309,2159.800340202416,20945467.9507558,-67.22282607345187,2159.800340202416,0.071821094333211,23102.577402779,-3280.8398950144,6.24581339,9.84848485,9.84848485,0.463180919,3.11047794,2158.78756,178.230386,3.11047794,-3.13533545,0,1,-0.523,0,-0.00564643639,-0.169253146,0.348,0,-0.16758231,-0.418955776,-0.419998686,0,0,0.0061359375,-1,0.258531066,0,357.713207,-357.713207,360,2.28679275,0.0399045335,0.0426806476,0.0370342112,0,0,0,-100,-99.9999999,-2.8,-13.6424794,0,0,0,-0,-0.221012501,-0.107986708,-0.0809305753,0.00166202833,0.000435035914,0.00244619803,-0.000580047886,-0.00245964852,0.00490584655,0.00245292327,-0.0132120846,-0.00368881402,0,0,52678,95.7781,1.29953,13.3638,198.652,0.41956,15.9258,235.903,2532.21,65,65,0.00590765657279335166,-0.000183525068875756798,20945468.171557039,-0.0914712360292950083
17.3,-0.09386184492775985,0.1544872822943826,0.07717710003555742,0.01766867320014832,-0.01024600397579814,-0.02043700398963618,-0.0897640442049488,0.1546597167429959,0.07797371729092983,8.288797759,2140372.482,114.031587009,1527.27417888,113.4943629022881,0.2764224867520664,11.05242126681762,-1.116112846059388,-0.03581860094193659,0.0788896938933128,-0.09592550316718729,0.1824090783264446,-1.103619216866035,5.035149130757715,-0.03640320769012383,-31.66363744489217,113.4943629022886,0.2764224867520874,11.05242126681771,8.917067164015515,1523.029863709679,113.4325245530577,10.8323720441899,-4.35027875691456,113.4325245530578,113.4313935201203,-4.350243765795816,-10.84422330590954, 1337.930962, 2.857725524,-7.063917207, 2.857725524, 1379.179417, 7.371507843,-7.063917207, 7.371507843, 2338.252732,55.13760484,1774,40.97745208568207,-1.499436302142052,36.83934611048478,19822.821846053,23103.661741066,0.3155741262488264,11.01976798478042,357.6949131775406,0.9951691783353545,0.004671940490635139,0.09594253856591793,-0.02028567861608233,0.7714992980985315,0.01764725072334722,-0.6358895391376111,-0.01104090534047806,-0.7715061050215576,-0.01804811408066963,0.6358782878986099,0.01055454744313857,5.5620963849558,0.13889008984161,0.0059391212386216,0.0059791097903101,-0.00018507877276049,20945452.47140873,26340.52163883127,2171.149105493588,20945469.03391148,-67.65876538633165,2171.149105493588,0.072238901746435,23103.661741066,-3280.8398950107,6.24595395,9.84848485,9.84848485,0.463159949,3.11043988,2170.13346,178.228205,3.11043988,-3.13551407,0,1,-0.523,0,-0.00550780754,-0.165096684,0.348,0,-0.163455416,-0.40863854,-0.409662792,0,0,0.0061359375,-1,0.252008293,0,357.721261,-357.721261,360,2.27873852,0.0397639871,0.0425417865,0.037033979,0,0,0,-100,-99.9999999,-2.8,-13.6442233,0,0,0,-0,-0.221705042,-0.108325084,-0.0812685555,0.00178916763,0.000468314627,0.00244619803,-0.000624419503,-0.00245964852,0.00490584655,0.00245292327,-0.0131058292,-0.00365914751,0,0,52668.5,95.7609,1.29953,13.3632,198.65,0.414223,15.9454,235.85,2531.78,65,65,0.00593870037308017081,-0.000184717667600977958,20945469.2558615319,-0.0897640442049487952
17.4,-0.09207570931151401,0.1534813702373189,0.0749127472432318,0.01792048918366473,-0.009826155676091112,-0.02528416230912177,-0.08797810001187609,0.1536531302489195,0.07571049405797453,8.272438997,2138234.99,113.921093669,1527.28390924,113.3825817092265,0.272861750987766,11.06034782742573,-1.119482518336059,-0.03474520829592992,0.07945073314280293,-0.09967236385324441,0.1784368807135928,-1.106724178686419,5.040066593917171,-0.03600179502797397,-31.6591415120319,113.382581709227,0.272861750987787,11.06034782742582,8.907286929824966,1523.047905497569,113.3220067978035,10.83368905720075,-4.332382644536879,113.3220067978034,113.320869717885,-4.332347424619232,-10.84559057049145, 1337.930962, 2.857725524,-7.063917207, 2.857725524, 1379.179417, 7.371507843,-7.063917207, 7.371507843, 2338.252732,55.13760484,1774,40.97745208568207,-1.499436302142052,36.83934611048478,19823.906339873,23104.746234874,0.3077692398371116,11.03516067148204,357.702761574873,0.9951579695916786,0.004600233361687655,0.09607791350123089,-0.02021108479116901,0.7715869289201134,0.01754379680606635,-0.6357861036531877,-0.01103887289325162,-0.7715937730142118,-0.01794691304966231,0.6357748522211792,0.01054964647836396,5.5715132972599,0.13723394998246,0.0059701349893406,0.0060103323568558,-0.00018626631367714,20945453.36262956,26492.82553060133,2182.486834648229,20945470.11721765,-68.09289515106138,2182.486834648229,0.072656709159659,23104.746234874,-3280.8398950069,6.24609093,9.84848485,9.84848485,0.463138976,3.11040289,2181.46829,178.226086,3.11040289,-3.13568804,0,1,-0.523,0,-0.00537158657,-0.161012442,0.348,0,-0.159402287,-0.398505717,-0.399511845,0,0,0.0061359375,-1,0.245602926,0,357.72911,-357.72911,360,2.27088954,0.0396270225,0.0424029277,0.0370313411,0,0,0,-100,-99.9999999,-2.8,-13.6455906,0,0,0,-0,-0.222402464,-0.108665844,-0.0816089177,0.00191433375,0.000501076859,0.00244619803,-0.000668102479,-0.00245964852,0.00490584655,0.00245292327,-0.013000597,-0.00362976668,0,0,52658.8,95.7433,1.29953,13.3625,198.648,0.40887,15.965,235.796,2531.34,65,65,0.00596971398309300953,-0.000185905313883247833,20945470.3403214887,-0.0879781000118760731
17.5,-0.09030693087174892,0.152518198910575,0.07217939644470459,0.01723778506660174,-0.009394039298422707,-0.02975817883761389,-0.08620951275291644,0.1526893045408061,0.0729782650679857,8.256050047,2136091.549,113.810277034,1527.29322942,113.2704664255954,0.2694528479671812,11.06833273130136,-1.122796093670303,-0.03270827140608121,0.08006259555051187,-0.1033712517654095,0.174515493329357,-1.109765530944347,5.044996718829456,-0.03562554803866474,-31.65468998145281,113.2704664255959,0.269452847967202,11.06833273130145,8.897134257066032,1523.065552740466,113.2111817838046,10.8346335205379,-4.31488054875329,113.2111817838046,113.2100387005043,-4.314845102116551,-10.84658507250444, 1337.930962, 2.857725524,-7.063917207, 2.857725524, 1379.179417, 7.371507843,-7.063917207, 7.371507843, 2338.252732,55.13760484,1774,40.97745208568207,-1.499436302142052,36.83934611048478,19824.990951743,23105.830846748,0.3000962263705256,11.05045700429851,357.7103552198839,0.9951467640915875,0.004529851975630326,0.09621240688051029,-0.02013879642332895,0.7716739388729111,0.01744291059535641,-0.6356832936276855,-0.01103753310240419,-0.7716808205544285,-0.01784827936953257,0.6356720411115523,0.01054543792660794,5.5809940826583,0.13565141735628,0.0060011184628081,0.006041524442269,-0.00018744901304301,20945454.2528537,26645.1312067806,2193.813496611433,20945471.20063687,-68.52525504775986,2193.813496611433,0.073074516572883,23105.830846748,-3280.8398950162,6.24622347,9.84848485,9.84848485,0.463118002,3.11036693,2192.79201,178.224025,3.11036693,-3.13585654,0,1,-0.523,0,-0.00523766722,-0.156997071,0.348,0,-0.15541789,-0.388544725,-0.389534452,0,0,0.0061359375,-1,0.239282537,0,357.736705,-357.736705,360,2.26329534,0.0394945036,0.0422642672,0.0370266,0,0,0,-100,-99.9999999,-2.8,-13.6465851,0,0,0,-0,-0.223104786,-0.109008999,-0.0819516732,0.00203761659,0.000533346141,0.00244619803,-0.000711128188,-0.00245964852,0.00490584655,0.00245292327,-0.0129005348,-0.00360182931,0,0,52649,95.7255,1.29953,13.3619,198.646,0.403652,15.9846,235.741,2530.9,65,65,0.00600069731817612449,-0.000187088115940336835,20945471.424899444,-0.0862095127529164396
17.6,-0.08864591666366997,0.1515979304094902,0.06901990953830341,0.01569318501842168,-0.008972686384495492,-0.03373984519363536,-0.08454868966329765,0.1517684048617667,0.06981989255252147,8.239631949,2133942.275,113.699143249,1527.3021442,113.1580225444333,0.2662867059726501,11.07638031410259,-1.12605585256811,-0.0298308798285763,0.08071050190606144,-0.107007365090972,0.1706279743154882,-1.112749520581009,5.04993935984479,-0.03528447152955248,-31.65029791159792,113.1580225444338,0.266286705972671,11.07638031410268,8.886614725974789,1523.082809699225,113.1000555547955,10.8352110084217,-4.297768205016165,113.1000555547955,113.0989065117477,-4.297732533724831,-10.84721238634205, 1337.930962, 2.857725524,-7.063917207, 2.857725524, 1379.179417, 7.371507843,-7.063917207, 7.371507843, 2338.252732,55.13760484,1774,40.97745208568207,-1.499436302142052,36.83934611048478,19826.075644646,23106.915539648,0.2925402795643932,11.06566143363847,357.7176482448832,0.9951355516863444,0.004460708091639765,0.09634605890220495,-0.02006919996534661,0.7717603492064532,0.01734480297669546,-0.6355810734607094,-0.01103722161439146,-0.7717672691145732,-0.01775242390971059,0.6355698188060049,0.01054225742741544,5.5905409139358,0.13418850753378,0.00603207157583,0.0060726859627954,-0.00018862697801937,20945455.14204418,26797.43862814174,2205.129060964717,20945472.28413212,-68.95588425071401,2205.129060964717,0.073492323986107,23106.915539648,-3280.8398950026,6.24635075,9.84848485,9.84848485,0.463097027,3.11033196,2204.1046,178.222021,3.11033196,-3.13601879,0,1,-0.523,0,-0.00510579107,-0.153042673,0.348,0,-0.151492738,-0.378731844,-0.379707956,0,0,0.0061359375,-1,0.233009476,0,357.743998,-357.743998,360,2.25600177,0.039367231,0.0421260321,0.0370202411,0,0,0,-100,-99.9999999,-2.8,-13.6472124,0,0,0,-0,-0.223812002,-0.109354544,-0.0822968207,0.00215928301,0.000565192327,0.00244619803,-0.000753589769,-0.00245964852,0.00490584655,0.00245292327,-0.0128093899,-0.00357638166,0,0,52639.1,95.7075,1.29953,13.3612,198.644,0.398712,16.0044,235.685,2530.45,65,65,0.00603165029537867763,-0.000188266180689528338,20945472.5095583834,-0.0845486896632976354
17.7,-0.08717465460105916,0.1507185850418749,0.06548803202312627,0.01338421657296684,-0.008581463256579458,-0.03713344376498456,-0.08307761882027175,0.150888454202278,0.06628912236371717,8.223185686,2131787.279,113.587698066,1527.31065653,113.0452553414457,0.2634408886972386,11.08449347894911,-1.129263790935112,-0.02625819918846894,0.08138024324974324,-0.1105707091723787,0.1667546925845203,-1.115681717896511,5.05489417554784,-0.03498680938055612,-31.64597550024809,113.0452553414462,0.2634408886972593,11.0844934789492,8.875735154788376,1523.099678799248,112.9886335616357,10.83542833085361,-4.281043186036223,112.9886335616357,112.9874786023646,-4.281007292134928,-10.84747932213897, 1337.930962, 2.857725524,-7.063917207, 2.857725524, 1379.179417, 7.371507843,-7.063917207, 7.371507843, 2338.252732,55.13760484,1774,40.97745208568207,-1.499436302142052,36.83934611048478,19827.160382204,23108.000277212,0.2850788122206462,11.08077828878647,357.724599653596,0.9951243235082603,0.004392641975012261,0.09647891031342533,-0.02000263291271351,0.771846182464032,0.01724959966493913,-0.635479408069709,-0.01103829001575133,-0.7718531414759507,-0.01765947236883447,0.6354681501105172,0.01054045655926266,5.6001552630401,0.1328846773234,0.0060629942467828,0.0061038168362622,-0.00018980031484604,20945456.03016464,26949.747755794,2216.433497863767,20945473.36766706,-69.38482159736304,2216.433497863767,0.073910131399331,23108.000277212,-3280.8398950119,6.24647208,9.84848485,9.84848485,0.463076052,3.11029796,2215.40603,178.220073,3.11029796,-3.13617412,0,1,-0.523,0,-0.0049755639,-0.149137295,0.348,0,-0.147613428,-0.36903357,-0.369999773,0,0,0.0061359375,-1,0.226742385,0,357.75095,-357.75095,360,2.24904985,0.03924592,0.0419884756,0.0370129117,0,0,0,-100,-99.9999999,-2.8,-13.6474793,0,0,0,-0,-0.224524085,-0.109702468,-0.0826443492,0.00227975941,0.000596727026,0.00244619803,-0.000795636035,-0.00245964852,0.00490584655,0.00245292327,-0.012730403,-0.00355432851,0,0,52629.1,95.6893,1.29953,13.3606,198.642,0.394173,16.0243,235.628,2529.99,65,65,0.00606257283327917181,-0.00018943961421296742,20945473.5942619778,-0.0830776188202717591
17.8,-0.08596442826410861,0.1498764233731237,0.06164594956603257,0.01042865221487525,-0.008235774507333888,-0.03986866545590455,-0.08186758394571232,0.1500457152878872,0.06244814052391997,8.206712183,2129626.667,113.475946885,1527.31876723,112.9321699105053,0.2609776677373024,11.09267377598092,-1.132421492434087,-0.02215128460223725,0.08205868754651036,-0.11405580121464,0.1628741241715164,-1.118566815367474,5.059860735543017,-0.03473886085545445,-31.64172836491478,112.9321699105058,0.260977667737323,11.09267377598101,8.864503132327904,1523.116160401091,112.8769207405362,10.83529306582065,-4.264705130618316,112.8769207405362,112.8757599083577,-4.26466901612859,-10.84739345798295, 1337.930962, 2.857725524,-7.063917207, 2.857725524, 1379.179417, 7.371507843,-7.063917207, 7.371507843, 2338.252732,55.13760484,1774,40.97745208568207,-1.499436302142052,36.83934611048478,19828.245128751,23109.085023759,0.2776826018806533,11.0958115792284,357.7311743181846,0.9951130722233603,0.004325431445502256,0.09661100048621094,-0.01993937606970038,0.7719314613010169,0.01715734213312909,-0.6353782644288601,-0.01104109396631768,-0.7719384605397128,-0.01756946620456708,0.6353670019406031,0.01054039097351608,5.6098379360335,0.13177182037899,0.0060938863954618,0.0061349169819247,-0.00019096912937716,20945456.91717946,27102.05855098749,2227.726777982889,20945474.45120604,-69.81210578415994,2227.726777982889,0.074327938812555,23109.085023759,-3280.8398950081,6.24658683,9.84848485,9.84848485,0.463055078,3.11026488,2226.69627,178.218178,3.11026488,-3.13632194,0,1,-0.523,0,-0.00484647568,-0.145265529,0.348,0,-0.143763291,-0.359408226,-0.360368971,0,0,0.0061359375,-1,0.22043775,0,357.757525,-357.757525,360,2.24247471,0.0391311836,0.0418518708,0.0370053952,0,0,0,-100,-99.9999999,-2.8,-13.6473935,0,0,0,-0,-0.225240999,-0.110052752,-0.082994241,0.00239960993,0.000628097899,0.00244619803,-0.000837463865,-0.00245964852,0.00490584655,0.00245292327,-0.0126662237,-0.00353640967,0,0,52619,95.671,1.29953,13.3599,198.639,0.390137,16.0442,235.571,2529.53,65,65,0.00609346485182992153,-0.000190608522293439253,20945474.6789746098,-0.0818675839457123355
17.9,-0.08507401898955559,0.1490663468723092,0.05756169668230868,0.006959413224218559,-0.007947001172671924,-0.04190155418246984,-0.08097736649231589,0.149235091188918,0.05836498189129018,8.190212324,2127460.534,113.363894815,1527.3264749,112.8187712105952,0.2589427238332611,11.10092152651726,-1.135530027815191,-0.01768071336799407,0.08273416757502972,-0.1174612278030196,0.1589636665901284,-1.121408484061112,5.064838621538128,-0.03454487372470462,-31.63755797460288,112.8187712105957,0.2589427238332817,11.10092152651735,8.852926587824564,1523.132252651864,112.7649216085231,10.83481312883703,-4.248755891735902,112.7649216085231,112.7637549464903,-4.248719558654223,-10.84696270946574, 1337.930962, 2.857725524,-7.063917207, 2.857725524, 1379.179417, 7.371507843,-7.063917207, 7.371507843, 2338.252732,55.13760484,1774,40.97745208568207,-1.499436302142052,36.83934611048478,19829.3298494,23110.169744413,0.2703170953673096,11.11076483646184,357.7373437205888,0.995101792203246,0.004258802521890081,0.09674236581362397,-0.01987964817973957,0.7720162074721959,0.01706799134183583,-0.6352776128246695,-0.01104598187539754,-0.7720232483068875,-0.0174823663637955,0.6352663445760195,0.0105424090712704,5.6195891300705,0.13087357431434,0.006124747942953,0.0061659863203376,-0.00019213352766844,20945457.80305379,27254.3709748986,2239.008872468195,20945475.53471419,-70.23777558125221,2239.008872468195,0.074745746225779,23110.169744413,-3280.8398950108,6.24669451,9.84848485,9.84848485,0.463034105,3.11023271,2237.97528,178.216334,3.11023271,-3.1364618,0,1,-0.523,0,-0.00471792334,-0.141409202,0.348,0,-0.139923102,-0.349807754,-0.350768056,0,0,0.0061359375,-1,0.214051446,0,357.763695,-357.763695,360,2.23630485,0.0390235196,0.0417165047,0.0369985814,0,0,0,-100,-100,-2.8,-13.6469627,0,0,0,-0,-0.225962698,-0.110405374,-0.0833464746,0.00251951119,0.000659482055,0.00244619803,-0.000879309407,-0.00245964852,0.00490584655,0.00245292327,-0.0126188515,-0.00352318333,0,0,52608.8,95.6524,1.29953,13.3592,198.637,0.386685,16.0643,235.513,2529.07,65,65,0.00612432627222698686,-0.000191773010998702202,20945475.7636614479,-0.0809773664923158915
18,-0.08454842956502877,0.1482822963291347,0.05330651389757243,0.003119244935208276,-0.00772261569169788,-0.04321450515398657,-0.080451969335332,0.1484505237221138,0.05411088730915472,8.173686954,2125288.977,113.251546741,1527.33377584,112.705064121399,0.2573644844838974,11.10923597993915,-1.138589882705576,-0.01302026391779801,0.08339674806225617,-0.1207890962676998,0.1550004427314084,-1.124209286265337,5.069827517861624,-0.03440701323213518,-31.63346219208082,112.7050641213995,0.2573644844839179,11.10923597993924,8.84101341066423,1523.14795141778,112.652640370427,10.83399639250347,-4.233199603488682,112.652640370427,112.6514679213164,-4.233163053785668,-10.84619494925318, 1337.930962, 2.857725524,-7.063917207, 2.857725524, 1379.179417, 7.371507843,-7.063917207, 7.371507843, 2338.252732,55.13760484,1774,40.97745208568207,-1.499436302142052,36.83934611048478,19830.41451006,23111.25440507,0.2629438193127412,11.12564099704213,357.743086427467,0.9950904796172952,0.004192441214309122,0.09687303844210154,-0.01982360296921173,0.7721004410005705,0.01698143398665466,-0.6351774278174924,-0.01105328447275204,-0.7721075250402013,-0.01739805953081774,0.635166152619652,0.01054684157489341,5.6294085067052,0.13020494530867,0.0061555788115324,0.0061970247732539,-0.00019329361659384,20945458.68775356,27406.68498840461,2250.279752900969,20945476.61815744,-70.66187005792017,2250.279752900969,0.075163553639003,23111.25440507,-3280.8398950201,6.24679473,9.84848485,9.84848485,0.463013134,3.1102014,2249.24305,178.21454,3.1102014,-3.13659334,0,1,-0.523,0,-0.00458923539,-0.137548111,0.348,0,-0.136071849,-0.340179623,-0.341144868,0,0,0.00766992187,-1,0.207540207,0,357.769438,-357.769438,360,2.23056172,0.038923302,0.0415826714,0.0369934361,0,0,0,-100,-100,-2.8,-13.6461949,0,0,0,-0,-0.226689137,-0.110760312,-0.0837010278,0.00264022478,0.000691078835,0.00244619803,-0.000921438447,-0.00245964852,0.00490584655,0.00245292327,-0.0125896007,-0.00351501653,0,0,52598.5,95.6337,1.29953,13.3586,198.635,0.383871,16.0844,235.454,2528.61,65,65,0.00615515701680959502,-0.000192933187292583519,20945476.8482884914,-0.0804519693353319965
18.1,-0.08441814325995337,0.1475176327426477,0.04895224568551741,-0.0009446359876725565,-0.007566422275442741,-0.04381537379485166,-0.08032187580213444,0.147685374344451,0.04975770153380124,8.157136896,2123112.087,113.138907409,1527.34066406,112.5910535046173,0.2562540834954561,11.11761549172908,-1.141600914986606,-0.008340852430334389,0.08403838030302069,-0.124044419431165,0.1509620678475175,-1.126970641088567,5.074827287457576,-0.03432540343102754,-31.62943588710201,112.5910535046178,0.2562540834954766,11.11761549172917,8.828771128653786,1523.163250295481,112.5400810319264,10.83285036468881,-4.218042669360679,112.5400810319264,112.5389028382593,-4.218005904981259,-10.84509768527825, 1337.930962, 2.857725524,-7.063917207, 2.857725524, 1379.179417, 7.371507843,-7.063917207, 7.371507843, 2338.252732,55.13760484,1774,40.97745208568207,-1.499436302142052,36.83934611048478,19831.499077406,23112.338972416,0.2555218431184161,11.14044232579685,357.7483882976597,0.9950791324491611,0.004126006001850121,0.09700304534041151,-0.01977132856900329,0.7721841795306494,0.01689749091165222,-0.6350776889115185,-0.01106330557622334,-0.7721913086109612,-0.01731636654130809,0.635066405663307,0.01055399229611322,5.6392952759556,0.12977224508291,0.0061863789245969,0.0062280322635546,-0.00019444950446969,20945459.5712455,27559.00055185552,2261.539391272064,20945477.70150249,-71.0844288107437,2261.539391272064,0.075581361052227,23112.338972416,-3280.8398950129,6.24688727,9.84848485,9.84848485,0.462992166,3.11017092,2260.49955,178.212794,3.11017092,-3.13671635,0,1,-0.523,0,-0.00445969747,-0.133660795,0.348,0,-0.132187514,-0.330468785,-0.33144453,0,0,0.0061359375,-1,0.200862989,0,357.774741,-357.774741,360,2.22525946,0.0388307775,0.0414506661,0.0369909686,0,0,0,-100,-100,-2.8,-13.6450977,0,0,0,-0,-0.227420272,-0.111117545,-0.0840578793,0.0027625683,0.000723102253,0.00244619803,-0.000964136337,-0.00245964852,0.00490584655,0.00245292327,-0.0125790923,-0.00351208256,0,0,52588.2,95.6148,1.29953,13.3579,198.633,0.381725,16.1047,235.395,2528.14,65,65,0.00618595700899133953,-0.000194089159651214332,20945477.9328224882,-0.0803218758021344431
18.2,-0.08469891245774509,0.1467654901125673,0.04456886458241436,-0.005085735634921995,-0.007478880804550969,-0.04373577828356285,-0.08060283830428963,0.1469327769686606,0.04537539734161821,8.140562964,2120929.953,113.025981507,1527.3471314,112.4767442680096,0.2556059078556805,11.12605771220412,-1.144562342227565,-0.003804916842715084,0.08465295862807665,-0.1272344692378269,0.1468273559707245,-1.129692838442425,5.079838030570249,-0.03429823518912063,-31.62547158487105,112.4767442680101,0.2556059078557009,11.12605771220421,8.81620664965719,1523.178140697211,112.4272475135668,10.83138193018045,-4.203293676678523,112.4272475135668,112.4260636176597,-4.203256699542934,-10.84367780240336, 1337.930962, 2.857725524,-7.063917207, 2.857725524, 1379.179417, 7.371507843,-7.063917207, 7.371507843, 2338.252732,55.13760484,1774,40.97745208568207,-1.499436302142052,36.83934611048478,19832.583518844,23113.423413854,0.2480092420708101,11.15517037684048,357.7532424301947,0.9950677504437424,0.004059140536149849,0.09713240769372064,-0.01972284919981222,0.772267437862479,0.01681592728338416,-0.6349783809457185,-0.0110763143001683,-0.7722746140274273,-0.01723705255668285,0.6349670886731094,0.01056413034480629,5.6492482860709,0.12957332488236,0.0062171482066245,0.0062590087152093,-0.00019560130166535,20945460.45349704,27711.31762485081,2272.787759967703,20945478.78471677,-71.50549218682136,2272.787759967703,0.075999168465451,23113.423413854,-3280.8398950156,6.24697199,9.84848485,9.84848485,0.4629712,3.11014125,2271.74475,178.211094,3.11014125,-3.13683074,0,1,-0.523,0,-0.00432857785,-0.129725296,0.348,0,-0.128247837,-0.320619591,-0.32161138,0,0,0.0061359375,-1,0.193982178,0,357.779595,-357.779595,360,2.22040497,0.0387460667,0.0413207781,0.0369922002,0,0,0,-100,-100,-2.8,-13.6436778,0,0,0,-0,-0.228156069,-0.111477056,-0.0844170111,0.00288738633,0.000755773371,0.00244619803,-0.00100769783,-0.00245964852,0.00490584655,0.00245292327,-0.0125872674,-0.00351436507,0,0,52577.7,95.5959,1.29953,13.3572,198.63,0.380252,16.1251,235.335,2527.66,65,65,0.00621672617322395395,-0.000195241038663799535,20945479.0172309279,-0.0806028383042896313
18.3,-0.08539205331653453,0.1460190932736397,0.04022219755858898,-0.009163150855506006,-0.007457482995709437,-0.04302870059796533,-0.08129617299925972,0.1461859558389819,0.04102980189571487,8.12396597,2118742.667,112.912773752,1527.35316764,112.3621414291684,0.2553986795142009,11.13455977702968,-1.147472758686778,0.00043858864921828,0.08523629554181866,-0.1303681291018322,0.1425769455738487,-1.132375095902223,5.084860124639544,-0.03432193326295443,-31.62156011954024,112.3621414291689,0.2553986795142213,11.13455977702978,8.80332606816895,1523.192612002765,112.3141437611872,10.82959715736552,-4.188963244378634,112.3141437611872,112.3129542052254,-4.188926056384044,-10.8419413691131, 1337.930962, 2.857725524,-7.063917207, 2.857725524, 1379.179417, 7.371507843,-7.063917207, 7.371507843, 2338.252732,55.13760484,1774,40.97745208568207,-1.499436302142052,36.83934611048478,19833.667802408,23114.507697418,0.2403645113488467,11.16982598913722,357.7576488691437,0.9950563349924544,0.003991486130631309,0.09726114060291015,-0.01967812893733844,0.772350227657899,0.01673646408412324,-0.6348794942253322,-0.01109253888607071,-0.7723574531363224,-0.0171598385575114,0.6348681921143418,0.0105774839598592,5.6592661146905,0.1295980819618,0.0062478865831668,0.0062899540532687,-0.0001967491211814,20945461.33447628,27863.63616602798,2284.024831766533,20945479.86776832,-71.92510149515147,2284.024831766533,0.076416975878675,23114.507697418,-3280.839895015,6.2470489,9.84848485,9.84848485,0.462950239,3.11011235,2282.97862,178.209438,3.11011235,-3.13693655,0,1,-0.523,0,-0.00419515213,-0.125719899,0.348,0,-0.124231056,-0.31057764,-0.311590821,0,0,0.0061359375,-1,0.18686462,0,357.784002,-357.784002,360,2.2159982,0.0386691687,0.0411932857,0.0369981336,0,0,0,-100,-100,-2.8,-13.6419414,0,0,0,-0,-0.228896502,-0.111838831,-0.0847784094,0.00301552196,0.000789312872,0.00244619803,-0.00105241716,-0.00245964852,0.00490584655,0.00245292327,-0.0126134252,-0.00352166833,0,0,52567.2,95.5767,1.29953,13.3565,198.628,0.379432,16.1456,235.274,2527.19,65,65,0.00624746443499319976,-0.000196388937599516558,20945480.1014819406,-0.0812961729992597165
18.4,-0.08648520712065944,0.1452720365978709,0.03597191942549151,-0.01304596608120496,-0.007497159010983796,-0.0417655080964781,-0.08238952114385274,0.1454385042896394,0.0367805901504981,8.107346742,2116550.322,112.799288968,1527.35876077,112.2472501761318,0.2555970047040441,11.14311849228944,-1.150330180348109,0.004258455970472058,0.08578603273885221,-0.13345526919219,0.1381938281994272,-1.135015652328637,5.089894245118833,-0.03439137331724946,-31.61769126800348,112.2472501761323,0.2555970047040644,11.14311849228953,8.790134535692408,1523.206651769272,112.200773848766,10.8275011688024,-4.175063813017695,112.2007738487661,112.1995786748935,-4.175026416040271,-10.83989350809668, 1337.930962, 2.857725524,-7.063917207, 2.857725524, 1379.179417, 7.371507843,-7.063917207, 7.371507843, 2338.252732,55.13760484,1774,40.97745208568207,-1.499436302142052,36.83934611048478,19834.751896732,23115.591791739,0.232547886180084,11.18440931279133,357.7616140888845,0.9950448889658149,0.003922693627981207,0.09738925306353846,-0.01963707731400365,0.772432557307297,0.0166587904641438,-0.6347810244183706,-0.01111216227136241,-0.7724398344858688,-0.01708441369582888,0.6347697118404706,0.01059423607813778,5.6693471579053,0.12982920630009,0.0062785939808702,0.0063208682038851,-0.00019789307917756,20945462.21415189,28015.95613286945,2295.25057984738,20945480.95062582,-72.34329919962693,2295.25057984738,0.076834783291899,23115.591791739,-3280.8398950143,6.2471181,9.84848485,9.84848485,0.462929282,3.11008419,2294.20114,178.207824,3.11008419,-3.13703391,0,1,-0.523,0,-0.00405872628,-0.121623824,0.348,0,-0.120116584,-0.30029146,-0.301331025,0,0,0.0061359375,-1,0.179482434,0,357.787967,-357.787967,360,2.21203269,0.0385999705,0.0410684509,0.0370097246,0,0,0,-100,-100,-2.8,-13.6398935,0,0,0,-0,-0.229641556,-0.112202864,-0.0851420665,0.0031477901,0.000823934059,0.00244619803,-0.00109857874,-0.00245964852,0.00490584655,0.00245292327,-0.0126562787,-0.00353363301,0,0,52556.6,95.5575,1.29953,13.3558,198.626,0.379226,16.1662,235.213,2526.71,65,65,0.00627817172084508841,-0.000197532972923091855,20945481.1855442375,-0.0823895211438527425
18.5,-0.08795351563291734,0.1445185212060137,0.03186986526827171,-0.01661706004409514,-0.0075907004760436,-0.04003252975491829,-0.08385802444927097,0.1446846220246983,0.03267959728394329,8.090706129,2114353.013,112.685532161,1527.36389723,112.1320759221554,0.2561533116892285,11.15173050851019,-1.153132115265737,0.007544642815154864,0.08630150334749587,-0.1365061628518447,0.1336637680086969,-1.137611891787172,5.094941368074503,-0.03450013864212118,-31.61385434517205,112.1320759221559,0.2561533116892488,11.15173050851028,8.776636191669743,1523.220245988475,112.0871420703335,10.82509807241903,-4.161609387354479,112.0871420703336,112.0859413207532,-4.161571783251703,-10.83753832745619, 1337.930962, 2.857725524,-7.063917207, 2.857725524, 1379.179417, 7.371507843,-7.063917207, 7.371507843, 2338.252732,55.13760484,1774,40.97745208568207,-1.499436302142052,36.83934611048478,19835.835770868,23116.675665874,0.2245225291703565,11.19891986189532,357.7651502893513,0.9950334165031395,0.003852434283203611,0.09751674819494943,-0.01959955646606234,0.7725144319429185,0.0165825764907632,-0.6346829722449234,-0.0111353194470514,-0.7725217633364929,-0.0170104480440633,0.6346716487744372,0.01061452169216695,5.6794897145113,0.13024312905376,0.0063092703275237,0.0063517510943616,-0.00019903329543691,20945463.09249296,28168.27748153276,2306.464977806756,20945482.03325832,-72.76012908872144,2306.464977806756,0.077252590705123,23116.675665874,-3280.839895017,6.24717982,9.84848485,9.84848485,0.46290833,3.11005674,2305.41229,178.206251,3.11005674,-3.13712308,0,1,-0.523,0,-0.00391865738,-0.117417843,0.348,0,-0.115885606,-0.289714015,-0.290784457,0,0,0.0061359375,-1,0.171813611,0,357.791504,-357.791504,360,2.20849623,0.0385382592,0.0409465146,0.0370278572,0,0,0,-100,-100,-2.8,-13.6375383,0,0,0,-0,-0.230391229,-0.112569155,-0.0855079807,0.00328495322,0.000859836505,0.00244619803,-0.00114644867,-0.00245964852,0.00490584655,0.00245292327,-0.0127140278,-0.00354975655,0,0,52546,95.5382,1.29953,13.3551,198.623,0.379574,16.1869,235.152,2526.23,65,65,0.00630884795843967335,-0.000198673264746064332,20945482.2693869509,-0.0838580244492709709
18.6,-0.0897611470575304,0.1437535494818214,0.0279587001255788,-0.01977623027440005,-0.007729191077538951,-0.03792732813854671,-0.08566585104755715,0.1439193097098332,0.02876948837907234,8.074045013,2112150.841,112.571508588,1527.36856217,112.0166243522907,0.2570100893942078,11.16039247947482,-1.155875655518289,0.01021078430328339,0.08678355907263224,-0.1395309580148449,0.1289756045611721,-1.140160491098188,5.100002756201553,-0.03464080560346536,-31.61003874619552,112.0166243522912,0.257010089394228,11.16039247947491,8.762834150121515,1523.233379380173,111.9732530182507,10.82239094848287,-4.148615242846488,111.9732530182507,111.9720467353284,-4.14857743345956,-10.83487890768509, 1337.930962, 2.857725524,-7.063917207, 2.857725524, 1379.179417, 7.371507843,-7.063917207, 7.371507843, 2338.252732,55.13760484,1774,40.97745208568207,-1.499436302142052,36.83934611048478,19836.919394251,23117.759289265,0.2162555525662302,11.21335658955994,357.7682745355313,0.9950219227695682,0.003780409353847934,0.09764362368731695,-0.01956538949978268,0.7725958535831932,0.01650748584532534,-0.6345853429892667,-0.01116209659151015,-0.7726032418036891,-0.01693760529177794,0.6345740084125089,0.01063842698388144,5.6896920634396,0.13081112967297,0.00633991555213,0.0063826026532229,-0.00020016989375435,20945463.969469,28320.60016670847,2317.667999684901,20945483.11563529,-73.17563641751258,2317.667999684901,0.077670398118347,23117.759289265,-3280.8398950065,6.24723435,9.84848485,9.84848485,0.462887383,3.11002998,2316.61203,178.204718,3.11002998,-3.13720437,0,1,-0.523,0,-0.00377437142,-0.113084812,0.348,0,-0.111521585,-0.278803961,-0.279909162,0,0,0.0061359375,-1,0.16384238,0,357.794628,-357.794628,360,2.20537176,0.0384837371,0.0408276936,0.0370533222,0,0,0,-100,-100,-2.8,-13.6348789,0,0,0,-0,-0.231145536,-0.112937709,-0.0858761569,0.00342770017,0.000897200519,0.00244619803,-0.00119626736,-0.00245964852,0.00490584655,0.00245292327,-0.0127844458,-0.00356941727,0,0,52535.3,95.5188,1.29953,13.3545,198.621,0.380397,16.2077,235.09,2525.74,65,65,0.00633949307662882208,-0.000199809937202284431,20945483.3529796004,-0.0856658510475571539
18.7,-0.09186310132261713,0.1429730764007287,0.02427096990824964,-0.02244257239089299,-0.007902438990448639,-0.03555480996978503,-0.08776800077807559,0.1431385203845657,0.02508280934607229,8.057364318,2109943.913,112.457223805,1527.37273985,111.9009014598347,0.2581023344482443,11.16910120287219,-1.158557586078522,0.01219576582950109,0.08723437285951618,-0.1425392128164411,0.1241214354793109,-1.142657584331414,5.105079930612584,-0.03480524656179346,-31.60623442573362,111.9009014598352,0.2581023344482645,11.16910120287229,8.748730536000062,1523.246035709949,111.8591116458291,10.81938188633268,-4.136097607927447,111.8591116458292,111.8578998721973,-4.136059595083618,-10.83191733840707, 1337.930962, 2.857725524,-7.063917207, 2.857725524, 1379.179417, 7.371507843,-7.063917207, 7.371507843, 2338.252732,55.13760484,1774,40.97745208568207,-1.499436302142052,36.83934611048478,19838.00273658,23118.842631586,0.2077188506214916,11.22771798063842,357.7710077787197,0.9950104136907912,0.003706358150324565,0.09776987243248032,-0.01953436972822163,0.7726768213912538,0.01643318804699994,-0.6344881458662504,-0.01119253190875502,-0.7726842691162202,-0.0168655549691193,0.6344768001824526,0.01066599016278618,5.6999525329252,0.13150055575711,0.0063705295849966,0.0064134228103073,-0.00020130300224104,20945464.84504974,28472.92414150867,2328.859619998891,20945484.19772645,-73.58986801897481,2328.859619998891,0.078088205531571,23118.842631586,-3280.8398950222,6.24728205,9.84848485,9.84848485,0.462866443,3.11000386,2327.80035,178.203221,3.11000386,-3.13727819,0,1,-0.523,0,-0.00362537786,-0.108610103,0.348,0,-0.107010664,-0.267526661,-0.268669796,0,0,0.00766992187,-1,0.155559341,0,357.797362,-357.797362,360,2.20263831,0.0384360385,0.0407121779,0.0370868,0,0,0,-100,-100,-2.8,-13.6319173,0,0,0,-0,-0.231904499,-0.113308538,-0.0862466065,0.00357662874,0.000936182571,0.00244619803,-0.00124824343,-0.00245964852,0.00490584655,0.00245292327,-0.0128649754,-0.00359190114,0,0,52524.6,95.4993,1.29953,13.3538,198.619,0.381608,16.2285,235.028,2525.26,65,65,0.00637010700555366849,-0.000200943118739700964,20945484.4362919368,-0.0877680007780755889
18.8,-0.09420721836749947,0.1421741177066549,0.02082854336239628,-0.02455607954251161,-0.008099406488554067,-0.03302331507999527,-0.09011231347919448,0.1423392677255251,0.02164142889031486,8.040665012,2107732.342,112.342683714,1527.37641392,111.7849135712181,0.2593601126197953,11.17785374078189,-1.161174505302927,0.01346435966954934,0.08765722579677515,-0.1455395016723848,0.1190966798373692,-1.145098937631463,5.110174631096125,-0.03498493908384017,-31.60243230732445,111.7849135712186,0.2593601126198155,11.17785374078199,8.734326564502339,1523.258198119177,111.7447233129261,10.81607206410311,-4.124073334066308,111.7447233129261,111.7435060915799,-4.124035119580986,-10.82865479810569, 1337.930962, 2.857725524,-7.063917207, 2.857725524, 1379.179417, 7.371507843,-7.063917207, 7.371507843, 2338.252732,55.13760484,1774,40.97745208568207,-1.499436302142052,36.83934611048478,19839.085767686,23119.925662696,0.198889725035091,11.24200215761027,357.7733737988437,0.9949988956756896,0.003630064365077089,0.09789548330299994,-0.01950627042095713,0.7727573320297247,0.01635936982235611,-0.6343913932743374,-0.01122661804650127,-0.7727648419716883,-0.0167939838159479,0.6343800366886786,0.01069720388382029,5.7102695604234,0.13227610856758,0.0064011123578406,0.0064442114968723,-0.00020243275354011,20945465.7192051,28625.24935738804,2340.039813781151,20945485.27950165,-74.00287238282181,2340.039813781151,0.078506012944795,23119.925662696,-3280.8398950149,6.24732335,9.84848485,9.84848485,0.46284551,3.10997837,2338.97723,178.20176,3.10997837,-3.13734498,0,1,-0.523,0,-0.00347128055,-0.10398193,0.348,0,-0.102341958,-0.255854894,-0.257038376,0,0,0.0061359375,-1,0.146961383,0,357.799728,-357.799728,360,2.20027212,0.0383947484,0.0406001289,0.0371288484,0,0,0,-100,-100,-2.8,-13.6286548,0,0,0,-0,-0.232668159,-0.113681662,-0.0866193469,0.00373223218,0.000976911772,0.00244619803,-0.00130254903,-0.00245964852,0.00490584655,0.00245292327,-0.0129528304,-0.00361643025,0,0,52513.8,95.4797,1.29953,13.3531,198.616,0.383108,16.2495,234.966,2524.77,65,65,0.00640068967675702476,-0.000202072942324129723,20945485.5192938484,-0.0901123134791944891
18.9,-0.09673631091657567,0.1413548154302219,0.01764244120998736,-0.02607845518259722,-0.008308631838007603,-0.03044081593235885,-0.09264160176673909,0.1415196916509769,0.01845636765910332,8.023948113,2105516.247,112.227894583,1527.37956773,111.6686673584541,0.2607111423153832,11.18664751877301,-1.163722951378782,0.01400695918198974,0.08805628514721064,-0.1485390955561918,0.1139000270148704,-1.14748012795859,5.115288767721916,-0.03517127072983132,-31.59862461848746,111.6686673584546,0.2607111423154033,11.18664751877311,8.71962265608558,1523.269849455578,111.6300938138079,10.81246186416952,-4.112559565331527,111.6300938138079,111.6288711881918,-4.112521151010064,-10.82509166957272, 1337.930962, 2.857725524,-7.063917207, 2.857725524, 1379.179417, 7.371507843,-7.063917207, 7.371507843, 2338.252732,55.13760484,1774,40.97745208568207,-1.499436302142052,36.83934611048478,19840.168457523,23121.00835253,0.1897512943254164,11.25620699510222,357.7753981075491,0.9949873753367465,0.003551360567308876,0.09802044204288995,-0.01948085471250887,0.7728373800929021,0.01628574529008121,-0.6342950999681023,-0.01126430592362492,-0.77284495497052,-0.01672260596604268,0.6342837328774109,0.01073201907456653,5.7206417426434,0.13310114760262,0.0064316638039046,0.0064749686457111,-0.00020355928495194,20945466.59190506,28777.575764098,2351.208556621658,20945486.36093085,-74.41469970133039,2351.208556621658,0.078923820358019,23121.00835253,-3280.8398950142,6.24735868,9.84848485,9.84848485,0.462824584,3.10995346,2350.14263,178.200333,3.10995346,-3.13740522,0,1,-0.523,0,-0.00331178485,-0.0991915581,0.348,0,-0.0975077207,-0.243769302,-0.244994746,0,0,0.0061359375,-1,0.138051397,0,357.801752,-357.801752,360,2.19824766,0.0383594216,0.0404916794,0.0371798946,0,0,0,-100,-100,-2.8,-13.6250917,0,0,0,-0,-0.233436563,-0.114057105,-0.0869944012,0.00389489005,0.00101948747,0.00244619803,-0.00135931663,-0.00245964852,0.00490584655,0.00245292327,-0.0130450994,-0.00364219176,0,0,52503,95.46,1.29953,13.3524,198.614,0.384791,16.2706,234.903,2524.28,65,65,0.00643124102330573915,-0.000203199545553805328,20945486.6019553319,-0.0926416017667391067
19,-0.09938719371887217,0.1405236519728066,0.01471319835537768,-0.02595848247423348,-0.005881564236070647,-0.02785474629258797,-0.09529268027817134,0.1406882724881646,0.01552816045531855,8.007214691,2103295.755,112.112863066,1527.38218462,111.5521682218896,0.2620833122787829,11.19549651326815,-1.16655613877091,0.01383873477687191,0.09200896979262652,-0.1550992064411005,0.1085037283395795,-1.149451027972416,5.120069591528845,-0.03535584136574012,-31.59125043308011,111.5521682218901,0.262083312278803,11.19549651326825,8.704602464130643,1523.280972459472,111.5152309449985,10.80853490107297,-4.101573529982356,111.5152309449985,111.5140029609076,-4.101534917678959,-10.82121156801171, 1337.930962, 2.857725524,-7.063917207, 2.857725524, 1379.179417, 7.371507843,-7.063917207, 7.371507843, 2338.252732,55.13760484,1774,40.97745208568207,-1.499436302142052,36.83934611048478,19841.250775997,23122.090671005,0.180292685735579,11.27033023859595,357.7771068507673,0.9949758592174489,0.003470130817582988,0.09814473223298427,-0.01945788533021975,0.7729169585966538,0.01621206468866399,-0.6341992821829016,-0.01130550975948028,-0.7729246011085883,-0.01665117167421857,0.634187905154815,0.01077034996426672,5.7310761499554,0.13393896953821,0.006462183858077,0.0065056941912739,-0.00020468273846983,20945467.46311963,28929.90330967344,2362.365824712028,20945487.441984,-74.82540188234998,2362.365824712028,0.079341627771243,23122.090671005,-3280.8398950135,6.2473885,9.84848485,9.84848485,0.462803665,3.10992911,2361.29653,178.198938,3.10992911,-3.13745939,0,1,-0.523,0,-0.00314670098,-0.0942333986,0.348,0,-0.0925034099,-0.231258525,-0.232526749,0,0,0.0061359375,-1,0.128837797,0,357.803461,-357.803461,360,2.19653879,0.0383296019,0.0403869333,0.0372402324,0,0,0,-100,-100,-2.8,-13.6212116,0,0,0,-0,-0.234209769,-0.114434893,-0.087371797,0.00406486336,0.00106397798,0.00244619803,-0.00141863731,-0.00245964852,0.00490584655,0.00245292327,-0.0131388489,-0.00366836661,0,0,52492.2,95.4403,1.29953,13.3517,198.612,0.386553,16.2918,234.84,2523.78,65,65,0.00646176097991791633,-0.000204323070685572509,20945487.6842463315,-0.0952926802781713517
19.1,-0.1017331240370061,0.1402671761392602,0.01205698131497766,-0.02081296185529362,-0.0003663170926011212,-0.02501232160544319,-0.09763880649209081,0.1404315572029095,0.01287297528665186,7.990466801,2101071.126,111.997602653,1527.38423877,111.4352783778455,0.2634079396526818,11.20590688938025,-1.171127118986154,0.01302167209740086,0.1155652983725943,-0.1801045904518475,0.1027925843628626,-1.14940429204192,5.123193768354978,-0.03553197334714843,-31.56539585518842,111.435278377846,0.2634079396527019,11.20590688938035,8.687803021504575,1523.291538236147,111.4002893197883,10.80282815338979,-4.091142072800386,111.4002893197883,111.3990561904328,-4.091103269614496,-10.8155514895086, 1337.930962, 2.857725524,-7.063917207, 2.857725524, 1379.179417, 7.371507843,-7.063917207, 7.371507843, 2338.252732,55.13760484,1774,40.97745208568207,-1.499436302142052,36.83934611048478,19842.332635,23123.172530011,0.1705216559441977,11.28439267624253,357.7785266489995,0.99496433353358,0.0033864242524029,0.09826853434196796,-0.01943713675269691,0.772996185412569,0.01613820328627211,-0.6341038025669491,-0.01135003534989989,-0.7730038981607401,-0.01657955611827683,0.6340924162565692,0.01081200227186595,5.7423467550603,0.13475446606399,0.0064926724728781,0.0065363880857615,-0.00020580326182867,20945468.33276074,29082.23193996886,2373.511600682853,20945488.522573,-75.23503293248359,2373.511600682853,0.079759435184467,23123.172530011,-3280.8398950127,6.24741328,9.84848485,9.84848485,0.462782757,3.10990529,2372.43893,178.197573,3.10990529,-3.137508,0,1,-0.523,0,-0.00297616434,-0.0891121743,0.348,0,-0.0873403022,-0.218350755,-0.219655393,0,0,0.0061359375,-1,0.119439702,0,357.804881,-357.804881,360,2.19511889,0.0383048246,0.0402859674,0.0373098031,0,0,0,-100,-100,-2.8,-13.6155515,0,0,0,-0,-0.235005285,-0.114823582,-0.0877578294,0.0042421047,0.0011103709,0.00244619803,-0.00148049454,-0.00245964852,0.00490584655,0.00245292327,-0.0132312473,-0.00369416425,0,0,52481.3,95.4205,1.29953,13.351,198.609,0.388287,16.3152,234.776,2523.29,65,65,0.00649224949884742285,-0.0002054436655952309,20945488.7660786472,-0.0976388064920908211
19.2,-0.1036517461240015,0.1401597706583401,0.009674453657845096,-0.01744895055709241,-0.003174475884291328,-0.02244285694830891,-0.09955762528824279,0.1403239271314216,0.01049147917094016,7.973708579,2098842.893,111.882141208,1527.38571415,111.3179633488389,0.2646230571517325,11.2184906223052,-1.175057390352758,0.01161201104994039,0.135368434809223,-0.2010161176583978,0.09698638932786519,-1.149478851615666,5.126985537963709,-0.03569291547438814,-31.54358091830569,111.3179633488394,0.2646230571517525,11.21849062230529,8.668714573421395,1523.301527904216,111.2853460874283,10.79483182415464,-4.081283306520411,111.2853460874283,111.284108087301,-4.081244321466985,-10.80760164610816, 1337.930962, 2.857725524,-7.063917207, 2.857725524, 1379.179417, 7.371507843,-7.063917207, 7.371507843, 2338.252732,55.13760484,1774,40.97745208568207,-1.499436302142052,36.83934611048478,19843.413810063,23124.253705075,0.1604860949834235,11.29844409307355,357.7796859243745,0.9949527586154049,0.003300641636599341,0.09839227381674447,-0.01941840213697471,0.7730753333454928,0.01606429818410173,-0.6340083322486333,-0.0113974530450375,-0.7730831186674705,-0.01650789617297896,0.6339969372171945,0.01085654616056735,5.7547698013193,0.13551580537477,0.0065231296428659,0.0065670503236956,-0.00020692100968635,20945469.20060402,29234.56159811506,2384.645882516604,20945489.60247341,-75.64364938866129,2384.645882516604,0.080177242597691,23124.253705075,-3280.8398950185,6.24743352,9.84848485,9.84848485,0.462761863,3.10988196,2383.56982,178.196236,3.10988196,-3.13755156,0,1,-0.523,0,-0.00280101076,-0.0838533143,0.348,0,-0.0820473441,-0.20511836,-0.206453356,0,0,0.0061359375,-1,0.109959079,0,357.80604,-357.80604,360,2.19395953,0.0382845937,0.040188831,0.0373878203,0,0,0,-100,-100,-2.8,-13.6076016,0,0,0,-0,-0.235834105,-0.115228544,-0.0881602294,0.00442572604,0.00115843379,0.00244619803,-0.00154457839,-0.00245964852,0.00490584655,0.00245292327,-0.0133197172,-0.00371886503,0,0,52470.3,95.4006,1.29953,13.3503,198.607,0.3899,16.3418,234.713,2522.79,65,65,0.0065227065742812949,-0.000206561484826761355,20945489.8472275808,-0.0995576252882427737
19.3,-0.1052859593181735,0.1395101309489312,0.007529829924119735,-0.01512494642221068,-0.01126275345068048,-0.02032301875003197,-0.1011920356608756,0.1396740763412009,0.008347885210189289,7.956943808,2096611.55,111.766504288,1527.38660388,111.2002879921108,0.2656725055970526,11.23284689395691,-1.178322903315183,0.009682514575865261,0.1508862022626722,-0.2186498053092052,0.09110684390276716,-1.149628196725,5.131322327806829,-0.03583204593613459,-31.52499781611826,111.2002879921113,0.2656725055970726,11.23284689395701,8.647706320397548,1523.310933141249,111.1703910869898,10.78491508507172,-4.072006007511034,111.1703910869899,111.1691484517364,-4.071966848367707,-10.79773120860488, 1337.930962, 2.857725524,-7.063917207, 2.857725524, 1379.179417, 7.371507843,-7.063917207, 7.371507843, 2338.252732,55.13760484,1774,40.97745208568207,-1.499436302142052,36.83934611048478,19844.49409138,23125.333986387,0.1502267100467723,11.31246562678703,357.7806109635391,0.9949411535648671,0.003213111589577364,0.09851578118348822,-0.01940148743606723,0.7731542960592684,0.01599044451910324,-0.6339130045650946,-0.01144739325930407,-0.773162156064342,-0.01643628706913603,0.6339016013073677,0.01090361212050103,5.7681411512749,0.13619400315922,0.0065535553661662,0.0065976809031902,-0.00020803613995445,20945470.06643973,29386.89222606743,2395.768669501323,20945490.68147542,-76.05130897730851,2395.768669501323,0.080595050010914,23125.333986387,-3280.8398950112,6.24744966,9.84848485,9.84848485,0.462740986,3.1098591,2394.6892,178.194926,3.1098591,-3.13759057,0,1,-0.523,0,-0.00262195071,-0.0784778577,0.348,0,-0.0766429461,-0.191607365,-0.192968736,0,0,0.00766992187,-1,0.100384696,0,357.806966,-357.806966,360,2.19303442,0.0382684506,0.0400955476,0.0374735969,0,0,0,-100,-100,-2.8,-13.5977312,0,0,0,-0,-0.23669134,-0.115647389,-0.0885768739,0.00461490624,0.00120795171,0.00244619803,-0.00161060228,-0.00245964852,0.00490584655,0.00245292327,-0.0134018992,-0.00374181027,0,0,52459.4,95.3807,1.29953,13.3496,198.605,0.391306,16.3712,234.649,2522.29,65,65,0.00655313220433479098,-0.000207676686222931921,20945490.9274832867,-0.101192035660875576
19.4,-0.1067143806261831,0.1379157371705753,0.005572569164878614,-0.01331350088786656,-0.02190852312990691,-0.01876509778040078,-0.1026206534849793,0.1380794837898959,0.006391647056491631,7.940176002,2094377.554,111.650715729,1527.38690275,111.082318175499,0.2665089569944374,11.24855033447795,-1.180932603382582,0.007338891111186588,0.1621893835358179,-0.2338528480733402,0.08516679250697562,-1.149775551838737,5.13607392163006,-0.03594416430669427,-31.5088072547851,111.0823181754995,0.2665089569944574,11.24855033447805,8.625063482134225,1523.319747312702,111.0554205045796,10.7733631291863,-4.063317158666998,111.0554205045796,111.0541734399174,-4.063277832251034,-10.78622536983747, 1337.930962, 2.857725524,-7.063917207, 2.857725524, 1379.179417, 7.371507843,-7.063917207, 7.371507843, 2338.252732,55.13760484,1774,40.97745208568207,-1.499436302142052,36.83934611048478,19845.573301863,23126.413196874,0.1397721235985287,11.32638254328407,357.7813235504471,0.994929585332343,0.00312405221506846,0.09863840376170883,-0.01938622788248234,0.7732326593509634,0.01591667999018974,-0.633818328348098,-0.01149958525989127,-0.7732405959847154,-0.01636476686694345,0.6338069173315152,0.01095292971376021,5.7822432324688,0.13676448770632,0.0065839496389267,0.0066282798203673,-0.00020914881268057,20945470.93009087,29539.22376504051,2406.879960205113,20945491.75940199,-76.45807020583015,2406.879960205113,0.081012857424138,23126.413196874,-3280.8398950104,6.2474621,9.84848485,9.84848485,0.462720131,3.10983666,2405.79708,178.193641,3.10983666,-3.13762543,0,1,-0.523,0,-0.00243948376,-0.0730006273,0.348,0,-0.0711404632,-0.177851158,-0.17923591,0,0,0.0061359375,-1,0.0907136576,0,357.807678,-357.807678,360,2.19232178,0.038256015,0.0400061188,0.037566635,0,0,0,-100,-100,-2.8,-13.5862254,0,0,0,-0,-0.237573289,-0.116078309,-0.0890058646,0.00480907506,0.0012587754,0.00244619803,-0.0016783672,-0.00245964852,0.00490584655,0.00245292327,-0.0134757676,-0.00376243432,0,0,52448.4,95.3607,1.29953,13.3489,198.603,0.39243,16.4027,234.585,2521.79,65,65,0.0065835263854460398,-0.000208789429819602405,20945492.0066688284,-0.102620653484979341
19.5,-0.107971435793014,0.135227083190099,0.003743697998952461,-0.0116714593267653,-0.03285128181464396,-0.0178203309387008,-0.1038779029768446,0.1353906424552515,0.0045637839116608,7.923408721,2092141.369,111.534799827,1527.3866067,110.9641177575947,0.2670966019495991,11.26520315938968,-1.182921348781178,0.004706075322986128,0.1697781738366899,-0.2474046425392942,0.07917415889151408,-1.149833189861314,5.141117929858998,-0.03602568397624578,-31.49423687334412,110.9641177575952,0.267096601949619,11.26520315938978,8.600989217908744,1523.327964793641,110.9404389022199,10.76037909038632,-4.055222626739803,110.94043890222,110.9391875928599,-4.055183139186414,-10.77328726444968, 1337.930962, 2.857725524,-7.063917207, 2.857725524, 1379.179417, 7.371507843,-7.063917207, 7.371507843, 2338.252732,55.13760484,1774,40.97745208568207,-1.499436302142052,36.83934611048478,19846.651288781,23127.491183788,0.1291441514388987,11.34009163923002,357.7818398588766,0.9949181450145252,0.003033622477575911,0.09875924269054777,-0.01937250212825697,0.7733098520040877,0.01584303118430996,-0.633725003569657,-0.01155383083429724,-0.7733178670960242,-0.01629336265788302,0.6337135852416038,0.01100430114034611,5.7968717666205,0.13720850052838,0.0066143124573658,0.0066588470714203,-0.00021025918965822,20945471.79140479,29691.55615563998,2417.979753224492,20945492.83610038,-76.8639922199618,2417.979753224492,0.081430664837362,23127.491183788,-3280.8398950162,6.24747111,9.84848485,9.84848485,0.462699301,3.10981463,2416.89344,178.192379,3.10981463,-3.13765648,0,1,-0.523,0,-0.00225399065,-0.0674329594,0.348,0,-0.0655505678,-0.16387642,-0.165282048,0,0,0.0061359375,-1,0.0809502981,0,357.808195,-357.808195,360,2.19180543,0.0382470048,0.0399205302,0.0376665395,0,0,0,-100,-100,-2.8,-13.5732873,0,0,0,-0,-0.238477339,-0.116520028,-0.0894458384,0.00500780478,0.0013107929,0.00244619803,-0.00174772387,-0.00245964852,0.00490584655,0.00245292327,-0.0135397484,-0.00378029774,0,0,52437.3,95.3406,1.29953,13.3482,198.6,0.393209,16.4358,234.521,2521.29,65,65,0.00661388911429749461,-0.000209899877407358402,20945493.0846317075,-0.103877902976844558
19.6,-0.1090643234669457,0.1314946817044318,0.001981577793503245,-0.01000690993154941,-0.04242270427339333,-0.01748721847630575,-0.1049709811882597,0.1316580645509159,0.002802649343061022,7.906645751,2089903.492,111.418782626,1527.38571253,110.8457463580477,0.2674124953242085,11.28246988763066,-1.184341623473401,0.001915487018564255,0.1744091969306147,-0.259950997076146,0.07313464281599008,-1.149717437768737,5.146350692224468,-0.03607467476315737,-31.48064664637613,110.8457463580482,0.2674124953242285,11.28246988763075,8.575615001762348,1523.33558062164,110.8254595233212,10.7460944181313,-4.047727520710008,110.8254595233212,110.8242041408981,-4.04768787772056,-10.75904834368291, 1337.930962, 2.857725524,-7.063917207, 2.857725524, 1379.179417, 7.371507843,-7.063917207, 7.371507843, 2338.252732,55.13760484,1774,40.97745208568207,-1.499436302142052,36.83934611048478,19847.727916013,23128.567811021,0.1183613251706454,11.353484268266,357.7821699355601,0.9949069279168046,0.002941957095137522,0.0988773522654792,-0.01936023968252779,0.7733852726517196,0.01576954350775658,-0.6336337662989425,-0.01160998487506618,-0.7733933679503234,-0.01622212038876679,0.6336223410729125,0.01105758173516048,5.8118537121316,0.13751381696706,0.0066446438201427,0.0066893826549996,-0.00021136743417662,20945472.65024544,29843.88933794393,2429.068048049764,20945493.91143451,-77.26913471228909,2429.068048049764,0.081848472250586,23128.567811021,-3280.8398950153,6.24747687,9.84848485,9.84848485,0.462678497,3.10979298,2427.9783,178.191138,3.10979298,-3.13768389,0,1,-0.523,0,-0.00206579483,-0.0617845197,0.348,0,-0.0598827644,-0.149706911,-0.151131096,0,0,0.0061359375,-1,0.071104452,0,357.808525,-357.808525,360,2.19147533,0.0382412445,0.0398387567,0.0377729619,0,0,0,-100,-100,-2.8,-13.5590483,0,0,0,-0,-0.239401847,-0.116971743,-0.0898959183,0.00521073698,0.0013639104,0.00244619803,-0.00181854721,-0.00245964852,0.00490584655,0.00245292327,-0.0135927835,-0.00379510515,0,0,52426.3,95.3205,1.29953,13.3475,198.598,0.3936,16.47,234.456,2520.79,65,65,0.00664422039007399323,-0.000211008192249829144,20945494.1612360738,-0.104970981188259704
19.7,-0.1099865880443913,0.1269078560778452,0.0002266775782325924,-0.008244662676241798,-0.04957419995858315,-0.01772302672194652,-0.1058934310990715,0.1270710733963494,0.001048705425946327,7.889891182,2087664.46,111.302692427,1527.38421782,110.7272579485546,0.2674467083874674,11.30009561880913,-1.185255401972623,-0.0009057010366571236,0.1769407858008556,-0.2719714604831474,0.06705335901734287,-1.149359032618451,5.151693163377983,-0.03609078151646815,-31.46756139701173,110.7272579485551,0.2674467083874874,11.30009561880923,8.549015884984069,1523.342590364678,110.7105033283321,10.73058413976351,-4.040836342716283,110.7105033283322,110.7092440377366,-4.040796549756958,-10.74358363760217, 1337.930962, 2.857725524,-7.063917207, 2.857725524, 1379.179417, 7.371507843,-7.063917207, 7.371507843, 2338.252732,55.13760484,1774,40.97745208568207,-1.499436302142052,36.83934611048478,19848.803057633,23129.642952643,0.1074409702481824,11.36646361069212,357.7823176960496,0.994896018576692,0.002849187490429139,0.09899188954482872,-0.01934942260728944,0.773458384981038,0.01569629719940391,-0.6335452723300506,-0.01166794176341275,-0.7734665621799912,-0.0161511207920838,0.633533840559989,0.01111266628383424,5.8270568563902,0.13767485805655,0.0066749437306254,0.0067198865744963,-0.00021247371083767,20945473.506487,29996.22325156123,2440.144845893539,20945494.98527846,-77.6735578553089,2440.144845893539,0.08226627966381,23129.642952643,-3280.8398950145,6.24747945,9.84848485,9.84848485,0.462657723,3.10977166,2439.05166,178.189916,3.10977166,-3.13770779,0,1,-0.523,0,-0.00187519868,-0.0560643692,0.348,0,-0.0541462116,-0.135365529,-0.136805989,0,0,0.0061359375,-1,0.0611894107,0,357.808672,-357.808672,360,2.19132756,0.0382386659,0.0397607688,0.0378855701,0,0,0,-100,-100,-2.8,-13.5435836,0,0,0,-0,-0.240345949,-0.117433031,-0.0903556244,0.00541753862,0.00141804073,0.00244619803,-0.00189072098,-0.00245964852,0.00490584655,0.00245292327,-0.0136343461,-0.00380670942,0,0,52415.2,95.3003,1.29953,13.3468,198.596,0.393576,16.5049,234.392,2520.28,65,65,0.0066745202166444504,-0.000212114538883517679,20945495.2363562323,-0.105893431099071539
19.8,-0.1107282636078281,0.12173449371111,-0.001574866881907941,-0.006392670635472047,-0.05382676474208587,-0.0184563565467579,-0.1066352857152595,0.1218975567710904,-0.000751917391409942,7.873149384,2085424.851,111.186559678,1527.38212086,110.6087002129784,0.2672015180923522,11.31791029577334,-1.185727018725665,-0.003642726810282902,0.1782090545211084,-0.2837743679079772,0.06093563341417597,-1.14870893855826,5.157092468430214,-0.03607505003450717,-31.45467578134075,110.6087002129789,0.2672015180923721,11.31791029577344,8.52122758312214,1523.348990108846,110.595597225143,10.71388394751036,-4.034553022601475,110.595597225143,110.5943341889904,-4.034513085043812,-10.72692884191406, 1337.930962, 2.857725524,-7.063917207, 2.857725524, 1379.179417, 7.371507843,-7.063917207, 7.371507843, 2338.252732,55.13760484,1774,40.97745208568207,-1.499436302142052,36.83934611048478,19849.876593102,23130.716488111,0.09640016158153734,11.3789557993982,357.7822813248762,0.9948854810982842,0.002755451624553419,0.09910221080701388,-0.01934008271291347,0.7735287791088589,0.01562341230085038,-0.6334600221455952,-0.01172762643239312,-0.7735370398675205,-0.01608048430053454,0.6334485840960421,0.01116948004042861,5.8423922440899,0.13769230783612,0.0067052121987742,0.0067503588399382,-0.00021357818539645,20945474.36000901,30148.55783568323,2451.21015037879,20945496.05751171,-78.07732224310166,2451.21015037879,0.082684087077034,23130.716488111,-3280.8398950137,6.24747881,9.84848485,9.84848485,0.462636981,3.10975065,2450.11352,178.188712,3.10975065,-3.13772816,0,1,-0.523,0,-0.00168250022,-0.0502814468,0.348,0,-0.0483500226,-0.120875056,-0.122329517,0,0,0.0061359375,-1,0.051219853,0,357.808636,-357.808636,360,2.19136393,0.0382393006,0.0396865373,0.0380040371,0,0,0,-100,-100,-2.8,-13.5269288,0,0,0,-0,-0.241309331,-0.117903739,-0.0908247652,0.00562788105,0.00147309786,0.00244619803,-0.00196413049,-0.00245964852,0.00490584655,0.00245292327,-0.013664414,-0.0038151044,0,0,52404.1,95.2801,1.29953,13.3461,198.594,0.393132,16.5402,234.327,2519.78,65,65,0.00670478860438662554,-0.000213219082952737838,20945496.3098718151,-0.106635285715259542
19.9,-0.1112827821919407,0.116268318672313,-0.003468936642831835,-0.004511503667307669,-0.05517006049618107,-0.01959914551589998,-0.1071899764130546,0.1164312394967662,-0.002645103458399353,7.85642494,2083185.274,111.070416425,1527.37942063,110.4901145533817,0.2666899002494008,11.33582229992795,-1.185817576389056,-0.006198696591963426,0.1789403489021417,-0.2955125427175886,0.05478718085350896,-1.147740218304458,5.162520113500559,-0.03602969302417205,-31.44183875494026,110.4901145533822,0.2666899002494207,11.33582229992805,8.492262961320257,1523.354776492812,110.4807719216514,10.69600668387832,-4.028880905699114,110.4807719216514,110.4795053029046,-4.028840828902638,-10.70909680312448, 1337.930962, 2.857725524,-7.063917207, 2.857725524, 1379.179417, 7.371507843,-7.063917207, 7.371507843, 2338.252732,55.13760484,1774,40.97745208568207,-1.499436302142052,36.83934611048478,19850.948404174,23131.788299187,0.08525586957187153,11.39091531629515,357.7820539607061,0.99487535445838,0.002660895600347573,0.0992079184009967,-0.01933229558168787,0.7735962013931974,0.01555104556393317,-0.633378324471297,-0.01178898900739048,-0.7736045473537416,-0.0160103679252842,0.6333668802890597,0.01122797334399748,5.8578111138198,0.13757236982876,0.0067354492424803,0.0067807994693372,-0.00021468102460346,20945475.21069332,30300.89302913724,2462.263968027751,20945497.12801602,-78.48048883366209,2462.263968027751,0.083101894490258,23131.788299187,-3280.8398950095,6.24747485,9.84848485,9.84848485,0.462616272,3.10972993,2461.16389,178.187525,3.10972993,-3.13774491,0,1,-0.523,0,-0.00148799563,-0.0444446347,0.348,0,-0.0425032038,-0.10625801,-0.107724244,0,0,0.0061359375,-1,0.0412099688,0,357.808409,-357.808409,360,2.19159131,0.0382432684,0.0396160384,0.0381280428,0,0,0,-100,-100,-2.8,-13.5090968,0,0,0,-0,-0.242292013,-0.118383878,-0.0913033285,0.0058414357,0.0015289958,0.00244619803,-0.00203866106,-0.00245964852,0.00490584655,0.00245292327,-0.0136834146,-0.00382040935,0,0,52392.9,95.2599,1.29953,13.3454,198.592,0.392277,16.5757,234.261,2519.27,65,65,0.0067350255714934389,-0.000214321991054894546,20945497.3816646636,-0.107189976413054583
20,-0.1116510256517694,0.1107875983043904,-0.005492245304044147,-0.002688420260386186,-0.05393603328643559,-0.02105700360919154,-0.1075583848160964,0.1109503899749117,-0.00466756759930916,7.839722523,2080946.35,110.954295526,1527.37611676,110.3715365779714,0.2659335918597163,11.35380502166039,-1.185581121508604,-0.008497517027916172,0.1796999982366785,-0.3072121873165869,0.04861387769336928,-1.146446834128521,5.16796795036798,-0.03595782639343409,-31.42902493518025,110.3715365779719,0.2659335918597362,11.35380502166049,8.462126221725557,1523.359946738002,110.3660597536255,10.67695652911561,-4.023822742388674,110.3660597536255,110.3647897165918,-4.023782531732377,-10.69009170575429, 1337.930962, 2.857725524,-7.063917207, 2.857725524, 1379.179417, 7.371507843,-7.063917207, 7.371507843, 2338.252732,55.13760484,1774,40.97745208568207,-1.499436302142052,36.83934611048478,19852.018373355,23132.858268362,0.07402458200400527,11.40232560890752,357.7816245517377,0.994865651977669,0.002565669768799009,0.09930886618623135,-0.01932617268085734,0.7736605579064725,0.01547938212050964,-0.6333002920558397,-0.01185200198283202,-0.7736689907094247,-0.01594095691917421,0.6332888417470701,0.011288118789925,5.8732981824687,0.13732579671946,0.0067656548883058,0.0068112084894346,-0.00021578239604292,20945476.05842253,30453.22877044338,2473.306308532279,20945498.19667394,-78.8831188897675,2473.306308532279,0.083519701903482,23132.858268362,-3280.8398950152,6.24746735,9.84848485,9.84848485,0.4625956,3.10970946,2472.20278,178.186352,3.10970946,-3.13775789,0,1,-0.523,0,-0.00129197268,-0.0385625528,0.348,0,-0.0366143749,-0.0915359372,-0.0930118518,0,0,0.0061359375,-1,0.0311719223,0,357.807979,-357.807979,360,2.19202076,0.0382507622,0.0395492571,0.0382572844,0,0,0,-100,-100,-2.8,-13.4900917,0,0,0,-0,-0.243294147,-0.11887352,-0.0917913827,0.00605788094,0.00158565034,0.00244619803,-0.00211420045,-0.00245964852,0.00490584655,0.00245292327,-0.0136921488,-0.00382284794,0,0,52381.8,95.2396,1.29953,13.3447,198.59,0.391037,16.6114,234.196,2518.76,65,65,0.00676523114470400141,-0.000215423430587403746,20945498.4516172968,-0.107558384816096392
20.1,-0.1118430269694891,0.1055268299306467,-0.007672089468424719,-0.001016897341914238,-0.05066832405312013,-0.02273728667705668,-0.1077505440596906,0.1056895068131717,-0.006846605780278554,7.823046778,2078708.7,110.838229776,1527.37220944,110.2529968962066,0.2649609594036031,11.37187983018296,-1.18506255946824,-0.01048469138012251,0.1808732208812245,-0.318808087079649,0.04242131567108082,-1.144840356377899,5.173442950945819,-0.03586320120128258,-31.41629968581309,110.2529968962071,0.264960959403623,11.37187983018306,8.430823836872346,1523.364498643663,110.2514927448231,10.65673993460289,-4.019380708708052,110.251492744823,110.2502194548686,-4.019340369581382,-10.66992000550266, 1337.930962, 2.857725524,-7.063917207, 2.857725524, 1379.179417, 7.371507843,-7.063917207, 7.371507843, 2338.252732,55.13760484,1774,40.97745208568207,-1.499436302142052,36.83934611048478,19853.086383611,23133.926278616,0.06272164581494771,11.41319615826031,357.7809787816117,0.9948563638985269,0.002469921747043921,0.09940513420928437,-0.01932185265442875,0.773721898351033,0.01540862438774323,-0.6332258613992141,-0.0119166590021873,-0.7737304196503236,-0.01587245369288884,0.6332144048140933,0.01134991001879415,5.8888630206115,0.13696681370076,0.0067958291716561,0.0068415859358746,-0.00021688246797188,20945476.90307969,30605.56499787308,2484.33718481689,20945499.26336843,-79.28527392016622,2484.33718481689,0.083937509316706,23133.926278616,-3280.8398950143,6.24745608,9.84848485,9.84848485,0.462574967,3.10968922,2483.23021,178.185192,3.10968922,-3.13776686,0,1,-0.523,0,-0.00109469923,-0.0326432109,0.348,0,-0.0306913869,-0.0767284671,-0.0782122,0,0,0.0061359375,-1,0.0211147318,0,357.807333,-357.807333,360,2.19266657,0.0382620317,0.0394861899,0.0383914907,0,0,0,-100,-100,-2.8,-13.46992,0,0,0,-0,-0.244315868,-0.119372733,-0.0922889984,0.00627691486,0.00164298246,0.00244619803,-0.00219064329,-0.00245964852,0.00490584655,0.00245292327,-0.0136917067,-0.0038227245,0,0,52370.6,95.2193,1.29953,13.344,198.587,0.389449,16.6472,234.13,2518.25,65,65,0.00679540535948463219,-0.000216523569598551526,20945499.5196126215,-0.107750544059690603
20.2,-0.1118778806258522,0.100661068662645,-0.01002679701957688,0.0004181467574057481,-0.04600338772966271,-0.02455473726749427,-0.1077855490867607,0.1008236465532549,-0.009200543754446946,7.806402204,2076472.93,110.72225107,1527.36769929,110.1345220562552,0.2638048652956257,11.39009835384208,-1.184297083477537,-0.01212647508385224,0.1826715171240672,-0.3301793991586166,0.03621428722511744,-1.142945526020366,5.178961704248075,-0.03574995040512132,-31.40378361097068,110.1345220562557,0.2638048652956456,11.39009835384218,8.398371885008437,1523.368430532719,110.1371010620102,10.63537295811684,-4.015556471429098,110.1371010620102,110.135824684389,-4.015516009194894,-10.64859776432384, 1337.930962, 2.857725524,-7.063917207, 2.857725524, 1379.179417, 7.371507843,-7.063917207, 7.371507843, 2338.252732,55.13760484,1774,40.97745208568207,-1.499436302142052,36.83934611048478,19854.152318981,23134.992213986,0.05136052318197481,11.4235572943249,357.7800999869549,0.9948474619456975,0.002373788319501426,0.09949698383806266,-0.01931949265241071,0.7737803875572938,0.01533898021013363,-0.6331548277009557,-0.01198297445421821,-0.7737889990354052,-0.01580506597950209,0.633143364526785,0.01141336133099943,5.904531011845,0.13651203394839,0.0068259721364728,0.0068719318528949,-0.00021798140917089,20945477.74454895,30757.90164950454,2495.356612926589,20945500.32798355,-79.68701562499336,2495.356612926589,0.08435531672993,23134.992213986,-3280.8398950134,6.24744074,9.84848485,9.84848485,0.462554375,3.10966918,2494.2462,178.184044,3.10966918,-3.13777156,0,1,-0.523,0,-0.000896410235,-0.0266936192,0.348,0,-0.0247409317,-0.0618523292,-0.0633423452,0,0,0.0061359375,-1,0.0110435816,0,357.806455,-357.806455,360,2.19354543,0.0382773678,0.039426847,0.0385304367,0,0,0,-100,-100,-2.8,-13.4485978,0,0,0,-0,-0.245357183,-0.11988152,-0.0927961919,0.00649827034,0.00170092226,0.00244619803,-0.00226789635,-0.00245964852,0.00490584655,0.00245292327,-0.013683381,-0.00382039997,0,0,52359.4,95.199,1.29953,13.3433,198.585,0.387556,16.6831,234.064,2517.74,65,65,0.00682554825974191533,-0.000217622576650867787,20945500.5855345689,-0.107785549086760676
20.3,-0.1117824215509957,0.09630121679592461,-0.01256663456654046,0.001549759451537236,-0.04057356114404737,-0.02643484516636014,-0.1076902355074867,0.09646371299255636,-0.01173964494998722,7.789793052,2074239.614,110.606389714,1527.36258719,110.0161354886185,0.2625006734950484,11.40852624814544,-1.183310778510721,-0.01340790745674997,0.1851568516713833,-0.3411818370539876,0.02999631182338692,-1.140795484828017,5.184545331225929,-0.03562236311368244,-31.39162061793061,110.016135488619,0.2625006734950682,11.40852624814553,8.364799958307685,1523.371741147432,110.0229119365267,10.61288517190601,-4.012351298615695,110.0229119365268,110.021632634713,-4.012310718557313,-10.62615455836689, 1337.930962, 2.857725524,-7.063917207, 2.857725524, 1379.179417, 7.371507843,-7.063917207, 7.371507843, 2338.252732,55.13760484,1774,40.97745208568207,-1.499436302142052,36.83934611048478,19855.216065776,23136.055960787,0.03995210436252026,11.43345395631301,357.7789700103625,0.9948389048251224,0.002277387706605371,0.09958480372397341,-0.01931926030785932,0.7738362711591275,0.01527065171954119,-0.6330868869569869,-0.01205098326732925,-0.773844974542475,-0.01573899572307164,0.633075416719412,0.01147850750439093,5.9203350219497,0.1359794390582,0.0068560838345671,0.0069022462926559,-0.000219079388819,20945478.58271671,30910.23866327026,2506.364611783262,20945501.39040564,-80.08840585007056,2506.364611783262,0.084773124143154,23136.055960787,-3280.8398950092,6.24742102,9.84848485,9.84848485,0.462533825,3.10964931,2505.25076,178.182905,3.10964931,-3.13777172,0,1,-0.523,0,-0.000697295764,-0.0207194303,0.348,0,-0.0187682056,-0.046920514,-0.0484156803,0,0,0.0061359375,-1,0.000959537929,0,357.805325,-357.805325,360,2.19467549,0.0382970873,0.0393712526,0.0386739569,0,0,0,-100,-100,-2.8,-13.4261546,0,0,0,-0,-0.246417916,-0.120399794,-0.0933128926,0.00672172919,0.00175941262,0.00244619803,-0.00234588349,-0.00245964852,0.00490584655,0.00245292327,-0.0136685852,-0.00381626899,0,0,52348.3,95.1787,1.29953,13.3426,198.583,0.385411,16.7193,233.999,2517.23,65,65,0.00685565989718195552,-0.000218720620708166228,20945501.6492693014,-0.107690235507486701
20.4,-0.1115891802607617,0.09249781784000345,-0.01529496108411105,0.002333697378490652,-0.03493701025665388,-0.02831529067959845,-0.1074971346431779,0.09266025114994117,-0.01446726455884824,7.77322326,2072009.285,110.490673899,1527.35687414,109.8978583552253,0.2610844849820051,11.42722987060216,-1.182122014084407,-0.01433019396086041,0.1882760262433045,-0.3516736129312896,0.0237692733776559,-1.138427301035309,5.190215279103614,-0.03548469323145877,-31.37995216856611,109.8978583552258,0.261084484982025,11.42722987060226,8.330152148154074,1523.374429502804,109.908949052671,10.58932064777268,-4.009766208281905,109.9089490526709,109.9076669865373,-4.009725515545323,-10.60263446297449, 1337.930962, 2.857725524,-7.063917207, 2.857725524, 1379.179417, 7.371507843,-7.063917207, 7.371507843, 2338.252732,55.13760484,1774,40.97745208568207,-1.499436302142052,36.83934611048478,19856.277513977,23137.117408977,0.02850417000503836,11.44293938760461,357.7775699541367,0.9948306437924838,0.002180813201215421,0.09966905516921791,-0.01932132673728769,0.7738898408978211,0.01520382588591539,-0.633021678526311,-0.01212074046036298,-0.7738986379721833,-0.01567442965920694,0.633010200597665,0.01154540336939066,5.9363085203052,0.13538747188996,0.0068861643247225,0.0069325293143373,-0.00022017657640399,20945479.41747306,31062.575976992,2517.361202857822,20945502.45052468,-80.48950655410226,2517.361202857822,0.085190931556378,23137.117408977,-3280.8398950148,6.24739659,9.84848485,9.84848485,0.462513321,3.10962958,2516.24393,178.181775,3.10962958,-3.13776701,0,1,-0.523,0,-0.000497491617,-0.0147246604,0.348,0,-0.0127766653,-0.0319416634,-0.0334412998,0,0,0.0061359375,-1,-0.00914039203,0,357.803924,-357.803924,360,2.19607565,0.0383215201,0.039319446,0.0388219543,0,0,0,-100,-100,-2.8,-13.4026345,0,0,0,-0,-0.247497681,-0.120927367,-0.0938389298,0.00694713356,0.00181841221,0.00244619803,-0.00242454961,-0.00245964852,0.00490584655,0.00245292327,-0.0136487801,-0.00381073942,0,0,52337.1,95.1583,1.29953,13.3419,198.581,0.383064,16.7558,233.932,2516.71,65,65,0.00688574033044023551,-0.000219817871056169061,20945502.7107066214,-0.107497134643177866
20.5,-0.1113340395715689,0.08925061095032633,-0.01820945667596037,0.002749444447010872,-0.02953510248825734,-0.03014594060345638,-0.107242130158071,0.08941300164530756,-0.01738107870159905,7.756696403,2069782.433,110.375129385,1527.350561,109.7797102414121,0.2595916497014983,11.44626656428849,-1.180743253281345,-0.01490783152140209,0.1918985842088823,-0.3615339330273386,0.01753320394810465,-1.135878211819288,5.195990231866132,-0.03534100461971314,-31.36889891675229,109.7797102414126,0.2595916497015182,11.44626656428858,8.294485803570435,1523.376494710848,109.795232350474,10.56473671525085,-4.007802142894566,109.795232350474,109.7939476745827,-4.007761342433933,-10.57809481082598, 1337.930962, 2.857725524,-7.063917207, 2.857725524, 1379.179417, 7.371507843,-7.063917207, 7.371507843, 2338.252732,55.13760484,1774,40.97745208568207,-1.499436302142052,36.83934611048478,19857.336558659,23138.176453672,0.01702105203554941,11.45206949275694,357.7758808184291,0.9948226276499594,0.002084128734826564,0.09975022320629903,-0.0193258607399591,0.7739414035610679,0.01513866728030928,-0.6329588232544163,-0.0121923201764465,-0.773950296186669,-0.01561153210553439,0.6329473368677344,0.01161412286520349,5.9524805299347,0.13475426683204,0.0069162136716881,0.0069627809831245,-0.00022127314167763,20945480.24871317,31214.91352839941,2528.346409802509,20945503.50823577,-80.89037979231944,2528.346409802509,0.085608738969602,23138.176453672,-3280.8398950074,6.2473671,9.84848485,9.84848485,0.462492864,3.10960997,2527.22571,178.180651,3.10960997,-3.13775714,0,1,-0.523,0,-0.0002970734,-0.00871151611,0.348,0,-0.00676789502,-0.0169197376,-0.0184236387,0,0,0.0061359375,-1,-0.019262933,0,357.802235,-357.802235,360,2.19776491,0.0383509977,0.0392714802,0.0389744068,0,0,0,-100,-100,-2.8,-13.3780948,0,0,0,-0,-0.248595904,-0.121463958,-0.0943740366,0.00717439346,0.00187789749,0.00244619803,-0.00250386332,-0.00245964852,0.00490584655,0.00245292327,-0.0136254112,-0.0038042148,0,0,52325.9,95.138,1.29953,13.3412,198.579,0.380569,16.7928,233.866,2516.2,65,65,0.00691578962410003759,-0.000220914497265839189,20945503.7697414644,-0.107242130158070978
20.6,-0.1110539196584444,0.08652120314775284,-0.02130330393007356,0.002798524769279874,-0.02467450016086531,-0.03188788733612198,-0.1069621430503833,0.08668357287884496,-0.02047426610545666,7.740215679,2067559.496,110.259779366,1527.34364834,109.661709663077,0.2580555667437539,11.46567865411268,-1.179182959309744,-0.01516576893612225,0.1958530208578111,-0.3706740120461021,0.01128622094960829,-1.133182806888957,5.201884183138496,-0.03519505144608113,-31.35854976712555,109.6617096630775,0.2580555667437737,11.46567865411277,8.257868818094114,1523.377935790958,109.6817781583437,10.53920124820289,-4.00646015550295,109.6817781583438,109.6804910205345,-4.006419252035452,-10.552603478539, 1337.930962, 2.857725524,-7.063917207, 2.857725524, 1379.179417, 7.371507843,-7.063917207, 7.371507843, 2338.252732,55.13760484,1774,40.97745208568207,-1.499436302142052,36.83934611048478,19858.3931012,23139.232996207,0.005503506872967226,11.46089831142848,357.773884021525,0.9948148067677157,0.001987366571337171,0.09982877733615082,-0.0193330242174661,0.7739912560624204,0.01507531320514883,-0.6328979540777145,-0.01226581407517674,-0.7740002461881614,-0.01555044011460636,0.6328864583448063,0.01168475745043667,5.9688724748233,0.13409702465864,0.0069462319451663,0.0069930013691895,-0.00022236925466022,20945481.07633851,31367.2512551303,2539.320258080753,20945504.56344029,-81.29108771815299,2539.320258080753,0.086026546382826,23139.232996207,-3280.8398950129,6.24733225,9.84848485,9.84848485,0.462472456,3.10959045,2538.19615,178.179533,3.10959045,-3.13774181,0,1,-0.523,0,-9.60543153e-05,-0.00268033097,0.348,0,-0.000741584042,-0.00185396011,-0.00336238986,0,0,0.0061359375,-1,-0.0294180281,0,357.800238,-357.800238,360,2.19976186,0.0383858444,0.0392274222,0.0391313679,0,0,0,-100,-100,-2.8,-13.3526035,0,0,0,-0,-0.249711844,-0.122009207,-0.0949178644,0.00740349006,0.00193786352,0.00244619803,-0.00258381803,-0.00245964852,0.00490584655,0.00245292327,-0.0135998571,-0.00379708011,0,0,52314.7,95.1176,1.29953,13.3405,198.577,0.377977,16.8302,233.8,2515.69,65,65,0.00694580784769951911,-0.000222010669203553815,20945504.826275032,-0.10696214305038329
20.7,-0.1107847170724444,0.08424658884890374,-0.02456624685861166,0.002501091916593446,-0.02052922560548005,-0.03351197819875698,-0.106693070621942,0.08440896053249705,-0.02373656727289496,7.723783915,2065340.867,110.144644497,1527.33613624,109.5438743897962,0.2565067598542292,11.48549081437986,-1.177447357351855,-0.01513679271002889,0.1999577001449033,-0.379041423283681,0.005024604840075109,-1.130371209475839,5.20790557413182,-0.03505019022765218,-31.34895754593908,109.5438743897967,0.2565067598542491,11.48549081437995,8.220376158356741,1523.378751481197,109.568599557348,10.51278919311294,-4.005741593664153,109.568599557348,109.5673100977236,-4.005700591637416,-10.52623541499679, 1337.930962, 2.857725524,-7.063917207, 2.857725524, 1379.179417, 7.371507843,-7.063917207, 7.371507843, 2338.252732,55.13760484,1774,40.97745208568207,-1.499436302142052,36.83934611048478,19859.447050124,23140.286945129,-0.006051211441262611,11.46947481480128,357.7715618095915,0.9948071359455073,0.001890527049260967,0.09990514371190258,-0.01934296872967253,0.7740396677943614,0.01501387107647396,-0.6328387377149404,-0.01234132907974969,-0.7740487574706758,-0.01549126087272704,0.6328272316469268,0.01175741386372185,5.9854967617588,0.13343152640596,0.0069762192188695,0.0070231905467413,-0.0002234650856963,20945481.90025773,31519.58909471189,2550.282774622713,20945505.61604679,-81.69169260359195,2550.282774622713,0.08644435379605,23140.286945129,-3280.8398950185,6.24729172,9.84848485,9.84848485,0.462452099,3.10957099,2549.15528,178.178418,3.10957099,-3.13772073,0,1,-0.523,0,0.000105613563,0.00337039241,0.348,0,0.00530439477,0.0132609869,0.0117473235,0,0,0.00460195312,-1,-0.0396182155,0,357.797916,-357.797916,360,2.20208424,0.03842637,0.0391873508,0.0392929644,0,0,0,-100,-100,-2.8,-13.3262354,0,0,0,-0,-0.250844651,-0.122562697,-0.0954700049,0.00763447498,0.00199832383,0.00244619803,-0.00266443177,-0.00245964852,0.00490584655,0.00245292327,-0.0135733899,-0.00378969046,0,0,52303.5,95.0972,1.29953,13.3398,198.575,0.375335,16.8681,233.734,2515.17,65,65,0.00697579507480324424,-0.000223106557090001992,20945505.8802157305,-0.106693070621942027
20.8,-0.1105596279415807,0.0823528340471477,-0.02798545553036122,0.00189243759369483,-0.01677561250100668,-0.0349832215176023,-0.1064681096506157,0.08251523173193352,-0.02715514924881719,7.707403536,2063126.885,110.029742674,1527.32802413,109.4262212386893,0.254972199684905,11.50571021633984,-1.175630625715668,-0.01485951193063665,0.2040545872876329,-0.3866446683896179,-0.001253931299806013,-1.127553268081917,5.213968786256745,-0.03490952039980673,-31.34013185811606,109.4262212386897,0.2549721996849249,11.50571021633993,8.182086130102304,1523.378940076075,109.4557065279309,10.48557883485009,-4.005648256295167,109.455706527931,109.4544148782859,-4.005607159868649,-10.49906890711994, 1337.930962, 2.857725524,-7.063917207, 2.857725524, 1379.179417, 7.371507843,-7.063917207, 7.371507843, 2338.252732,55.13760484,1774,40.97745208568207,-1.499436302142052,36.83934611048478,19860.498321667,23141.338216673,-0.0176491077928815,11.47784102589589,357.7688975686258,0.9947995761096605,0.001793580105525181,0.09997968878554284,-0.01935583304306406,0.7740868702638745,0.01495441776766816,-0.63278088742997,-0.01241898456595378,-0.7740960616537352,-0.01543407105397291,0.6327693699588589,0.0118322113210671,6.0023568219682,0.13277177292889,0.0070061755696983,0.0070533485931986,-0.00022456080555875,20945482.72038717,31671.92698452376,2561.233987524748,20945506.66597152,-82.09225687725848,2561.233987524748,0.086862161209274,23141.338216673,-3280.839895011,6.24724522,9.84848485,9.84848485,0.462431794,3.10955158,2560.10311,178.177306,3.10955158,-3.13769364,0,1,-0.523,0,0.000308035041,0.00944385245,0.348,0,0.011373825,0.0284345626,0.0269145665,0,0,0.0061359375,-1,-0.0498779587,0,357.795251,-357.795251,360,2.20474868,0.0384728644,0.0391513558,0.0394593909,0,0,0,-100,-100,-2.8,-13.2990689,0,0,0,-0,-0.251993406,-0.123123978,-0.0960300132,0.00786746607,0.00205930924,0.00244619803,-0.00274574566,-0.00245964852,0.00490584655,0.00245292327,-0.0135471445,-0.00378236275,0,0,52292.3,95.0769,1.29953,13.3391,198.573,0.372686,16.9066,233.667,2514.66,65,65,0.00700575138218797241,-0.000224202331605446884,20945506.9314796962,-0.106468109650615747
20.9,-0.1104074863328085,0.08091277493304042,-0.03153969119245259,0.001023740199945994,-0.01174256153771695,-0.03618915642954983,-0.1063160948116671,0.08107522364167535,-0.03070877044274719,7.691071155,2060917.112,109.915050364,1527.31930925,109.3087256716203,0.2534743672591109,11.5263411025083,-1.17423297013034,-0.0143894027985086,0.2083134452755999,-0.3936135547017727,-0.007539588710854146,-1.125198285492173,5.219610071569659,-0.0347763460022056,-31.33203532727317,109.3087256716208,0.2534743672591308,11.5263411025084,8.143066149955599,1523.378500657953,109.343068484178,10.45763757031267,-4.006181140701015,109.343068484178,109.3417747691767,-4.006139953783127,-10.47117134885655, 1337.930962, 2.857725524,-7.063917207, 2.857725524, 1379.179417, 7.371507843,-7.063917207, 7.371507843, 2338.252732,55.13760484,1774,40.97745208568207,-1.499436302142052,36.83934611048478,19861.546839502,23142.386734513,-0.02929901712992462,11.48603622740725,357.7658762593672,0.9947920907186832,0.001696469327992146,0.1000527557720417,-0.01937173966866278,0.7741330803365808,0.01489700002670052,-0.6327241347075295,-0.0124989070485994,-0.7741423757226802,-0.01537891721671009,0.6327126047080374,0.01190927618527433,6.0194568296747,0.13212953351778,0.0070361010729925,0.0070834755844087,-0.00022565658544687,20945483.53665059,31824.26486179846,2572.173924313388,20945507.71313816,-82.49284312369127,2572.173924313388,0.087279968622498,23142.386734513,-3280.83989501,6.24719249,9.84848485,9.84848485,0.462411543,3.10953218,2571.03969,178.176194,3.10953218,-3.13766031,0,1,-0.523,0,0.000511364317,0.0155447194,0.348,0,0.0174718893,0.0436797232,0.0421519828,0,0,0.0061359375,-1,-0.0602125047,0,357.79223,-357.79223,360,2.20777021,0.0385255901,0.0391195361,0.0396309005,0,0,0,-100,-100,-2.8,-13.2711713,0,0,0,-0,-0.253157301,-0.123692657,-0.0965974781,0.00810263965,0.00212086593,0.00244619803,-0.00282782124,-0.00245964852,0.00490584655,0.00245292327,-0.013522086,-0.0037753664,0,0,52281.1,95.0566,1.29953,13.3384,198.571,0.370066,16.9456,233.601,2514.15,65,65,0.0070356768450699058,-0.000225298163887348107,20945507.9799904935,-0.106316094811667081
21,-0.110352456581867,0.07991605921725176,-0.03520567466735767,-6.418453187851765e-05,-0.008035151704636683,-0.0372004975830774,-0.1062611911596412,0.08007858473595598,-0.03437414826659478,7.674785342,2058711.371,109.800557915,1527.30998862,109.1913759372946,0.252029850613162,11.54739885973302,-1.172722296758499,-0.01378295175190173,0.2126315633372649,-0.3997649277751059,-0.01385824385581712,-1.122803339063198,5.225385681317901,-0.03465095160388677,-31.32474301041008,109.1913759372951,0.2520298506131818,11.54739885973311,8.103390053067299,1523.377431086649,109.2306681564313,10.4290392130075,-4.007342479011816,109.2306681564314,109.2293724926696,-4.007301205229647,-10.442616552338, 1337.930962, 2.857725524,-7.063917207, 2.857725524, 1379.179417, 7.371507843,-7.063917207, 7.371507843, 2338.252732,55.13760484,1774,40.97745208568207,-1.499436302142052,36.83934611048478,19862.592534032,23143.432429043,-0.04101196291220362,11.49410761411553,357.7624852526707,0.9947846365885039,0.001599118604363536,0.1001247570259901,-0.01939078795855897,0.7741785590738443,0.0148416342956768,-0.6326681574490899,-0.01258122059871158,-0.774187960858554,-0.01532581556852581,0.6326566137611718,0.01198873233837301,6.0368060698688,0.13151353422597,0.0070659957948822,0.0071135715869474,-0.00022675259690289,20945484.34897853,31976.60266365124,2583.102609149164,20945508.75747713,-82.89351405281923,2583.102609149164,0.087697776035722,23143.432429043,-3280.839895009,6.24713331,9.84848485,9.84848485,0.462391347,3.10951278,2581.96503,178.175082,3.10951278,-3.13762053,0,1,-0.523,0,0.000715793786,0.0216787998,0.348,0,0.0236048228,0.0590120569,0.0574749192,0,0,0.0061359375,-1,-0.0706373495,0,357.788839,-357.788839,360,2.21116146,0.0385847676,0.0390919976,0.0398077914,0,0,0,-100,-100,-2.8,-13.2426166,0,0,0,-0,-0.25433548,-0.124268316,-0.0971720007,0.00834021789,0.00218305203,0.00244619803,-0.00291073604,-0.00245964852,0.00490584655,0.00245292327,-0.0134989411,-0.00376890436,0,0,52269.9,95.0362,1.29953,13.3377,198.569,0.367505,16.9853,233.534,2513.63,65,65,0.00706557152939644821,-0.000226394225446701334,20945509.0256784372,-0.106261191159641166
21.1,-0.1104142400293089,0.0792336492168749,-0.03896450879970269,-0.001320151435226066,-0.005552731541340309,-0.03803061998742829,-0.1063231006213986,0.07939627791391951,-0.03813238278374253,7.658547575,2056509.874,109.68627651,1527.3000592,109.0741834260544,0.2506500213799527,11.56887803895078,-1.171094562630251,-0.01308890550364049,0.2167682203891914,-0.4051112902921581,-0.02021744074919737,-1.120388740212394,5.23129496776275,-0.034534341468248,-31.3182430977782,109.0741834260549,0.2506500213799726,11.56887803895088,8.063139374011048,1523.375727691901,109.1185084438808,10.39986527341339,-4.009136048009172,109.1185084438809,109.1172109387691,-4.009094690672429,-10.41348602914985, 1337.930962, 2.857725524,-7.063917207, 2.857725524, 1379.179417, 7.371507843,-7.063917207, 7.371507843, 2338.252732,55.13760484,1774,40.97745208568207,-1.499436302142052,36.83934611048478,19863.635343622,23144.47523863,-0.05280078096971981,11.5020934750427,357.7587140134744,0.9947771785066475,0.001501432818531827,0.1001960279691145,-0.01941305748864667,0.7742235187706457,0.0147883095950791,-0.6326126935898188,-0.01266604874277009,-0.774233029477419,-0.01527475493685694,0.6326011350395008,0.01207070315153774,6.0544017716588,0.13092978735164,0.0070958598008778,0.0071436366667662,-0.00022784901233892,20945485.15730945,32128.94032688953,2594.020065966762,20945509.79892682,-83.29433269262154,2594.020065966762,0.088115583448946,23144.47523863,-3280.8398950145,6.24706749,9.84848485,9.84848485,0.462371208,3.10949334,2592.87917,178.173969,3.10949334,-3.13757414,0,1,-0.523,0,0.000921547476,0.027852843,0.348,0,0.0297797276,0.0744493191,0.0729009361,0,0,0.00460195312,-1,-0.0811685661,0,357.785067,-357.785067,360,2.21493298,0.0386505805,0.0390688507,0.0399903982,0,0,0,-100,-100,-2.8,-13.213486,0,0,0,-0,-0.255526938,-0.124850462,-0.0977530927,0.0085804611,0.00224593569,0.00244619803,-0.00299458093,-0.00245964852,0.00490584655,0.00245292327,-0.013478217,-0.00376311818,0,0,52258.8,95.0159,1.29953,13.337,198.567,0.365023,17.0255,233.468,2513.12,65,65,0.00709543550052530413,-0.000227490688693645981,20945510.0684817955,-0.106323100621398617
21.2,-0.1106070803499867,0.07875139867107633,-0.04279881260617827,-0.002686756874405045,-0.004096084584705688,-0.03869641392960813,-0.10651606727613,0.07891415734049483,-0.04196609110437895,7.642359061,2054312.796,109.572215426,1527.28951702,108.9571598371233,0.2493415441187627,11.59075244840949,-1.169348047170965,-0.01235207846250184,0.2205528888713353,-0.4097048513849941,-0.02662532278630521,-1.117966224638715,5.237331023309235,-0.03442699495892868,-31.31248428773048,108.9571598371238,0.2493415441187826,11.59075244840959,8.022392289256487,1523.373386016122,109.006590657003,10.37019390255182,-4.011566409573224,109.0065906570031,109.0052914090135,-4.011524971681578,-10.38385793123075, 1337.930962, 2.857725524,-7.063917207, 2.857725524, 1379.179417, 7.371507843,-7.063917207, 7.371507843, 2338.252732,55.13760484,1774,40.97745208568207,-1.499436302142052,36.83934611048478,19864.675214652,23145.515109655,-0.06467967302283067,11.51001977529213,357.7545538548257,0.9947696921957263,0.001403301347367819,0.1002667973380582,-0.0194386106941105,0.7742681040115574,0.01473699185984899,-0.6325575642308469,-0.01275351385340394,-0.7742777262858571,-0.01522570112403866,0.6325459896481999,0.01215531089130792,6.0722303400549,0.13038187107525,0.0071256931570397,0.0071736708903707,-0.00022894600530612,20945485.96158986,32281.27778791488,2604.926318902942,20945510.8374336,-83.69536248751319,2604.926318902942,0.08853339086217,23145.515109655,-3280.8398950135,6.24699488,9.84848485,9.84848485,0.462351126,3.10947385,2603.78212,178.172852,3.10947385,-3.13752103,0,1,-0.523,0,0.00112887325,0.0340743049,0.348,0,0.0360043181,0.0900107953,0.0884491947,0,0,0.00460195312,-1,-0.0918219016,0,357.780907,-357.780907,360,2.21909345,0.0387231806,0.0390502088,0.0401790821,0,0,0,-100,-100,-2.8,-13.1838579,0,0,0,-0,-0.256730693,-0.125438617,-0.0983402718,0.00882365928,0.00230959282,0.00244619803,-0.00307945709,-0.00245964852,0.00490584655,0.00245292327,-0.0134602254,-0.00375809493,0,0,52247.6,94.9957,1.29953,13.3363,198.566,0.362634,17.0662,233.402,2512.61,65,65,0.00712526882441488849,-0.00022858772720255906,20945511.1083469205,-0.106516067276129986
21.3,-0.1109394391233256,0.07837775413386072,-0.04669297232238373,-0.004106648647212894,-0.003414922687946195,-0.03921619835013591,-0.1068485529527198,0.07854066985924789,-0.04585965829990193,7.6262208,2052120.287,109.458382503,1527.27835721,108.8403169231063,0.2481068089773784,11.61298218972554,-1.167483881429015,-0.01161259649575821,0.2238854960670693,-0.4136234210946874,-0.03309028697113845,-1.115540709689607,5.243482770044499,-0.03432892568804445,-31.30738979517013,108.8403169231068,0.2481068089773983,11.61298218972563,7.981220352490228,1523.370400771657,108.8949152904089,10.34009662721076,-4.014638948195445,108.8949152904089,108.8936143897435,-4.014597432459293,-10.35380378618909, 1337.930962, 2.857725524,-7.063917207, 2.857725524, 1379.179417, 7.371507843,-7.063917207, 7.371507843, 2338.252732,55.13760484,1774,40.97745208568207,-1.499436302142052,36.83934611048478,19865.712101009,23146.551996018,-0.07666367190596353,11.51790203210971,357.7499977777286,0.9947621626686763,0.001304603143105631,0.1003372033795892,-0.01946749473712068,0.7743124019601523,0.01468762885371154,-0.6325026610250665,-0.01284373487600244,-0.7743221385685903,-0.01517860181335176,0.632491069258789,0.01224267443944688,6.0902709774797,0.12987114253424,0.0071554959296575,0.0072036743244969,-0.00023004375071544,20945486.76177375,32433.61498264182,2615.821392179044,20945511.8729514,-84.09666737903899,2615.821392179044,0.088951198275394,23146.551996018,-3280.8398950157,6.24691536,9.84848485,9.84848485,0.462331103,3.10945428,2614.67393,178.17173,3.10945428,-3.13746108,0,1,-0.523,0,0.00133803349,0.0403510667,0.348,0,0.0422866334,0.105716583,0.10413974,0,0,0.00460195312,-1,-0.102612213,0,357.77635,-357.77635,360,2.22364986,0.03880269,0.0390361863,0.0403742198,0,0,0,-100,-100,-2.8,-13.1538038,0,0,0,-0,-0.25794584,-0.126032337,-0.0989330879,0.00907012158,0.00237410432,0.00244619803,-0.00316547243,-0.00245964852,0.00490584655,0.00245292327,-0.0134450992,-0.00375387169,0,0,52236.5,94.9754,1.29953,13.3356,198.564,0.360344,17.1075,233.335,2512.1,65,65,0.00715507156729507012,-0.000229685515927745358,20945512.1452276744,-0.106848552952719833
21.4,-0.111414215221446,0.07804694950344046,-0.05063321927605571,-0.00552695861788768,-0.003248730644088975,-0.03960841109465719,-0.1073234566533115,0.07821004954312086,-0.04979931510363105,7.610133639,2049932.475,109.344784549,1527.26657397,108.723666203883,0.2469444188214709,11.63552034904987,-1.165506065300373,-0.01090558101567177,0.2267289011110805,-0.4169572352825597,-0.03962064643204028,-1.113112263403931,5.249736971990385,-0.03423974271708364,-31.30287043714948,108.7236662038835,0.2469444188214908,11.63552034904997,7.939686607681395,1523.36676583252,108.7834826067863,10.30963646296398,-4.018359876003223,108.7834826067863,108.7821801362995,-4.018318284872648,-10.32338661039361, 1337.930962, 2.857725524,-7.063917207, 2.857725524, 1379.179417, 7.371507843,-7.063917207, 7.371507843, 2338.252732,55.13760484,1774,40.97745208568207,-1.499436302142052,36.83934611048478,19866.745963313,23147.585858323,-0.0887681042197405,11.52574775262884,357.7450402913874,0.9947545820839232,0.001205211952043393,0.1004073149208373,-0.01949974352594369,0.7743564557422318,0.01464015528696177,-0.6324479297623755,-0.01293682506598982,-0.7743663095698796,-0.01513339167529215,0.6324363196907204,0.01233290702082649,6.1084991497993,0.12939698092185,0.0071852681851112,0.0072336470359721,-0.00023114242506411,20945487.55782187,32585.95184641412,2626.705310050238,20945512.90544084,-84.4983118886812,2626.705310050238,0.089369005688618,23147.585858323,-3280.8398950113,6.24682884,9.84848485,9.84848485,0.462311139,3.1094346,2625.5546,178.170603,3.1094346,-3.13739423,0,1,-0.523,0,0.00154929569,0.0466911546,0.348,0,0.0486347594,0.121586899,0.119992802,0,0,0.00460195312,-1,-0.113553055,0,357.771392,-357.771392,360,2.22860771,0.0388892046,0.0390268973,0.040576193,0,0,0,-100,-100,-2.8,-13.1233866,0,0,0,-0,-0.259171574,-0.126631231,-0.0995311394,0.00932016562,0.00243955335,0.00244619803,-0.0032527378,-0.00245964852,0.00490584655,0.00245292327,-0.013432811,-0.00375044083,0,0,52225.3,94.9552,1.29953,13.3349,198.562,0.358153,17.1493,233.269,2511.59,65,65,0.0071848437955178172,-0.000230784231424631511,20945513.1790847033,-0.107323456653311514
21.5,-0.1120293297131344,0.07771855016043511,-0.05460760779015817,-0.006902048787392374,-0.003357686607273781,-0.03989096042864023,-0.107938699495021,0.0778818618536108,-0.05377311563080243,7.594098324,2047749.476,109.231427665,1527.25416064,108.6072186949368,0.2458496938833656,11.65831870391767,-1.163421111181516,-0.01026111719895121,0.2290965178414623,-0.4197979157293688,-0.0462243311502006,-1.110678015562452,5.25607996709948,-0.03415871076270975,-31.29883559898267,108.6072186949373,0.2458496938833856,11.65831870391776,7.897844920745601,1523.362474258175,108.6722930248131,10.27886724583681,-4.022736207552318,108.6722930248131,108.6709890610434,-4.022694543249557,-10.29266024068785, 1337.930962, 2.857725524,-7.063917207, 2.857725524, 1379.179417, 7.371507843,-7.063917207, 7.371507843, 2338.252732,55.13760484,1774,40.97745208568207,-1.499436302142052,36.83934611048478,19867.776768025,23148.616663031,-0.1010080939281383,11.53355901849899,357.7396772280011,0.99474694746516,0.001105001210980126,0.1004771537208394,-0.01953537973085336,0.7744002786394328,0.01459449770412722,-0.6323933529532385,-0.01303288995172112,-0.774410252685427,-0.01508999724257278,0.6323817234913531,0.01242611415600539,6.1268895596436,0.12895704146763,0.0072150099898655,0.0072635890917087,-0.00023224220665927,20945488.34970081,32738.28831392188,2637.578096803325,20945513.93486839,-84.90036119959404,2637.578096803325,0.089786813101842,23148.616663031,-3280.8398950135,6.24673523,9.84848485,9.84848485,0.462291234,3.1094148,2636.42417,178.169468,3.1094148,-3.13732043,0,1,-0.523,0,0.00176292381,0.0531024803,0.348,0,0.0550565798,0.13764145,0.136028163,0,0,0.00460195312,-1,-0.124656417,0,357.766029,-357.766029,360,2.23397117,0.0389827969,0.0390224544,0.0407853782,0,0,0,-100,-100,-2.8,-13.0926602,0,0,0,-0,-0.260407206,-0.127234961,-0.10013408,0.00957410742,0.00250602262,0.00244619803,-0.00334136349,-0.00245964852,0.00490584655,0.00245292327,-0.0134231933,-0.00374775556,0,0,52214.2,94.9349,1.29953,13.3342,198.56,0.356057,17.1914,233.203,2511.07,65,65,0.00721458557553993247,-0.000231884052068217946,20945514.2098844871,-0.107938699495020995
21.6,-0.1127785191312701,0.07737438365679841,-0.05860595191132101,-0.008194842139236111,-0.003542957777738955,-0.0400810694789568,-0.1086880180127456,0.07753793434934116,-0.0577708739360303,7.578115529,2045571.396,109.118317486,1527.24110981,108.4909846813883,0.2448151715644773,11.68133208761726,-1.161237455086139,-0.009704375980455662,0.2310377576664244,-0.4222301930167127,-0.05290864504675588,-1.108233821000217,5.262499004263585,-0.0340848079298393,-31.29520145732432,108.4909846813888,0.2448151715644973,11.68133208761736,7.855740280322695,1523.357518344541,108.5613473270504,10.24783393312897,-4.027775708898774,108.5613473270504,108.5600419412362,-4.027733973450296,-10.26166963523986, 1337.930962, 2.857725524,-7.063917207, 2.857725524, 1379.179417, 7.371507843,-7.063917207, 7.371507843, 2338.252732,55.13760484,1774,40.97745208568207,-1.499436302142052,36.83934611048478,19868.804486547,23149.644381554,-0.1133981347073611,11.54133489841018,357.7339055598205,0.9947392585665301,0.001003848320203026,0.1005467153388687,-0.01957441671225028,0.7744438673368118,0.01455057886872702,-0.6323389335638193,-0.01313202567616866,-0.7744539647085099,-0.0150483412827473,0.6323272836677865,0.0125223919930318,6.145418434626,0.12854750863388,0.0072447214105451,0.0072935005587801,-0.00023334327583085,20945489.13738209,32890.62431912249,2648.439776784121,20945514.96120548,-85.30288123443461,2648.439776784121,0.090204620515066,23149.644381554,-3280.8398950059,6.2466345,9.84848485,9.84848485,0.46227139,3.10939485,2647.28267,178.168325,3.10939485,-3.13723965,0,1,-0.523,0,0.00197917082,0.0595926188,0.348,0,0.0615595668,0.153898917,0.152264624,0,0,0.00460195312,-1,-0.135932573,0,357.760257,-357.760257,360,2.23974326,0.0390835199,0.0390229679,0.0410021388,0,0,0,-100,-100,-2.8,-13.0616696,0,0,0,-0,-0.26165216,-0.127843245,-0.100741619,0.00983225266,0.00257359213,0.00244619803,-0.00343145618,-0.00245964852,0.00490584655,0.00245292327,-0.0134159582,-0.00374573552,0,0,52203.1,94.9148,1.29953,13.3336,198.558,0.354046,17.234,233.136,2510.56,65,65,0.00724429697398744962,-0.000232985158261348125,20945515.2375984564,-0.108688018012745635
21.7,-0.1136522101166681,0.0770138992971032,-0.06261976205063188,-0.009377066812252656,-0.003657026886870746,-0.04019543141987595,-0.1095618388328878,0.0771777162852875,-0.06178410051047111,7.562185884,2043398.336,109.005459338,1527.22741332,108.3749735554035,0.243831090601863,11.70452129713259,-1.158964764384825,-0.009255793764567755,0.2326234768844948,-0.4243265454164273,-0.05968008754442832,-1.105775565091726,5.268983143958787,-0.03401678061931715,-31.2918963080363,108.374973555404,0.2438310906018831,11.70452129713269,7.813409780042884,1523.351889696095,108.4506467187543,10.21657358576095,-4.033486826663887,108.4506467187543,108.4493399777492,-4.033445021929276,-10.23045185589705, 1337.930962, 2.857725524,-7.063917207, 2.857725524, 1379.179417, 7.371507843,-7.063917207, 7.371507843, 2338.252732,55.13760484,1774,40.97745208568207,-1.499436302142052,36.83934611048478,19869.829094384,23150.668989393,-0.1259517454108564,11.54907347459442,357.7277232212194,0.9947315160719928,0.0009016381298500929,0.1006159866649736,-0.01961686033061972,0.7744872130464157,0.01450832150827357,-0.6322846813474746,-0.01323431781131347,-0.7744974369524403,-0.01500834653277419,0.6322730100154658,0.01262182611334121,6.1640650649133,0.12816334283476,0.0072744025140452,0.0073233815045322,-0.00023444581512814,20945489.92084134,33042.95979516763,2659.290374437863,20945515.98442761,-85.70593872720929,2659.290374437863,0.09062242792829,23150.668989393,-3280.8398950179,6.2465266,9.84848485,9.84848485,0.462251606,3.10937472,2658.13012,178.167172,3.10937472,-3.13715187,0,1,-0.523,0,0.00219827266,0.0661686292,0.348,0,0.0681506175,0.170376544,0.168719585,0,0,0.00460195312,-1,-0.147390043,0,357.754074,-357.754074,360,2.24592606,0.0391914097,0.0390285448,0.0412268175,0,0,0,-100,-100,-2.8,-13.0304519,0,0,0,-0,-0.262905963,-0.128455854,-0.101353519,0.0100948896,0.00264233734,0.00244619803,-0.00352311646,-0.00245964852,0.00490584655,0.00245292327,-0.0134107171,-0.0037442722,0,0,52192,94.8946,1.29953,13.3329,198.556,0.352107,17.2768,233.07,2510.05,65,65,0.00727397805775755,-0.000234087732627260274,20945516.2622021548,-0.109561838832887767
21.8,-0.114638382010151,0.07664888863392111,-0.06664220478590611,-0.01042874978680016,-0.003605619232767617,-0.04025050570287988,-0.1105481412881191,0.07681299912442535,-0.06580596197593092,7.546309981,2041230.391,108.89285832,1527.21306242,108.2591937227061,0.2428858568078551,11.72785462089722,-1.156613248643351,-0.008931249754924556,0.2339330175033041,-0.4261445457534947,-0.06654423990771836,-1.103300070925306,5.275523739418226,-0.03395319592343445,-31.28886320553334,108.2591937227066,0.2428858568078752,11.72785462089732,7.77088399844955,1523.345579312556,108.3401927759665,10.18511674830344,-4.039878603198273,108.3401927759666,108.3388847429975,-4.039836730894184,-10.19903744821009, 1337.930962, 2.857725524,-7.063917207, 2.857725524, 1379.179417, 7.371507843,-7.063917207, 7.371507843, 2338.252732,55.13760484,1774,40.97745208568207,-1.499436302142052,36.83934611048478,19870.85057037,23151.690465375,-0.1386812124441484,11.55677336941758,357.7211289352652,0.9947237202299888,0.000798265587378236,0.1006849591248671,-0.01966271064444363,0.7745303098797636,0.01446765138688315,-0.6322306025425876,-0.01333984068652858,-0.7745406636223185,-0.0149699387635653,0.6322189088135776,0.01272449085358799,6.182812624253,0.12779851913677,0.0073040533676426,0.0073532319966948,-0.00023555000949435,20945490.70005754,33195.29467433846,2670.12991434965,20945517.00451365,-86.10960128709849,2670.12991434965,0.091040235341514,23151.690465375,-3280.8398950135,6.2464115,9.84848485,9.84848485,0.462231884,3.1093544,2668.96655,178.166007,3.1093544,-3.1370571,0,1,-0.523,0,0.00242044377,0.0728369215,0.348,0,0.0748359358,0.187089839,0.185408739,0,0,0.00460195312,-1,-0.15903562,0,357.747479,-357.747479,360,2.25252083,0.0393064885,0.0390392883,0.0414597321,0,0,0,-100,-100,-2.8,-12.9990374,0,0,0,-0,-0.264168228,-0.129072596,-0.101969581,0.0103622834,0.00271232769,0.00244619803,-0.00361643691,-0.00245964852,0.00490584655,0.00245292327,-0.0134069995,-0.00374323427,0,0,52181,94.8745,1.29953,13.3322,198.555,0.350224,17.3198,233.004,2509.54,65,65,0.0073036288941229462,-0.000235191960180894258,20945517.2836744487,-0.110548141288119114
21.9,-0.1157233564862903,0.07629831643687249,-0.07066809335166463,-0.0113372662625913,-0.003343293860918266,-0.04026281580585075,-0.1116332470661843,0.07646274752163515,-0.06983127150418425,7.530488381,2039067.652,108.780519323,1527.19804784,108.1436525744895,0.241966492090965,11.75130819266816,-1.154193051782609,-0.008742213472477778,0.2350438240867589,-0.4277264690266627,-0.0735057111689737,-1.100805622385348,5.282114556115757,-0.03389249208432939,-31.2860603577978,108.14365257449,0.2419664920909851,11.75130819266825,7.728188526568437,1523.33857768389,108.2299873224078,10.15348897667034,-4.046960583738957,108.2299873224079,108.2286780576532,-4.046918645457342,-10.16745196911075, 1337.930962, 2.857725524,-7.063917207, 2.857725524, 1379.179417, 7.371507843,-7.063917207, 7.371507843, 2338.252732,55.13760484,1774,40.97745208568207,-1.499436302142052,36.83934611048478,19871.868896168,23152.708791178,-0.1515974152911669,11.56443474357819,357.7141220426145,0.9947158699495735,0.0006936375748885447,0.100753637311504,-0.01971196352167353,0.7745731603126057,0.0144284997439326,-0.6321766931303512,-0.01344865722872837,-0.7745836472794555,-0.01493304921319651,0.6321649760808353,0.01283044914138059,6.2016483775273,0.12744625875149,0.0073336740390816,0.0073830521034685,-0.00023665604641707,20945491.47501248,33347.62888798981,2680.958421275792,20945518.02144526,-86.51393745344103,2680.958421275792,0.091458042754738,23152.708791178,-3280.8398950123,6.24628921,9.84848485,9.84848485,0.462212223,3.10933386,2679.79198,178.16483,3.10933386,-3.13695535,0,1,-0.523,0,0.00264587403,0.0796031666,0.348,0,0.0816209562,0.20405239,0.20234587,0,0,0.00460195312,-1,-0.170874456,0,357.740472,-357.740472,360,2.25952824,0.0394287677,0.0390552973,0.0417011713,0,0,0,-100,-100,-2.8,-12.967452,0,0,0,-0,-0.265438631,-0.129693315,-0.102589646,0.0106346728,0.00278362561,0.00244619803,-0.00371150082,-0.00245964852,0.00490584655,0.00245292327,-0.0134042718,-0.00374247269,0,0,52169.9,94.8544,1.29953,13.3315,198.553,0.348379,17.363,232.938,2509.04,65,65,0.00733324955081393875,-0.000236298028476677796,20945518.3019970283,-0.111633247066184313
22,-0.1168924816966062,0.07598379665872808,-0.07469390412333465,-0.01209619782623056,-0.002864896455869123,-0.04024914849951045,-0.1128025043610424,0.07614857530358853,-0.07385650526540087,7.514721612,2036910.208,108.668447017,1527.18235987,108.0283565144818,0.2410590700165987,11.77486544994684,-1.151713774247338,-0.00869586122995411,0.2360240699232747,-0.4291005881916945,-0.08056813511086974,-1.098292155363936,5.288751611238919,-0.0338330275456156,-31.28345984565668,108.0283565144823,0.2410590700166188,11.77486544994694,7.6853454450426,1523.330874888094,108.1200322712325,10.12171231538718,-4.054742720781921,108.1200322712326,108.1187218322234,-4.054700718002618,-10.13571746416041, 1337.930962, 2.857725524,-7.063917207, 2.857725524, 1379.179417, 7.371507843,-7.063917207, 7.371507843, 2338.252732,55.13760484,1774,40.97745208568207,-1.499436302142052,36.83934611048478,19872.884055804,23153.723950811,-0.1647097266984988,11.57205980282297,357.706702330281,0.994707962326732,0.0005876740172794215,0.1008220433626184,-0.01976461219545837,0.7746157779455949,0.0143908051777201,-0.6321229354046313,-0.01356081927872951,-0.7746264016020913,-0.01489761646763066,0.6321111941437314,0.01293975280927664,6.22056341695,0.12709925495395,0.0073632645966205,0.0074128418935714,-0.00023776411605276,20945492.24569033,33499.96236650411,2691.775920160823,20945519.03520649,-86.91901674125256,2691.775920160823,0.091875850167962,23153.723950811,-3280.8398950145,6.24615971,9.84848485,9.84848485,0.462192624,3.10931308,2690.60645,178.163639,3.10931308,-3.13684663,0,1,-0.523,0,0.00287472704,0.0864722455,0.348,0,0.0885103051,0.221275763,0.219542747,0,0,0.00460195312,-1,-0.182910182,0,357.733052,-357.733052,360,2.2669485,0.0395582513,0.0390766662,0.0419513933,0,0,0,-100,-100,-2.8,-12.9357175,0,0,0,-0,-0.266716895,-0.130317875,-0.103213572,0.0109122674,0.002856286,0.00244619803,-0.00380838133,-0.00245964852,0.00490584655,0.00245292327,-0.0134019546,-0.00374182572,0,0,52158.9,94.8344,1.29953,13.3308,198.551,0.346552,17.4064,232.872,2508.53,65,65,0.00736284009606371064,-0.000237406127731004739,20945519.3171539195,-0.112802504361042374
22.1,-0.1181307007975839,0.0757260326700462,-0.07871780629348266,-0.01270418718933801,-0.00219492899702651,-0.0402265965269412,-0.1140408564028572,0.07589118571641223,-0.07787983209776141,7.499010159,2034758.141,108.556645804,1527.16598849,107.9133110272152,0.2401491403724316,11.79851599746458,-1.149184146795065,-0.00879517847585877,0.2369282796120906,-0.4302835578708333,-0.08773420825272743,-1.095761191051186,5.295432823430866,-0.03377312886475142,-31.28104526223194,107.9133110272157,0.2401491403724518,11.79851599746468,7.642374612133605,1523.322460687132,108.0103294612599,10.0898065857276,-4.063235280071579,108.01032946126,108.0090179031223,-4.063193214169828,-10.10385375566501, 1337.930962, 2.857725524,-7.063917207, 2.857725524, 1379.179417, 7.371507843,-7.063917207, 7.371507843, 2338.252732,55.13760484,1774,40.97745208568207,-1.499436302142052,36.83934611048478,19873.896035351,23154.735930356,-0.1780259766714154,11.57965289373872,357.6988698585453,0.9946999925310853,0.0004803083693804299,0.1008902177820349,-0.01982064878915156,0.7746581880049933,0.01435451506829817,-0.6320692973111512,-0.01367636832503821,-0.7746689518864894,-0.01486358788276828,0.6320575309744435,0.01305244332796402,6.239552082015,0.12674989465609,0.0073928251090337,0.0074426014362411,-0.00023887441132533,20945493.01207731,33652.29503925495,2702.5824361382,20945520.04578342,-87.32490967726335,2702.5824361382,0.092293657581186,23154.735930356,-3280.8398950166,6.24602301,9.84848485,9.84848485,0.462173087,3.10929203,2701.40998,178.162433,3.10929203,-3.13673098,0,1,-0.523,0,0.00310713945,0.0934482309,0.348,0,0.0955077928,0.238769482,0.2370091,0,0,0.00460195312,-1,-0.195145054,0,357.725218,-357.725218,360,2.27478154,0.039694938,0.0391034851,0.0422106246,0,0,0,-100,-100,-2.8,-12.9038538,0,0,0,-0,-0.268002773,-0.130946155,-0.103841239,0.0111952469,0.00293035587,0.00244619803,-0.00390714116,-0.00245964852,0.00490584655,0.00245292327,-0.0133994409,-0.00374112389,0,0,52147.9,94.8144,1.29953,13.3302,198.549,0.34472,17.45,232.806,2508.02,65,65,0.00739240059861094589,-0.000238516450919263576,20945520.3291312121,-0.114040856402857202
22.2,-0.1194230105324607,0.07554234915363235,-0.08273968791041841,-0.01316391118880174,-0.001376562571977371,-0.04021242522373583,-0.1153333000372802,0.07570790333262639,-0.08190113956123087,7.483354465,2032611.527,108.445119767,1527.1489234,107.7985207723716,0.2392221430334969,11.8222541595094,-1.146611855058429,-0.009039074829373064,0.2377956115973383,-0.4312833310524411,-0.09500575867211349,-1.093215592888803,5.302157559677056,-0.03371113739280391,-31.27880882337916,107.7985207723721,0.2392221430335171,11.8222541595095,7.59929468220097,1523.313324617444,107.9008805094059,10.05779040432462,-4.072448751643577,107.9008805094059,107.8995678849761,-4.072406623893496,-10.07187946126655, 1337.930962, 2.857725524,-7.063917207, 2.857725524, 1379.179417, 7.371507843,-7.063917207, 7.371507843, 2338.252732,55.13760484,1774,40.97745208568207,-1.499436302142052,36.83934611048478,19874.90482286,23155.744717863,-0.1915524689089617,11.58722029220545,357.6906247856316,0.9946919539628274,0.0003714875976801904,0.100958217602346,-0.01988006582319424,0.7747004261543837,0.01431958663013489,-0.6320157338575849,-0.01379533658221629,-0.774711333859332,-0.0148309206379876,0.6320039415999155,0.01316855288537614,6.2586112108662,0.12639047573096,0.0074223556455707,0.0074723308011937,-0.0002399871279993,20945493.77416161,33804.62683458019,2713.377994515286,20945521.05316411,-87.73168782666471,2713.377994515286,0.09271146499441,23155.744717863,-3280.8398950154,6.24587911,9.84848485,9.84848485,0.462153612,3.10927069,2712.20259,178.161211,3.10927069,-3.13660841,0,1,-0.523,0,0.00334322127,0.100534397,0.348,0,0.102616431,0.256541078,0.254752654,0,0,0.00460195312,-1,-0.207580104,0,357.716973,-357.716973,360,2.28302722,0.0398388251,0.0391358394,0.0424790607,0,0,0,-100,-100,-2.8,-12.8718795,0,0,0,-0,-0.269296029,-0.13157804,-0.104472529,0.0114837609,0.00300587443,0.00244619803,-0.00400783257,-0.00245964852,0.00490584655,0.00245292327,-0.0133961133,-0.00374019482,0,0,52136.9,94.7944,1.29953,13.3295,198.548,0.342862,17.4936,232.741,2507.51,65,65,0.00742193112766095266,-0.000239629193847838218,20945521.3379169367,-0.115333300037280248
22.3,-0.1207548248988647,0.07544528925482458,-0.08676116100316825,-0.01348123527067542,-0.0004615923518117978,-0.04022377541845856,-0.1166652493876836,0.07561127121343107,-0.0859220390917266,7.467754914,2030470.434,108.333872619,1527.13115416,107.6839896908469,0.2382638085638744,11.84607746218437,-1.144003497310162,-0.009422541103038681,0.2386502641883936,-0.4321021460603411,-0.1023838363324493,-1.090659225424885,5.30892615452797,-0.03364545424790909,-31.27674840828155,107.6839896908474,0.2382638085638947,11.84607746218447,7.556123824947058,1523.303456072432,107.7916866930343,10.0256819025392,-4.082393768463648,107.7916866930343,107.7903730528839,-4.082351580038798,-10.03981271329522, 1337.930962, 2.857725524,-7.063917207, 2.857725524, 1379.179417, 7.371507843,-7.063917207, 7.371507843, 2338.252732,55.13760484,1774,40.97745208568207,-1.499436302142052,36.83934611048478,19875.910408162,23156.750303169,-0.2052940390214747,11.5947697935611,357.681967191381,0.9946838385847334,0.0002611717658458449,0.1010261128340752,-0.01994285770108189,0.7747425362184489,0.01428598766983943,-0.6319621898590109,-0.01391774833463386,-0.7747535914024233,-0.01479958249586505,0.6319503708465147,0.013288105732104,6.2777393494874,0.12601341867607,0.0074518562758786,0.0075020300585451,-0.00024110246473016,20945494.53193321,33956.95767976348,2724.162620744988,20945522.05733842,-88.13942381150264,2724.162620744988,0.093129272407634,23156.750303169,-3280.8398950175,6.245728,9.84848485,9.84848485,0.4621342,3.10924904,2722.98432,178.15997,3.10924904,-3.13647896,0,1,-0.523,0,0.00358305692,0.107733251,0.348,0,0.109838472,0.27459618,0.272779224,0,0,0.00306796875,-1,-0.220215302,0,357.708315,-357.708315,360,2.29168546,0.0399899112,0.0391738102,0.0427568671,0,0,0,-100,-100,-2.8,-12.8398127,0,0,0,-0,-0.270596433,-0.132213417,-0.105107331,0.0117779305,0.0030828733,0.00244619803,-0.00411049773,-0.00245964852,0.00490584655,0.00245292327,-0.013391361,-0.00373886799,0,0,52126,94.7745,1.29953,13.3288,198.546,0.340957,17.5375,232.675,2507.01,65,65,0.007451431752811267,-0.000240744555203568705,20945522.3435009345,-0.116665249387683578
22.4,-0.1221122632468353,0.07544214084376172,-0.09078553085153082,-0.01366456131347536,0.0004978214663303309,-0.04027723798496365,-0.1180228239463331,0.07560857718242625,-0.08994583530719569,7.452211835,2028334.925,108.222907657,1527.1126702,107.5697211105475,0.237260540162751,11.86998522660581,-1.141364648215677,-0.009936874257187936,0.2395033867743415,-0.4327392447435194,-0.1098688169721117,-1.08809658196495,5.315739459258601,-0.03357458277712747,-31.27486486654573,107.569721110548,0.2372605401627714,11.86998522660591,7.51288015847056,1523.292844375161,107.6827488683171,9.993499159625696,-4.093081034409559,107.6827488683171,107.6814342607217,-4.093038786381703,-10.00767159192275, 1337.930962, 2.857725524,-7.063917207, 2.857725524, 1379.179417, 7.371507843,-7.063917207, 7.371507843, 2338.252732,55.13760484,1774,40.97745208568207,-1.499436302142052,36.83934611048478,19876.91278293,23157.752677935,-0.2192541452887761,11.60231020560223,357.672896902694,0.994675637340912,0.0001493333185756859,0.101093982077826,-0.02000902215648271,0.7747845673761831,0.01425369710311995,-0.6319086033365197,-0.01404362146607606,-0.7747957737470057,-0.01476955232172152,0.6318967567380247,0.01341111971314502,6.2969360143927,0.12561146969939,0.0074813270698971,0.0075316992787061,-0.00024222062309298,20945495.28538395,34109.28750102374,2734.936340387419,20945523.05829803,-88.54819132116245,2734.936340387419,0.093547079820858,23157.752677935,-3280.8398950097,6.2455697,9.84848485,9.84848485,0.46211485,3.10922706,2733.75519,178.158711,3.10922706,-3.13634264,0,1,-0.523,0,0.00382670673,0.115046581,0.348,0,0.117175459,0.292938648,0.291092841,0,0,0.00306796875,-1,-0.233049724,0,357.699244,-357.699244,360,2.30075641,0.0401481994,0.0392174748,0.0430441815,0,0,0,-100,-100,-2.8,-12.8076716,0,0,0,-0,-0.271903753,-0.132852174,-0.10574553,0.0120778489,0.00316137696,0.00244619803,-0.00421516928,-0.00245964852,0.00490584655,0.00245292327,-0.0133845962,-0.00373697927,0,0,52115,94.7546,1.29953,13.3282,198.544,0.338982,17.5814,232.61,2506.5,65,65,0.0074809025439503676,-0.000241862736581824014,20945523.3458748423,-0.118022823946333094
22.5,-0.1234823812330061,0.0755351910850502,-0.09481771871099971,-0.0137243512096614,0.00145521111534559,-0.04038834919573681,-0.1193930795215031,0.07570210840598533,-0.0939774487693936,7.436725492,2026205.053,108.112227734,1527.09346093,107.4557178425539,0.2361997692937212,11.89397739655891,-1.138699995607254,-0.01056998854101726,0.2403558746072179,-0.4331930974744189,-0.1174605132286851,-1.085532433125762,5.322598461104006,-0.03349716748024173,-31.27315981434562,107.4557178425544,0.2361997692937416,11.89397739655901,7.469581932650801,1523.28147884027,107.5740674252945,9.961260386214786,-4.104521262662585,107.5740674252945,107.572751896179,-4.104478955999688,-9.975474308637896, 1337.930962, 2.857725524,-7.063917207, 2.857725524, 1379.179417, 7.371507843,-7.063917207, 7.371507843, 2338.252732,55.13760484,1774,40.97745208568207,-1.499436302142052,36.83934611048478,19877.911940616,23158.751835621,-0.2334349844389423,11.60985082860992,357.6634133247703,0.9946673405887471,3.595613971997079e-05,0.1011619080291345,-0.02007856163101812,0.7748265712875474,0.01422270526310516,-0.6318549090010096,-0.01417296909994959,-0.7748379326016441,-0.01474082039467648,0.6318430339789837,0.0135376079103677,6.3162010748386,0.12517789108838,0.0075107680977362,0.007561338532259,-0.00024334180759334,20945496.03450743,34261.61622351134,2745.699179065227,20945524.05603639,-88.95806511634146,2745.699179065227,0.093964887234082,23158.751835621,-3280.8398950085,6.24540418,9.84848485,9.84848485,0.462095564,3.10920472,2744.51524,178.15743,3.10920472,-3.13619946,0,1,-0.523,0,0.00407420907,0.122475515,0.348,0,0.124628294,0.311570734,0.309695911,0,0,0.00306796875,-1,-0.246081715,0,357.689759,-357.689759,360,2.31024069,0.0403137,0.0392669069,0.0433411159,0,0,0,-100,-100,-2.8,-12.7754743,0,0,0,-0,-0.273217752,-0.133494193,-0.106387013,0.0123835847,0.00324140329,0.00244619803,-0.00432187105,-0.00245964852,0.00490584655,0.00245292327,-0.0133752696,-0.00373437527,0,0,52104.1,94.7348,1.29953,13.3275,198.543,0.33692,17.6255,232.544,2506,65,65,0.00751034357113904757,-0.000242983942496974564,20945524.3450320996,-0.119393079521503062
22.6,-0.1248533603220837,0.07572248443753327,-0.09886413249777634,-0.01367278469576399,0.002373573909923641,-0.04057106079159817,-0.1207641977325733,0.0758899094027061,-0.09802328670211459,7.421296083,2024080.86,108.001835248,1527.07351575,107.341982261773,0.2350702759377814,11.91805366296274,-1.136013518409405,-0.01130682129535132,0.24120150452719,-0.4334630298632121,-0.1251582881797966,-1.08297153112215,5.329503994203253,-0.03341202826355378,-31.27163402370545,107.3419822617735,0.2350702759378019,11.91805366296284,7.426247518672564,1523.269348824601,107.4656422756429,9.928983913921435,-4.116725125063065,107.4656422756429,107.4643258685278,-4.116682760627332,-9.943239195851131, 1337.930962, 2.857725524,-7.063917207, 2.857725524, 1379.179417, 7.371507843,-7.063917207, 7.371507843, 2338.252732,55.13760484,1774,40.97745208568207,-1.499436302142052,36.83934611048478,19878.907876525,23159.747771531,-0.2478376264351639,11.61740098525647,357.6535152829774,0.9946589384891436,-7.896555655258811e-05,0.101229973420743,-0.02015148454399435,0.7748685994999627,0.01419301401421517,-0.6318010413982103,-0.01430580128115448,-0.7748801195600187,-0.0147133885240487,0.6317891370994052,0.01366758032647371,6.3355342886529,0.12470663395106,0.0075401794295465,0.0075909478898268,-0.00024446622566281,20945496.77929913,34413.94377130981,2756.451162416129,20945525.05054884,-89.36912102741189,2756.451162416129,0.094382694647306,23159.747771531,-3280.8398950073,6.24523142,9.84848485,9.84848485,0.46207634,3.10918199,2755.26448,178.156128,3.10918199,-3.13604943,0,1,-0.523,0,0.00432558259,0.130020595,0.348,0,0.132197309,0.330493273,0.328589402,0,0,0.00306796875,-1,-0.259309059,0,357.679861,-357.679861,360,2.32013946,0.0404864336,0.0393221774,0.04364776,0,0,0,-100,-100,-2.8,-12.7432392,0,0,0,-0,-0.274538185,-0.134139357,-0.107031659,0.0126951833,0.00332296423,0.00244619803,-0.00443061898,-0.00245964852,0.00490584655,0.00245292327,-0.0133628842,-0.00373091728,0,0,52093.2,94.715,1.29953,13.3268,198.541,0.33475,17.6697,232.479,2505.5,65,65,0.00753975490448379002,-0.000244108380377714476,20945525.3409679905,-0.120764197732573339
22.7,-0.1262146674713803,0.07599886133317441,-0.1029324852914049,-0.01352349902518305,0.003227077096705984,-0.0408372373713931,-0.1221256456894441,0.07616682073062622,-0.1020910615205527,7.405923744,2021962.384,107.891732136,1527.0528241,107.2285163693507,0.233862464010965,11.94221289625893,-1.133308677314374,-0.01212983170939846,0.2420299758644262,-0.4335502436458114,-0.132961167856585,-1.080418388597893,5.3364565476388,-0.03331818891371598,-31.27028641229782,107.2285163693512,0.2338624640109856,11.94221289625903,7.382895267751861,1523.256443766517,107.3574728662096,9.896688054137881,-4.129703212570056,107.3574728662096,107.3561556221756,-4.129660791116546,-9.910984565687789, 1337.930962, 2.857725524,-7.063917207, 2.857725524, 1379.179417, 7.371507843,-7.063917207, 7.371507843, 2338.252732,55.13760484,1774,40.97745208568207,-1.499436302142052,36.83934611048478,19879.900587801,23160.740482806,-0.2624621636712117,11.62496964052484,357.6432008804878,0.9946504213201317,-0.0001954284589881319,0.1012982577499258,-0.02022780641175839,0.7749107013557597,0.0141646366717394,-0.6317469374444231,-0.01444212663960179,-0.7749223840096953,-0.01468726997102873,0.6317350029903744,0.01380104555024837,6.3549349988208,0.12419248816904,0.0075695611353897,0.0076205274219431,-0.00024559408764183,20945497.51975634,34566.27006744217,2767.192316045567,20945526.04183253,-89.78143594815629,2767.192316045567,0.09480050206053,23160.740482806,-3280.8398950224,6.2450514,9.84848485,9.84848485,0.462057178,3.10915887,2766.00295,178.154803,3.10915887,-3.13589254,0,1,-0.523,0,0.00458082892,0.137681854,0.348,0,0.139882352,0.34970588,0.347773044,0,0,0.00306796875,-1,-0.272729145,0,357.669545,-357.669545,360,2.33045462,0.0406664332,0.0393833552,0.0439641842,0,0,0,-100,-100,-2.8,-12.7109846,0,0,0,-0,-0.275864809,-0.134787546,-0.10767935,0.0130126707,0.00340606656,0.00244619803,-0.00454142208,-0.00245964852,0.00490584655,0.00245292327,-0.0133470081,-0.00372648467,0,0,52082.4,94.6953,1.29953,13.3262,198.539,0.332458,17.714,232.414,2505,65,65,0.00756913661400989302,-0.000245236260549922317,20945526.3336796239,-0.122125645689444076
22.8,-0.1275571906607851,0.07635708751422501,-0.1070315664856506,-0.01329136418393832,0.004001059895158859,-0.04119622565570848,-0.1234683115189292,0.07652560833105178,-0.1061895620010493,7.390608547,2019849.65,107.781919887,1527.03137553,107.1153218364434,0.2325685831195967,11.96645286444196,-1.130588595267529,-0.01301958089454017,0.2428295499324733,-0.4334582867857826,-0.1408679503149149,-1.077877137346601,5.34345616516226,-0.03321489882798021,-31.26911357903561,107.1153218364439,0.2325685831196173,11.96645286444206,7.339543295597648,1523.242753214108,107.2495582107235,9.864390882546191,-4.143466006688093,107.2495582107235,107.2482401684054,-4.143423528864289,-9.87872849450339, 1337.930962, 2.857725524,-7.063917207, 2.857725524, 1379.179417, 7.371507843,-7.063917207, 7.371507843, 2338.252732,55.13760484,1774,40.97745208568207,-1.499436302142052,36.83934611048478,19880.890073393,23161.729968401,-0.2773078708709875,11.63256513090406,357.6324673766247,0.9946417796971804,-0.0003134214853833216,0.1013668349574438,-0.02030755077571955,0.774952922506611,0.0141375977204281,-0.6316925382234322,-0.01458195398414404,-0.7749647716478569,-0.01466248916880675,0.6316805727009828,0.01393801235176502,6.3744019802312,0.12363120469955,0.0075989132851154,0.0076500771989278,-0.00024672560675337,20945498.2558782,34718.59503388061,2777.922665481689,20945527.02988641,-90.19508782614139,2777.922665481689,0.095218309473754,23161.729968401,-3280.8398950114,6.24486407,9.84848485,9.84848485,0.46203808,3.10913531,2776.73068,178.153453,3.10913531,-3.13572876,0,1,-0.523,0,0.00483993539,0.145458899,0.348,0,0.147682868,0.369207169,0.367245541,0,0,0.00306796875,-1,-0.286339135,0,357.658811,-357.658811,360,2.34118892,0.0408537466,0.0394505077,0.044290443,0,0,0,-100,-100,-2.8,-12.6787285,0,0,0,-0,-0.277197376,-0.135438638,-0.108329965,0.013336056,0.00349071266,0.00244619803,-0.00465428355,-0.00245964852,0.00490584655,0.00245292327,-0.0133272843,-0.00372097777,0,0,52071.6,94.6756,1.29953,13.3255,198.538,0.330029,17.7585,232.349,2504.5,65,65,0.00759848876954026531,-0.000246367796210530824,20945527.3231659271,-0.123468311518929202
22.9,-0.1288733519765318,0.07678892356745161,-0.1111709744047526,-0.0129922523428748,0.004690789718563052,-0.04165452977613174,-0.1247846174465067,0.07695803306749417,-0.1103283859082302,7.375350505,2017742.677,107.672399563,1527.00915965,107.0024000311022,0.2311828893468535,11.99077018752357,-1.127856211797314,-0.01395537392832857,0.2435891083849597,-0.433193076291186,-0.1488773095686341,-1.075351461595452,5.350502422389023,-0.03310164727003746,-31.268109782726,107.0024000311027,0.2311828893468742,11.99077018752367,7.296209243259989,1523.228266842744,107.1418969318229,9.832110000000977,-4.158023861507776,107.1418969318229,107.1405781274361,-4.157981327854207,-9.846488583770549, 1337.930962, 2.857725524,-7.063917207, 2.857725524, 1379.179417, 7.371507843,-7.063917207, 7.371507843, 2338.252732,55.13760484,1774,40.97745208568207,-1.499436302142052,36.83934611048478,19881.876334045,23162.716229049,-0.2923733725163121,11.64019500481418,357.6213110902145,0.9946330046987585,-0.0004329271770975927,0.1014357720744789,-0.02039074990364553,0.7749953040454762,0.01411193232441179,-0.6316377900319847,-0.01472529378455169,-0.7750073236144895,-0.01463908123344045,0.6316257924840143,0.01407849116515286,6.3939334115292,0.12301958613572,0.0076282359482481,0.0076795972907738,-0.00024786099907045,20945498.9876656,34870.91859155833,2788.642236134094,20945528.01471125,-90.61015565084381,2788.642236134094,0.095636116886978,23162.716229049,-3280.8398950134,6.24466935,9.84848485,9.84848485,0.462019045,3.1091113,2787.44769,178.152078,3.1091113,-3.13555805,0,1,-0.523,0,0.005102878,0.153351,0.348,0,0.155597991,0.388994978,0.387004799,0,0,0.00306796875,-1,-0.300136128,0,357.647654,-357.647654,360,2.35234603,0.0410484382,0.0395237015,0.0446265795,0,0,0,-100,-100,-2.8,-12.6464886,0,0,0,-0,-0.278535643,-0.136092515,-0.108983385,0.0136653349,0.00357690142,0.00244619803,-0.00476920189,-0.00245964852,0.00490584655,0.00245292327,-0.0133034385,-0.00371432004,0,0,52060.8,94.6559,1.29953,13.3249,198.536,0.327454,17.8031,232.284,2504,65,65,0.00762781144058374654,-0.00024750320339546008,20945528.3094276227,-0.124784617446506679
23,-0.1301571962999682,0.07728603141947994,-0.1153608220738242,-0.0126427736730751,0.005299443197694345,-0.04221561441449083,-0.1260686084844667,0.07745575722356594,-0.1145176457690948,7.360149575,2015641.478,107.563171826,1526.98616619,106.8897520312916,0.2297017399752157,12.01516046705266,-1.12511440186939,-0.01491593891838264,0.2442995625071767,-0.4327625973219575,-0.1569878931377904,-1.072844593502476,5.357594462926959,-0.03297816972206325,-31.2672672411901,106.8897520312921,0.2297017399752365,12.01516046705276,7.252910052990631,1523.212974462546,107.0344873065152,9.799862308408304,-4.173386995841698,107.0344873065152,107.0331677739139,-4.173344406793578,-9.814281735962886, 1337.930962, 2.857725524,-7.063917207, 2.857725524, 1379.179417, 7.371507843,-7.063917207, 7.371507843, 2338.252732,55.13760484,1774,40.97745208568207,-1.499436302142052,36.83934611048478,19882.85937221,23163.699267216,-0.3076568148209944,11.64786596328745,357.609727331259,0.9946240879069971,-0.000553923140501902,0.1015051287416819,-0.02047744523770436,0.7750378821952365,0.01408768562484774,-0.6315826447486016,-0.0148721595076173,-0.7750500761821664,-0.01461709126190581,0.6315706141651494,0.01422249542504466,6.4135269402908,0.12235554258171,0.0076575291938867,0.0077090877670452,-0.00024900048347995,20945499.7151212,35023.24066038282,2799.35105325698,20945528.99630952,-91.02671944041504,2799.35105325698,0.096053924300202,23163.699267216,-3280.8398950121,6.24446718,9.84848485,9.84848485,0.462000072,3.10908682,2798.15402,178.150675,3.10908682,-3.13538036,0,1,-0.523,0,0.00536962438,0.161357179,0.348,0,0.163626638,0.409066595,0.407048153,0,0,0.00306796875,-1,-0.314117317,0,357.636069,-357.636069,360,2.36393064,0.0412505896,0.0396030039,0.0449726283,0,0,0,-100,-100,-2.8,-12.6142817,0,0,0,-0,-0.279879373,-0.136749062,-0.109639493,0.0140004931,0.00366462906,0.00244619803,-0.00488617208,-0.00245964852,0.00490584655,0.00245292327,-0.0132752844,-0.00370645941,0,0,52050,94.6363,1.29953,13.3242,198.534,0.324725,17.8478,232.22,2503.5,65,65,0.00765710469623482205,-0.000248642700944051698,20945529.2924671397,-0.126068608484466743
23.1,-0.1312618184778738,0.07784034418866258,-0.1196090662920232,-0.002442579613847298,0.005813797229574004,-0.0427226612995719,-0.1271733796026457,0.07801071436742185,-0.1187652979469131,7.345005663,2013546.056,107.454236963,1526.96238452,106.777378629358,0.2281233089803276,12.03961851970252,-1.12236591503703,-0.01588072631597312,0.2449535170114352,-0.43217652694835,-0.1652245736828836,-1.070360351872294,5.364731137053378,-0.03287112437547297,-31.26657658996184,106.7773786293585,0.2281233089803485,12.03961851970261,7.209661783308044,1523.196865543632,106.9273272915119,9.767663824997376,-4.189565967624236,106.927327291512,106.9260070622742,-4.189523323513982,-9.782123968831147, 1337.930962, 2.857725524,-7.063917207, 2.857725524, 1379.179417, 7.371507843,-7.063917207, 7.371507843, 2338.252732,55.13760484,1774,40.97745208568207,-1.499436302142052,36.83934611048478,19883.839192025,23164.67908703,-0.3231551270728637,11.65558387979313,357.597710378673,0.9946150213903667,-0.0006763756110471852,0.1015749572526,-0.0205676882465124,0.775080688327157,0.01406491789303685,-0.6315270597906253,-0.01502256366839258,-0.7750930607712412,-0.01459657948527766,0.6315149950954924,0.01437003761788835,6.433179804245,0.12163794561107,0.0076867930906151,0.007738548696788,-0.0002501442816597,20945500.4382493,35175.56115924411,2810.0491419166,20945529.97468535,-91.4448602333141,2810.0491419166,0.096471731713426,23164.67908703,-3280.8398950173,6.24425744,9.84848485,9.84848485,0.461981163,3.10906184,2808.84968,178.149243,3.10906184,-3.1351956,0,1,-0.523,0,0.00564012096,0.169475703,0.348,0,0.171765787,0.429414467,0.427370502,0,0,0.00306796875,-1,-0.328258707,0,357.624052,-357.624052,360,2.37594848,0.0414603009,0.0396884832,0.0453286042,0,0,0,-100,-100,-2.8,-12.582124,0,0,0,-0,-0.281228337,-0.137408166,-0.110298176,0.0143415051,0.00375388895,0.00244619803,-0.00500518527,-0.00250518527,0.0049513833,0.00247569165,-0.0132427166,-0.00369736647,0,0,52039.2,94.6168,1.29953,13.3236,198.533,0.321835,17.8927,232.155,2503,65,65,0.00768636860508571836,-0.0002497865104711475,20945530.2722885832,-0.127173379602645742
23.2,-0.1304715144834611,0.07844137944996776,-0.1239021195125646,0.01947177167511127,0.00624546507035412,-0.04323949756696333,-0.1263832268843308,0.07861242374232205,-0.1230577547742276,7.329918627,2011456.408,107.345594911,1526.93780066,106.6652803668154,0.2264596366823834,12.06413806224969,-1.119613345716522,-0.01648850408251867,0.2455356770502419,-0.4314467457956148,-0.1735621275447503,-1.067900466490971,5.371910366404748,-0.03280281591442221,-31.26602615717669,106.6652803668158,0.2264596366824044,12.06413806224979,7.166479419132403,1523.179926240464,106.8204144450118,9.735529487394464,-4.206574649210766,106.8204144450118,106.8190935485528,-4.206531950271361,-9.750030220478688, 1337.930962, 2.857725524,-7.063917207, 2.857725524, 1379.179417, 7.371507843,-7.063917207, 7.371507843, 2338.252732,55.13760484,1774,40.97745208568207,-1.499436302142052,36.83934611048478,19884.815799139,23165.655694141,-0.3387813568026421,11.66335370949068,357.5852547527875,0.9946057985938579,-0.000799523102624692,0.1016452868530374,-0.02066160271726526,0.7751237384885238,0.0140442550826235,-0.6314710098461923,-0.01517605530362112,-0.7751362930863956,-0.01457817183075297,0.6314589094177616,0.01452066676448826,6.4528886604396,0.12087306467613,0.0077160277063997,0.0077679801484261,-0.00025129261871112,20945501.15705575,35327.88000578339,2820.736526953624,20945530.94984442,-91.86466031958116,2820.736526953624,0.09688953912665,23165.655694141,-3280.8398950128,6.24404005,9.84848485,9.84848485,0.461962316,3.10903634,2819.53472,178.147782,3.10903634,-3.13500371,0,1,-0.523,0,0.00591285012,0.174,0.348,0,0.176280218,0.440700546,0.440689528,0,0,0.00306796875,-1,-0.341996603,0,357.611595,-357.611595,360,2.38840502,0.0416776676,0.0397802093,0.0456930594,0,0,0,-100,-100,-2.8,-12.5500302,0,0,0,-0,-0.282582319,-0.138069721,-0.110959329,0.0146869798,0.00384431697,0.00244619803,-0.00512575595,-0.00262575595,0.00507195398,0.00253597699,-0.0132060833,-0.00368713845,0,0,52028.5,94.5973,1.29953,13.3229,198.531,0.318765,17.9376,232.091,2502.51,65,65,0.00771560323523812555,-0.000250934856464759539,20945531.2488974184,-0.12638322688433079
23.3,-0.1277389537201577,0.07908472621130085,-0.1282584262401813,0.03603343493738669,0.006662817216195157,-0.0439892627115043,-0.1236508198316538,0.07925647778851988,-0.1274134610575349,7.314888269,2009372.525,107.2372452,1526.91241266,106.5534573959737,0.2247599758580394,12.08871201143825,-1.116862053624284,-0.01654171777933189,0.2460506761204293,-0.4305859728975214,-0.1818498834131591,-1.06546251987632,5.379128336927146,-0.03273575420017993,-31.26560310429466,106.5534573959742,0.2247599758580605,12.08871201143834,7.12337668835734,1523.162154777918,106.713746486761,9.703472996230284,-4.224414840962779,106.713746486761,106.7124249504721,-4.224372087332081,-9.718014191976573, 1337.930962, 2.857725524,-7.063917207, 2.857725524, 1379.179417, 7.371507843,-7.063917207, 7.371507843, 2338.252732,55.13760484,1774,40.97745208568207,-1.499436302142052,36.83934611048478,19885.789200656,23166.629095664,-0.3543281381218726,11.67117959388945,357.5723551825573,0.9945964149893097,-0.0009215593205340177,0.1017161176730113,-0.02075941772694129,0.7751670295718607,0.01402713634387618,-0.631414491625135,-0.0153315190539257,-0.7751797691067963,-0.01456330744018271,0.631402352596694,0.01467326750580425,6.4726497502568,0.12008707818312,0.0077452331085496,0.007797382189722,-0.00025244572220423,20945501.87154784,35480.19711674196,2831.413232968668,20945531.92179384,-92.28620289171522,2831.413232968668,0.097307346539874,23166.629095664,-3280.8398950114,6.24381491,9.84848485,9.84848485,0.461943531,3.10901029,2830.20914,178.14629,3.10901029,-3.13480462,0,1,-0.523,0,0.00618419264,0.174,0.348,0,0.176235503,0.440588756,0.44060286,0,0,0.00306796875,-1,-0.35507686,0,357.598694,-357.598694,360,2.40130554,0.0419027817,0.039878253,0.0460624456,0,0,0,-100,-100,-2.8,-12.5180142,0,0,0,-0,-0.283941116,-0.138733629,-0.11162285,0.0150328228,0.00393484137,0.00244619803,-0.00524645515,-0.00274645515,0.00519265318,0.00259632659,-0.0131673691,-0.00367632946,0,0,52017.8,94.5779,1.29953,13.3223,198.53,0.315584,17.9826,232.027,2502.01,65,65,0.007744808654318148,-0.000252087965089625471,20945532.2223002911,-0.123650819831653783
23.4,-0.1235565933255716,0.07976992834001183,-0.1326954810772532,0.04816308173040537,0.007085294369095144,-0.04484496351034897,-0.1194686156859276,0.07994242341526907,-0.13184991161158,7.299914329,2007294.387,107.129186898,1526.88622996,106.4419092901565,0.2230813491295871,12.11333425190815,-1.114118023682463,-0.01602177977380567,0.24651078350578,-0.429605215406589,-0.190000022247217,-1.06304674172926,5.386381361013033,-0.03267482516509115,-31.26529647150717,106.441909290157,0.2230813491296082,12.11333425190825,7.080366120952036,1523.143560769592,106.6073212217867,9.67150687361789,-4.243076952992645,106.6073212217868,106.6059990711678,-4.243034144718179,-9.686088405833056, 1337.930962, 2.857725524,-7.063917207, 2.857725524, 1379.179417, 7.371507843,-7.063917207, 7.371507843, 2338.252732,55.13760484,1774,40.97745208568207,-1.499436302142052,36.83934611048478,19886.759404991,23167.599299998,-0.3696258077200348,11.67906548390029,357.559004234273,0.9945868662905881,-0.001041003346032184,0.1017874543768798,-0.02086134812939627,0.7752105618468638,0.01401476070814522,-0.6313574988019092,-0.01548805959313675,-0.7752234883601606,-0.01455318533393242,0.6313453172454402,0.01482694451310263,6.4924598488083,0.11931042697793,0.0077744093637677,0.0078267548878279,-0.00025360381848365,20945502.58173417,35632.51240931159,2842.079284341008,20945532.89054204,-92.70957069426368,2842.079284341008,0.097725153953098,23167.599299998,-3280.8398950134,6.24358189,9.84848485,9.84848485,0.461924809,3.10898368,2840.87299,178.144765,3.10898368,-3.13459822,0,1,-0.523,0,0.00645118735,0.174,0.348,0,0.176164695,0.440411736,0.440431584,0,0,0.00153398437,-1,-0.367501468,0,357.585343,-357.585343,360,2.41465747,0.0421357729,0.0399826871,0.0464338744,0,0,0,-100,-100,-2.8,-12.4860884,0,0,0,-0,-0.28530454,-0.139399798,-0.112288647,0.0153755236,0.00402454331,0.00244619803,-0.00536605774,-0.00286605774,0.00531225577,0.00265612789,-0.0131289982,-0.00366561629,0,0,52007.2,94.5585,1.29953,13.3216,198.528,0.312385,18.0278,231.963,2501.52,65,65,0.00777398492930622687,-0.000253246061516486343,20945533.1925052367,-0.119468615685927634
23.5,-0.118331845614582,0.08049794053739631,-0.1372185705034583,0.05663160724906954,0.007520733227230104,-0.04569096240099213,-0.1142440268715798,0.08067121778741568,-0.136372392996382,7.284996483,2005221.967,107.021418608,1526.85926943,106.3306350275396,0.2214810843309047,12.13799989907042,-1.1113871533533,-0.01494092728783689,0.2469282239357149,-0.4285133234931884,-0.1979497974759108,-1.060654428579639,5.393666135529892,-0.0326251830450769,-31.26509748467727,106.3306350275401,0.221481084330926,12.13799989907051,7.037459254422968,1523.124161311785,106.5011363766806,9.639642662404871,-4.262543911470718,106.5011363766806,106.4998136354498,-4.262501048514102,-9.654264405239736, 1337.930962, 2.857725524,-7.063917207, 2.857725524, 1379.179417, 7.371507843,-7.063917207, 7.371507843, 2338.252732,55.13760484,1774,40.97745208568207,-1.499436302142052,36.83934611048478,19887.726421736,23168.566316737,-0.3845502442671463,11.68701538264766,357.5451932747537,0.9945771480979415,-0.001156768467028907,0.1018593098075653,-0.02096757910694024,0.7752543412858802,0.01400802749641932,-0.6313000191872838,-0.01564503937964415,-0.7752674562845798,-0.01454870481698641,0.6312877903526677,0.01498106023723763,6.5123164089724,0.11857383874576,0.0078035565381479,0.0078560983092826,-0.00025476713018989,20945503.28762453,35784.82580204037,2852.734705227391,20945533.85609862,-93.13484511769639,2852.734705227391,0.098142961366322,23168.566316737,-3280.8398950088,6.24334085,9.84848485,9.84848485,0.461906148,3.10895647,2851.52629,178.143206,3.10895647,-3.13438438,0,1,-0.523,0,0.0067116679,0.174,0.348,0,0.176075042,0.440187605,0.44021152,0,0,0.00153398437,-1,-0.379285725,0,357.571531,-357.571531,360,2.42846945,0.0423767919,0.0400935877,0.0468052556,0,0,0,-100,-100,-2.8,-12.4542644,0,0,0,-0,-0.286672413,-0.140068141,-0.112956632,0.0157124857,0.00411274313,0.00244619803,-0.00548365751,-0.00298365751,0.00542985554,0.00271492777,-0.0130934368,-0.00365568757,0,0,51996.5,94.5392,1.29953,13.321,198.527,0.309262,18.073,231.899,2501.03,65,65,0.00780313212651475782,-0.00025440936750244133,20945534.1595215909,-0.114244026871579765
23.6,-0.1124006277851144,0.08127004315277843,-0.1418220110478189,0.06209047706903283,0.007967210083811375,-0.04642518396935625,-0.1083129706997939,0.08144414317057851,-0.1409752217049906,7.270134349,2003155.228,106.91393848,1526.83155316,106.219633011779,0.220013959663679,12.1627052105956,-1.10867500157357,-0.0133376816989707,0.2473134147141565,-0.4273172066589268,-0.2056567548470457,-1.058287690723163,5.400979816440751,-0.03259186865634561,-31.26499932639634,106.2196330117795,0.2200139596637003,12.16270521059569,6.994666841501384,1523.10397872252,106.3951895054003,9.607891130290087,-4.282793419923796,106.3951895054004,106.3938661955776,-4.282750502164619,-9.622552958184214, 1337.930962, 2.857725524,-7.063917207, 2.857725524, 1379.179417, 7.371507843,-7.063917207, 7.371507843, 2338.252732,55.13760484,1774,40.97745208568207,-1.499436302142052,36.83934611048478,19888.690261632,23169.530156639,-0.3990147595894266,11.6950334376716,357.5309136570294,0.9945672558459139,-0.001268092813959257,0.1019317044431711,-0.02107826295153537,0.7752983791429345,0.01400758308794272,-0.6312420350758062,-0.01580202732967127,-0.7753116837680974,-0.01455051224774418,0.6312297535952652,0.01513518358219857,6.5322175169337,0.1179067986748,0.0078326746971397,0.0078854125199766,-0.00025593587453236,20945503.98922984,35937.13721546403,2863.379519549266,20945534.81847433,-93.56210556705628,2863.379519549266,0.098560768779546,23169.530156639,-3280.8398950107,6.24309162,9.84848485,9.84848485,0.46188755,3.10892865,2862.16906,178.141612,3.10892865,-3.13416297,0,1,-0.523,0,0.00696412132,0.174,0.348,0,0.175972523,0.439931308,0.43995791,0,0,0.00153398437,-1,-0.390455343,0,357.55725,-357.55725,360,2.44275012,0.0426259896,0.0402110348,0.0471751562,0,0,0,-100,-100,-2.8,-12.422553,0,0,0,-0,-0.288044567,-0.140738576,-0.113626723,0.0160418655,0.00419895829,0.00244619803,-0.00559861105,-0.00309861105,0.00554480908,0.00277240454,-0.0130630695,-0.00364720901,0,0,51985.9,94.5199,1.29953,13.3203,198.525,0.306304,18.1183,231.835,2500.53,65,65,0.00783225031155697186,-0.000255578099619570038,20945535.1233598851,-0.108312970699793884
23.7,-0.1060381954178995,0.08208697650981742,-0.1464905887425987,0.06509526301304823,0.008415576187440542,-0.04696087583409096,-0.101950702864987,0.08226194128033253,-0.1456431836367254,7.255327483,2001094.127,106.806744223,1526.80310657,106.1089011152565,0.2187298062504821,12.18744735366412,-1.105986592776405,-0.01127216098260986,0.2476738830778373,-0.426022303897156,-0.2130947031317685,-1.055949185515534,5.408320028354079,-0.03257949624544835,-31.26499665596076,106.108901115257,0.2187298062505035,12.18744735366421,6.951999022352457,1523.083038719708,106.2894779211629,9.576262439106795,-4.303799781324837,106.2894779211629,106.2881540631319,-4.303756808564025,-9.590964226730899, 1337.930962, 2.857725524,-7.063917207, 2.857725524, 1379.179417, 7.371507843,-7.063917207, 7.371507843, 2338.252732,55.13760484,1774,40.97745208568207,-1.499436302142052,36.83934611048478,19889.650936421,23170.490831425,-0.4129632433791373,11.70312393489597,357.5161577716327,0.9945571848627982,-0.001374480781477284,0.1020046652016483,-0.02119351592980573,0.7753426911505733,0.01401386012181611,-0.6311835241330953,-0.0159587551769928,-0.775356186311624,-0.01455904024027636,0.6311711841963871,0.01528904626543832,6.552161769162,0.11733625627181,0.0078617639054916,0.0079146975850942,-0.00025711026211921,20945504.68656205,36089.44657253363,2874.013750971899,20945535.77768094,-93.99142903419852,2874.013750971899,0.09897857619277,23170.490831425,-3280.8398950126,6.24283408,9.84848485,9.84848485,0.461869014,3.10890021,2872.80134,178.139982,3.10890021,-3.13393388,0,1,-0.523,0,0.00720756829,0.174,0.348,0,0.175862041,0.439655103,0.439683264,0,0,0.00153398437,-1,-0.401043834,0,357.542493,-357.542493,360,2.45750709,0.0428834987,0.0403351114,0.0475426797,0,0,0,-100,-100,-2.8,-12.3909642,0,0,0,-0,-0.289420842,-0.141411023,-0.114298839,0.0163624363,0.00428286771,0.00244619803,-0.00571049029,-0.00321049029,0.00565668831,0.00282834416,-0.0130400929,-0.00364079395,0,0,51975.4,94.5006,1.29953,13.3197,198.524,0.303596,18.1637,231.772,2500.04,65,65,0.00786133954929316321,-0.000256752468047678696,20945536.0840317346,-0.101950702864987031
23.8,-0.09946787913689627,0.08294834293131265,-0.151201152059789,0.06612369506859321,0.00885223227839616,-0.04722785826170782,-0.0953805541012131,0.08312421532647628,-0.1503531270555624,7.240575388,1999038.61,106.699833127,1526.77395705,105.9984367392952,0.2176715798712827,12.21222409411803,-1.103326278957607,-0.008821328050732796,0.2480138223859853,-0.4246331807274402,-0.2202503022281108,-1.053641850300381,5.415684829933863,-0.03259200684385832,-31.26508500417009,105.9984367392957,0.2176715798713043,12.21222409411813,6.909465442367873,1523.061368970356,106.183998655152,9.544766260241813,-4.325535349068775,106.183998655152,106.1826742677085,-4.325492321031579,-9.55950788243981, 1337.930962, 2.857725524,-7.063917207, 2.857725524, 1379.179417, 7.371507843,-7.063917207, 7.371507843, 2338.252732,55.13760484,1774,40.97745208568207,-1.499436302142052,36.83934611048478,19890.608458892,23171.448353898,-0.4263643226388444,11.71129121838802,357.5009199448954,0.9945469305148128,-0.001475653141958265,0.1020782237639672,-0.02131341560056144,0.7753872964361089,0.01402711087291382,-0.6311244606834828,-0.01611508029901056,-0.775400982915905,-0.01457454104126517,0.6311120561880391,0.01544250564481888,6.5721481059035,0.1168855764034,0.0078908242271785,0.0079439535690413,-0.00025829049623348,20945505.37963412,36241.75379888011,2884.637422878005,20945536.73373124,-94.42288983315666,2884.637422878005,0.099396383605994,23171.448353898,-3280.8398950112,6.24256813,9.84848485,9.84848485,0.461850538,3.10887111,2883.42314,178.138315,3.10887111,-3.13369702,0,1,-0.523,0,0.00744146124,0.174,0.348,0,0.175747578,0.439368945,0.439397753,0,0,0.00153398437,-1,-0.41109016,0,357.527254,-357.527254,360,2.47274604,0.0431494184,0.040465902,0.0479073633,0,0,0,-100,-100,-2.8,-12.3595079,0,0,0,-0,-0.29080108,-0.142085408,-0.114972905,0.016673473,0.00436428155,0.00244619803,-0.00581904207,-0.00331904207,0.0057652401,0.00288262005,-0.0130264297,-0.00363697916,0,0,51964.8,94.4815,1.29953,13.3191,198.522,0.30121,18.2091,231.708,2499.56,65,65,0.00789039990376178002,-0.00025793267581877442,20945537.0415498577,-0.0953805541012130997
23.9,-0.09286822140861953,0.08385228324482634,-0.1559243054692699,0.06558933551276604,0.009261780156635093,-0.04717322968965323,-0.08878106697717511,0.08402910653832951,-0.1550756561713292,7.225877516,1996988.618,106.593202096,1526.74413275,105.8882368856319,0.2168739045579828,12.23703346650202,-1.100697657348895,-0.006074271762545241,0.2483341825193612,-0.4231541420355533,-0.2271201651969087,-1.051368649434849,5.423072654553424,-0.03263248549228889,-31.26526015334944,105.8882368856324,0.2168739045580045,12.23703346650212,6.867075308593876,1523.038997954463,106.0787484413521,9.513411829165067,-4.347971663144008,106.0787484413521,106.0774235417452,-4.347928579482836,-9.5281931608981, 1337.930962, 2.857725524,-7.063917207, 2.857725524, 1379.179417, 7.371507843,-7.063917207, 7.371507843, 2338.252732,55.13760484,1774,40.97745208568207,-1.499436302142052,36.83934611048478,19891.562842727,23172.402737733,-0.4392063522940075,11.71953956283147,357.4851971707393,0.994536488403765,-0.001571504240015569,0.1021524146203985,-0.02143799886075136,0.7754322162798664,0.01404743613616858,-0.6310648172312436,-0.01627095406520207,-0.7754460948144882,-0.01459711541554515,0.6310523419104377,0.01559551306808986,6.5921756327272,0.11657373778432,0.0079198557253221,0.0079731805353646,-0.00025947677246132,20945506.06845993,36394.05882295009,2895.250558338579,20945537.68663893,-94.85655946424959,2895.250558338579,0.099814191019218,23172.402737733,-3280.8398950131,6.24229372,9.84848485,9.84848485,0.461832124,3.10884134,2894.03449,178.136609,3.10884134,-3.13345237,0,1,-0.523,0,0.00766559694,0.174,0.348,0,0.175632323,0.439080809,0.439109539,0,0,0.00153398437,-1,-0.420636615,0,357.51153,-357.51153,360,2.48846997,0.043423801,0.0406034909,0.0482690879,0,0,0,-100,-100,-2.8,-12.3281932,0,0,0,-0,-0.292185129,-0.142761654,-0.115648845,0.0169746517,0.00444311508,0.00244619803,-0.00592415344,-0.00342415344,0.00587035147,0.00293517573,-0.0130236612,-0.0036362062,0,0,51954.3,94.4624,1.29953,13.3184,198.521,0.299208,18.2546,231.645,2499.07,65,65,0.0079194314381029994,-0.000259118918417903653,20945537.9959278889,-0.0887810669771751104
24,-0.08637890823169095,0.08479540304445023,-0.1606261488232476,0.06385180133634331,0.009629294885350449,-0.04676152456605588,-0.08229192758158556,0.08497322044897508,-0.1597768705468219,7.211233272,1994944.084,106.486847689,1526.71366174,105.7782982338407,0.2163620805894322,12.26187347191696,-1.09810353773975,-0.003127623011332598,0.2486331566329838,-0.4215897754981484,-0.233708394278674,-1.04913234862109,5.430482242112717,-0.03270303895989323,-31.26551758746204,105.7782982338412,0.216362080589454,12.26187347191706,6.824837387719746,1523.015954096406,105.9737237254207,9.482207941930859,-4.3710803187248,105.9737237254207,105.9723983293961,-4.371037179022076,-9.49702885822551, 1337.930962, 2.857725524,-7.063917207, 2.857725524, 1379.179417, 7.371507843,-7.063917207, 7.371507843, 2338.252732,55.13760484,1774,40.97745208568207,-1.499436302142052,36.83934611048478,19892.514102533,23173.353997539,-0.4514930972609497,11.72787302486718,357.4689896679224,0.9945258545872301,-0.001662065042681152,0.1022272730448624,-0.02156726090964701,0.7754774728384687,0.01407481061984821,-0.6310045660485999,-0.01642639497563689,-0.7754915441752286,-0.01462673804072833,0.6309920135805638,0.01574808701249099,6.612243455448,0.11641477668772,0.0079488584621105,0.0080023785466711,-0.0002606692785945,20945506.75305425,36546.36157604161,2905.853180083434,20945538.63641862,-95.29250657842204,2905.853180083434,0.10023199843244,23173.353997539,-3280.839895015,6.24201084,9.84848485,9.84848485,0.461813771,3.10881089,2904.63543,178.134864,3.10881089,-3.13319995,0,1,-0.523,0,0.0078800411,0.174,0.348,0,0.175518779,0.438796947,0.438825037,0,0,0.00153398437,-1,-0.429726958,0,357.495321,-357.495321,360,2.50467867,0.0437066428,0.0407479595,0.0486280006,0,0,0,-100,-100,-2.8,-12.2970289,0,0,0,-0,-0.293572841,-0.14343969,-0.116326587,0.0172659646,0.00451936625,0.00244619803,-0.00602582166,-0.00352582166,0.00597201969,0.00298600984,-0.0130329804,-0.00363880814,0,0,51943.8,94.4433,1.29953,13.3178,198.519,0.297637,18.3002,231.582,2498.58,65,65,0.00794843421448163112,-0.000260311383661390684,20945538.9471804537,-0.0822919275815855583
24.1,-0.08010580488364487,0.08577290314255794,-0.1652700085720928,0.06122430969059814,0.009942066713666698,-0.04597434483089189,-0.07601900126626523,0.08595175737396663,-0.1644200963346375,7.196642027,1992904.938,106.380766173,1526.6825714,105.6686172200954,0.2161515391267947,12.28674183631992,-1.095545951219923,-8.120683184403843e-05,0.2489069159721033,-0.4199453680315237,-0.2400244891424042,-1.046935326971007,5.437912573917709,-0.03280472978256103,-31.26585206973595,105.6686172200959,0.2161515391268167,12.28674183632002,6.782759955694179,1522.992265123648,105.8689206943157,9.451162903662977,-4.394833607362274,105.8689206943157,105.8675948161675,-4.394790411133532,-9.466023279565695, 1337.930962, 2.857725524,-7.063917207, 2.857725524, 1379.179417, 7.371507843,-7.063917207, 7.371507843, 2338.252732,55.13760484,1774,40.97745208568207,-1.499436302142052,36.83934611048478,19893.46225379,23174.302148793,-0.4632400006381386,11.7362952960411,357.4523012602825,0.9945150257937491,-0.001747471123714883,0.1023028331781124,-0.02170115524256309,0.7755230879415554,0.01410910557812177,-0.6309436806832449,-0.0165814660165967,-0.7755373528783405,-0.01466328014108357,0.6309310447821055,0.01590029044142086,6.6323505462649,0.11641746806588,0.0079778324987228,0.0080315476645518,-0.00026186819473769,20945507.43343275,36698.66199226479,2916.445310473687,20945539.58308581,-95.73079701647657,2916.445310473687,0.10064980584567,23174.302148793,-3280.8398950103,6.24171958,9.84848485,9.84848485,0.461795479,3.10877975,2915.22597,178.133079,3.10877975,-3.13293983,0,1,-0.523,0,0.00808506324,0.174,0.348,0,0.175408847,0.438522118,0.438549147,0,0,0.00153398437,-1,-0.438404778,0,357.478632,-357.478632,360,2.52136831,0.0439978769,0.0408993834,0.0489844466,0,0,0,-100,-100,-2.8,-12.2660233,0,0,0,-0,-0.294964074,-0.144119446,-0.11700606,0.0175476455,0.00459309621,0.00244619803,-0.00612412828,-0.00362412828,0.00607032631,0.00303516315,-0.0130551636,-0.00364500169,0,0,51933.4,94.4243,1.29953,13.3172,198.518,0.296528,18.3458,231.519,2498.1,65,65,0.00797740829401567299,-0.000261510251782452318,20945539.8953230307,-0.0760190012662652348
24.2,-0.07412533332593359,0.0867788579171434,-0.1698181099002271,0.05797919353409193,0.01019075575623395,-0.04480950667739364,-0.07003871004819702,0.08695879079100377,-0.1689675584313186,7.182103119,1990871.102,106.274953577,1526.65088793,105.5591901135219,0.2162477158363236,12.31163584750773,-1.093026191334445,0.002965975729051107,0.2491504538956946,-0.4182271657680197,-0.2460815794541578,-1.04477943359812,5.445362818174098,-0.03293756165719255,-31.26625737733451,105.5591901135224,0.2162477158363457,12.31163584750783,6.740850713377151,1522.967957618015,105.7643353225338,9.420284443382862,-4.419204965521666,105.7643353225338,105.7630089751693,-4.419161712219013,-9.435184153922298, 1337.930962, 2.857725524,-7.063917207, 2.857725524, 1379.179417, 7.371507843,-7.063917207, 7.371507843, 2338.252732,55.13760484,1774,40.97745208568207,-1.499436302142052,36.83934611048478,19894.407312743,23175.24720775,-0.4744709591903541,11.74480957507588,357.435139582924,0.9945039996109747,-0.001827934896127122,0.1023791263610758,-0.02183959471539573,0.7755690820462625,0.01415010919709713,-0.6308821372698549,-0.01673625577744268,-0.7755835414550348,-0.01470652987474782,0.6308694117608754,0.01605221192223897,6.6524956513282,0.11658523085401,0.0080067778952643,0.0080606879495167,-0.00026307369356412,20945508.10961186,36850.96000844823,2927.026971478087,20945540.52665676,-96.17149390253326,2927.026971478087,0.10106761325889,23175.24720775,-3280.8398950187,6.24142005,9.84848485,9.84848485,0.461777246,3.10874788,2925.80613,178.131254,3.10874788,-3.13267216,0,1,-0.523,0,0.00828108044,0.174,0.348,0,0.175303911,0.438259777,0.438285448,0,0,0,-1,-0.446712096,0,357.461469,-357.461469,360,2.53853125,0.0442973703,0.0410578296,0.0493389101,0,0,0,-100,-100,-2.8,-12.2351842,0,0,0,-0,-0.29635869,-0.144800856,-0.117687198,0.017820105,0.00466441247,0.00244619803,-0.00621921663,-0.00371921663,0.00616541466,0.00308270733,-0.0130905598,-0.00365488428,0,0,51922.9,94.4053,1.29953,13.3165,198.517,0.2959,18.3915,231.457,2497.61,65,65,0.00800635373671561117,-0.000262715695667167868,20945540.8403719179,-0.070038710048197006
24.3,-0.06848836923746195,0.08780658311263641,-0.1742331437812658,0.05435192433233911,0.01036997760961292,-0.04327975995231478,-0.06440192964104104,0.08798763517871264,-0.1733819475473284,7.167615866,1988842.498,106.169405752,1526.6186361,105.4500130872832,0.2166463069069797,12.33655227617857,-1.09054487881387,0.005919353886863654,0.2493584221792453,-0.4164424723602416,-0.2518949441522798,-1.042665891702435,5.452832289729748,-0.03310051052135113,-31.26672619841576,105.4500130872837,0.2166463069070019,12.33655227617867,6.699116684320079,1522.94305672911,105.6599634303246,9.389579611231234,-4.444169260974541,105.6599634303247,105.6586366253453,-4.444125949990555,-9.404518531389636, 1337.930962, 2.857725524,-7.063917207, 2.857725524, 1379.179417, 7.371507843,-7.063917207, 7.371507843, 2338.252732,55.13760484,1774,40.97745208568207,-1.499436302142052,36.83934611048478,19895.349296402,23176.189191409,-0.4852155472651714,11.75341847148625,357.417516122319,0.994492774630988,-0.001903721585763879,0.1024561798133813,-0.02198245366038973,0.7756154734055126,0.01419754507906927,-0.6308199155672432,-0.01689086295624867,-0.775630128242555,-0.01475621081893421,0.6308070944471085,0.01620395013266613,6.6726772430939,0.11691623928153,0.0080356947107162,0.0080897994609443,-0.00026428594067162,20945508.78160874,37003.25556400889,2937.598184654595,20945541.46714849,-96.6146577741747,2937.598184654595,0.10148542067211,23176.189191409,-3280.8398950107,6.24111246,9.84848485,9.84848485,0.461759074,3.1087153,2936.37595,178.129387,3.1087153,-3.13239716,0,1,-0.523,0,0.00846860888,0.174,0.348,0,0.175204899,0.438012248,0.438036369,0,0,0,-1,-0.45468821,0,357.443844,-357.443844,360,2.55615601,0.0446049223,0.0412233539,0.0496919628,0,0,0,-100,-100,-2.8,-12.2045185,0,0,0,-0,-0.297756562,-0.145483856,-0.118369936,0.0180838751,0.00473345431,0.00244619803,-0.00631127241,-0.00381127241,0.00625747044,0.00312873522,-0.0131390968,-0.00366843581,0,0,51912.5,94.3864,1.29953,13.3159,198.515,0.295754,18.4373,231.394,2497.13,65,65,0.00803527060143831122,-0.0002639278811924955,20945541.7823441885,-0.0644019296410410363
24.4,-0.06322378740549003,0.08884903908107088,-0.1784796892275162,0.05054408244975469,0.01047839200295404,-0.04141114881366388,-0.0591375348450312,0.08903124930111982,-0.1776278424676176,7.153179574,1986819.043,106.064118441,1526.58583907,105.3410822823951,0.2173338632864095,12.36148737611225,-1.088102041834944,0.008691914279516155,0.2495258711713753,-0.4145995990425568,-0.2574807872793718,-1.040595249590009,5.460320424559179,-0.03329159506999897,-31.26725017835524,105.3410822823956,0.2173338632864318,12.36148737611235,6.657564110314985,1522.917586022715,105.5558007491303,9.359054673684367,-4.469702944171408,105.5558007491304,105.5544734969293,-4.469659574843493,-9.37403267837866, 1337.930962, 2.857725524,-7.063917207, 2.857725524, 1379.179417, 7.371507843,-7.063917207, 7.371507843, 2338.252732,55.13760484,1774,40.97745208568207,-1.499436302142052,36.83934611048478,19896.288222447,23177.128117449,-0.49550664487475,11.76212394695172,357.3994461027627,0.9944813505433463,-0.001975128570455507,0.1025340157057773,-0.02212957098227863,0.7756622774778834,0.01425108904037837,-0.6307569996800457,-0.01704538393856719,-0.7756771287831827,-0.01481199876849244,0.6307440771633865,0.01635560144012027,6.6928935152397,0.11740371775734,0.0080645830029022,0.0081188822570478,-0.00026550509499767,20945509.44944125,37155.54860080023,2948.158971138195,20945542.40457868,-97.06034673418617,2948.158971138195,0.10190322808534,23177.128117449,-3280.8398950125,6.24079708,9.84848485,9.84848485,0.461740961,3.10868197,2946.93544,178.127477,3.10868197,-3.13211511,0,1,-0.523,0,0.00864822242,0.174,0.348,0,0.175112352,0.43778088,0.437803352,0,0,0,-1,-0.462368775,0,357.425773,-357.425773,360,2.57422736,0.0449202674,0.0413959978,0.0500442202,0,0,0,-100,-100,-2.8,-12.1740327,0,0,0,-0,-0.299157569,-0.146168388,-0.119054216,0.0183395617,0.00480038027,0.00244619803,-0.00640050702,-0.00390050702,0.00634670505,0.00317335253,-0.0132003029,-0.00368552456,0,0,51902.2,94.3676,1.29953,13.3153,198.514,0.296077,18.4831,231.332,2496.65,65,65,0.00806415894585816792,-0.000265146967624862572,20945542.7212575711,-0.0591375348450312033
24.5,-0.05834174401256342,0.08989922427337246,-0.1825254582302528,0.04672563159672755,0.01051839867040137,-0.03924108951441681,-0.05425568183391053,0.09008262974687745,-0.1816729549991931,7.138793544,1984800.655,105.959087333,1526.55251841,105.2323938630208,0.2182886729419922,12.38643695114927,-1.085697205050036,0.01120679865980789,0.2496488365394356,-0.4127076931930027,-0.2628552454293929,-1.038567375114038,5.467826767117552,-0.03350798003520115,-31.26782008860971,105.2323938630213,0.2182886729420146,12.38643695114937,6.616198358285282,1522.891567439846,105.4518429897108,9.328715020302621,-4.495784088992453,105.4518429897108,105.4505152995858,-4.495740660607614,-9.34373198437534, 1337.930962, 2.857725524,-7.063917207, 2.857725524, 1379.179417, 7.371507843,-7.063917207, 7.371507843, 2338.252732,55.13760484,1774,40.97745208568207,-1.499436302142052,36.83934611048478,19897.224109117,23178.06400412,-0.5053784358961904,11.77092729589801,357.3809482354027,0.9944697281722173,-0.002042467802257325,0.102612650633766,-0.02228075412246344,0.7757095065816573,0.01431038434316909,-0.6306933784571787,-0.01719990317015318,-0.7757245554696498,-0.0148735369680978,0.6306803490103666,0.01650725027480383,6.7131424138993,0.11803639344924,0.0080934428284738,0.00814793639486,-0.00026673130925981,20945510.11312779,37307.83906295104,2958.709351635415,20945543.3389656,-97.5086166115434,2958.709351635415,0.10232103549856,23178.06400412,-3280.839895011,6.24047423,9.84848485,9.84848485,0.461722907,3.1086479,2957.48463,178.125524,3.1086479,-3.13182633,0,1,-0.523,0,0.00882051767,0.174,0.348,0,0.175026477,0.437566192,0.437586993,0,0,0,-1,-0.469785113,0,357.407273,-357.407273,360,2.59272659,0.0452430789,0.0415757863,0.0503963039,0,0,0,-100,-100,-2.8,-12.143732,0,0,0,-0,-0.300561604,-0.146854399,-0.119739984,0.0185878035,0.00486535757,0.00244619803,-0.00648714343,-0.00398714343,0.00643334146,0.00321667073,-0.0132733407,-0.00370591671,0,0,51891.8,94.3488,1.29953,13.3147,198.513,0.296844,18.5289,231.27,2496.17,65,65,0.00809301882645673508,-0.000266373108045456187,20945543.6571303904,-0.054255681833910531
24.6,-0.05383675214429048,0.09095052494038695,-0.1863423386631533,0.04303677947964792,0.01049555769019407,-0.03681624477615397,-0.04975088366365239,0.09113516068183945,-0.1854891728783243,7.124457081,1982787.252,105.854308131,1526.51869408,105.1239440626109,0.2194818767007973,12.41139647230257,-1.083329481999403,0.01339933972168844,0.2497247444327435,-0.4107764793694919,-0.2680336053354348,-1.036581487841407,5.475350967273157,-0.03374610530525409,-31.26842608444466,105.1239440626114,0.21948187670082,12.41139647230267,6.575023849009081,1522.865021344364,105.348085908882,9.29856509246822,-4.522392344964631,105.348085908882,105.3467577891608,-4.522348856764575,-9.313620890687911, 1337.930962, 2.857725524,-7.063917207, 2.857725524, 1379.179417, 7.371507843,-7.063917207, 7.371507843, 2338.252732,55.13760484,1774,40.97745208568207,-1.499436302142052,36.83934611048478,19898.156975161,23178.996870165,-0.5148647490631379,11.77982916276461,357.3620443490773,0.994457909458793,-0.002106051092140554,0.1026920954664753,-0.02243578374714555,0.775757169775526,0.01437505541517169,-0.6306290455862863,-0.01735448606574357,-0.7757724174192682,-0.01494044983219851,0.6306159039495207,0.01665896203865055,6.733421696549,0.11879907815854,0.0081222742429135,0.0081769619302371,-0.00026796473039533,20945510.77268729,37460.12689670459,2969.249346425618,20945544.27032801,-97.95952112216764,2969.249346425618,0.10273884291179,23178.996870165,-3280.8398950161,6.2401443,9.84848485,9.84848485,0.461704913,3.10861306,2968.02354,178.123528,3.10861306,-3.13153123,0,1,-0.523,0,0.00898608507,0.174,0.348,0,0.174947203,0.437368007,0.43738718,0,0,0,-1,-0.476963751,0,357.388368,-357.388368,360,2.61163187,0.045572976,0.0417627259,0.050748811,0,0,0,-100,-100,-2.8,-12.1136209,0,0,0,-0,-0.301968569,-0.147541843,-0.120427191,0.0188292389,0.00492855327,0.00244619803,-0.00657140436,-0.00407140436,0.00651760239,0.00325880119,-0.0133570518,-0.00372928886,0,0,51881.5,94.33,1.29953,13.314,198.511,0.298015,18.5748,231.208,2495.69,65,65,0.0081218502985309169,-0.00026760644977624694,20945544.5899814554,-0.0497508836636523857
24.7,-0.04940840572837567,0.09199636419557725,-0.1899027511667204,0.04835899250763096,0.01039799073103936,-0.03405942755477183,-0.04532273421282813,0.09218226303427185,-0.1890489166726222,7.110169502,1980778.752,105.749776604,1526.48438377,105.0157292253664,0.2208788495002025,12.43636118930969,-1.080997474384427,0.01524906122210273,0.2497505170895735,-0.4088162078150006,-0.2730522194528755,-1.03463716482205,5.482892815151297,-0.03402709448086696,-31.26905790579356,105.0157292253669,0.2208788495002253,12.43636118930979,6.534044007186202,1522.837965794213,105.2445253360915,9.268608332070363,-4.549509665895417,105.2445253360915,105.2431967942664,-4.549466117081891,-9.28370283913962, 1337.930962, 2.857725524,-7.063917207, 2.857725524, 1379.179417, 7.371507843,-7.063917207, 7.371507843, 2338.252732,55.13760484,1774,40.97745208568207,-1.499436302142052,36.83934611048478,19899.086839724,23179.926734733,-0.5239927088334743,11.78882958045598,357.3427590076885,0.9944458975141199,-0.002166134676523203,0.1027723544435796,-0.02259442276365778,0.7758052722573983,0.01444475342021354,-0.6305640002697288,-0.01750914618394533,-0.77582071984284,-0.01501238851620594,0.6305507414384443,0.0168107502808278,6.7537289884904,0.11967339760253,0.0081510773005542,0.0082059589178779,-0.00026920550003188,20945511.42813905,37612.41205024647,2979.778975367929,20945545.19868505,-98.41311204093654,2979.778975367929,0.10315665032501,23179.926734733,-3280.8398950146,6.2398077,9.84848485,9.84848485,0.461686976,3.10857746,2978.55219,178.121488,3.10857746,-3.13123024,0,1,-0.523,0,0.00914539803,0.174,0.348,0,0.174870643,0.437176609,0.437196827,0,0,0,-1,-0.483860595,0,357.369081,-357.369081,360,2.63091863,0.04590953,0.0419568032,0.0511022013,0,0,0,-100,-100,-2.8,-12.0837028,0,0,0,-0,-0.303378381,-0.148230677,-0.121115795,0.0190644187,0.00499011159,0.00249011159,-0.00665348212,-0.00415348212,0.00664359372,0.00332179686,-0.0134500065,-0.00375524182,0,0,51871.2,94.3114,1.29953,13.3134,198.51,0.299538,18.6207,231.147,2495.21,65,65,0.00815065341622371771,-0.000268847134805749147,20945545.5198299773,-0.0453227342128281335
24.8,-0.04427202912024803,0.09303005170265849,-0.1931803757354432,0.05451008343294377,0.01025776554619819,-0.03120241673339206,-0.04018655776602784,0.09321724507062602,-0.1923258665714598,7.095930139,1978775.076,105.645488623,1526.4496039,104.9077458453313,0.2224529547544556,12.46132588107377,-1.078699976414787,0.01691962303380745,0.2497222669972246,-0.4068374766277536,-0.2778718687023695,-1.032730635277608,5.490451528062616,-0.03433340430240155,-31.26970446393025,104.9077458453318,0.2224529547544785,12.46132588107387,6.493261206808717,1522.810417564503,105.1411572560898,9.238847128621245,-4.577119286646834,105.1411572560898,105.1398282989632,-4.57707567638718,-9.253980219192259, 1337.930962, 2.857725524,-7.063917207, 2.857725524, 1379.179417, 7.371507843,-7.063917207, 7.371507843, 2338.252732,55.13760484,1774,40.97745208568207,-1.499436302142052,36.83934611048478,19900.013722248,23180.853617253,-0.5327216074462284,11.79792792747193,357.3231198392323,0.9944336979641708,-0.002222389067678614,0.1028534126216602,-0.02275646835989018,0.7758538074388321,0.01451956790363162,-0.6304982570528543,-0.01766350712266348,-0.7758694558125505,-0.01508944257072231,0.6304848758865673,0.01696223860053746,6.7740616452819,0.12064523561157,0.0081798520545997,0.0082349274113445,-0.00027045375523626,20945512.07950266,37764.69447343064,2990.298257908965,20945546.12405619,-98.86943947544933,2990.298257908965,0.10357445773823,23180.853617253,-3280.8398950098,6.23946493,9.84848485,9.84848485,0.461669098,3.10854108,2989.0706,178.119404,3.10854108,-3.13092386,0,1,-0.523,0,0.00929774605,0.174,0.348,0,0.174782121,0.436955303,0.436978527,0,0,0,-1,-0.490188802,0,357.349441,-357.349441,360,2.65055924,0.0462522588,0.0421579831,0.0514557291,0,0,0,-100,-100,-2.8,-12.0539802,0,0,0,-0,-0.304790971,-0.148920869,-0.121805762,0.0192926614,0.00504985411,0.00254985411,-0.00673313881,-0.00423313881,0.00678299292,0.00339149646,-0.0135510248,-0.00378344612,0,0,51861,94.2927,1.29953,13.3128,198.509,0.301361,18.6667,231.085,2494.74,65,65,0.00817942823263632761,-0.0002700953001369378,20945546.446695298,-0.0401865577660278431
24.9,-0.03864101212798638,0.0940488634644259,-0.1961709104448819,0.05809257189211913,0.01010130867089579,-0.02831434574546815,-0.03455574404676256,0.09423738171725068,-0.195315720976178,7.081738341,1976776.147,105.541440151,1526.41437697,104.7999904779738,0.2241874183433676,12.48628547478033,-1.076436811987681,0.01841014266273966,0.2496468898301387,-0.4048502747210314,-0.2824422627308402,-1.03085772652966,5.498026016875182,-0.03465210818577112,-31.27035522547422,104.7999904779743,0.2241874183433907,12.48628547478043,6.452676784913584,1522.782399539875,105.0379781171029,9.209282846402196,-4.605198330758125,105.0379781171029,105.0366487509311,-4.605154658190941,-9.224454395102425, 1337.930962, 2.857725524,-7.063917207, 2.857725524, 1379.179417, 7.371507843,-7.063917207, 7.371507843, 2338.252732,55.13760484,1774,40.97745208568207,-1.499436302142052,36.83934611048478,19900.93764234,23181.777537341,-0.540981944220296,11.80712315323607,357.3031560027384,0.9944213178621213,-0.00227423646531739,0.1029352451887983,-0.02292173047097107,0.7759027627623124,0.01459977299553627,-0.6304318384682778,-0.01781702589651904,-0.77591861227485,-0.01517188613850629,0.630418329521766,0.01711288401928404,6.7944170908101,0.12170577293861,0.0082085985572193,0.0082638674631574,-0.00027170962765335,20945512.72679791,37916.974118094,3000.807213117045,20945547.04646105,-99.32855155121797,3000.807213117045,0.10399226515146,23181.777537341,-3280.8398950149,6.2391165,9.84848485,9.84848485,0.461651277,3.10850391,2999.57879,178.117274,3.10850391,-3.13061259,0,1,-0.523,0,0.00944191612,0.174,0.348,0,0.174684507,0.436711267,0.436736312,0,0,0,-1,-0.495936161,0,357.329475,-357.329475,360,2.67052455,0.0466006534,0.0423662077,0.0518081238,0,0,0,-100,-100,-2.8,-12.0244544,0,0,0,-0,-0.306206283,-0.14961239,-0.122497063,0.019512501,0.00510739713,0.00260739713,-0.00680986284,-0.00430986284,0.00691725996,0.00345862998,-0.0136594156,-0.00381370884,0,0,51850.8,94.2741,1.29953,13.3122,198.507,0.303464,18.7127,231.024,2494.26,65,65,0.00820817479987182887,-0.000271351077172189291,20945547.3705969006,-0.0345557440467625585
25,-0.03274676795111296,0.09505176418464487,-0.1988713144750164,0.05965702029660604,0.009940657009009183,-0.02539810234288445,-0.02866170616419765,0.09524163620641042,-0.1980154393282039,7.067593472,1974781.889,105.437627253,1526.37872905,104.6924596995021,0.2260632022122246,12.51123568313596,-1.07420773549326,0.01969425921939766,0.2495328400591568,-0.4028631788161157,-0.2867365593980738,-1.029015137132699,5.505615537052616,-0.03498009230674051,-31.27100119661192,104.6924596995026,0.2260632022122479,12.51123568313606,6.412291146174081,1522.753938099426,104.934984726054,9.179915924548435,-4.633720425670496,104.934984726054,104.933654956679,-4.633676689911127,-9.195125806004111, 1337.930962, 2.857725524,-7.063917207, 2.857725524, 1379.179417, 7.371507843,-7.063917207, 7.371507843, 2338.252732,55.13760484,1774,40.97745208568207,-1.499436302142052,36.83934611048478,19901.858619701,23182.698514706,-0.5487292207595507,11.81641406478472,357.2828970061188,0.9944087641690247,-0.002321316487973539,0.103017830599508,-0.0230899937671496,0.7759521279147548,0.01468547123207459,-0.6303647646735042,-0.01796929540559847,-0.7759681785365117,-0.015259821766585,0.6303511223491574,0.01726227944212642,6.8147931640826,0.12284492406568,0.008237316859661,0.0082927791249099,-0.00027297324214544,20945513.37004465,38069.25093855374,3011.305859723871,20945547.96591935,-99.79049391426088,3011.305859723871,0.10441007256468,23182.698514706,-3280.8398950068,6.23876291,9.84848485,9.84848485,0.461633514,3.10846595,3010.07679,178.115099,3.10846595,-3.13029696,0,1,-0.523,0,0.0095771316,0.174,0.348,0,0.174581937,0.436454843,0.43648077,0,0,-0.00153398437,-1,-0.501133921,0,357.309215,-357.309215,360,2.69078504,0.0469541989,0.0425813972,0.0521585289,0,0,0,-100,-100,-2.8,-11.9951258,0,0,0,-0,-0.307624273,-0.15030522,-0.123189676,0.0197229513,0.00516248249,0.00266248249,-0.00688330999,-0.00438330999,0.00704579248,0.00352289624,-0.013774401,-0.00384581277,0,0,51840.6,94.2556,1.29953,13.3116,198.506,0.305825,18.7587,230.963,2493.79,65,65,0.00823689316907364431,-0.000272614590698807321,20945548.2915543877,-0.0286617061641976471
25.1,-0.0267692248713907,0.09603868217970869,-0.2012791778704761,0.05967581610603337,0.009782681780410824,-0.02246402221734685,-0.0226843723057503,0.09622993505452897,-0.2004226118722305,7.053494915,1972792.229,105.334046117,1526.34268827,104.5851501200545,0.2280585848352512,12.5361730582151,-1.072012326204728,0.02074633993907854,0.2493884617980662,-0.4008832149396078,-0.2907391848738835,-1.027199983448032,5.513219701991768,-0.0353142204179353,-31.27163498468226,104.585150120055,0.2280585848352747,12.5361730582152,6.372103915306456,1522.725061718014,104.8321741985681,9.150746027043983,-4.662657101651118,104.8321741985682,104.8308440315307,-4.662613301796618,-9.165994115903709, 1337.930962, 2.857725524,-7.063917207, 2.857725524, 1379.179417, 7.371507843,-7.063917207, 7.371507843, 2338.252732,55.13760484,1774,40.97745208568207,-1.499436302142052,36.83934611048478,19902.776674066,23183.616569066,-0.5559396239968507,11.82579944735511,357.2623726572413,0.9943960436617336,-0.002363448633824489,0.1031011509249294,-0.02326102186925284,0.7760018950100953,0.01477662307888371,-0.6302970531382749,-0.01812002087009163,-0.7760181464281407,-0.01535320992936847,0.6302832718145654,0.01741013009211555,6.8351881494556,0.12405110297487,0.0082660070123424,0.0083216624473589,-0.00027424471604806,20945514.00926276,38221.52489187915,3021.794216157617,20945548.88245081,-100.2553094590621,3021.794216157617,0.10482787997791,23183.616569066,-3280.8398950151,6.2384047,9.84848485,9.84848485,0.461615808,3.10842719,3020.56462,178.112878,3.10842719,-3.1299775,0,1,-0.523,0,0.00970297688,0.174,0.348,0,0.174477636,0.436194091,0.436220178,0,0,-0.00153398437,-1,-0.505815911,0,357.288689,-357.288689,360,2.7113109,0.0473123752,0.0428034505,0.0525064273,0,0,0,-100,-100,-2.8,-11.9659941,0,0,0,-0,-0.309044908,-0.150999342,-0.123883584,0.0199234466,0.00521496215,0.00271496215,-0.00695328287,-0.00445328287,0.00716824503,0.00358412251,-0.0138950807,-0.00387950652,0,0,51830.4,94.2371,1.29953,13.311,198.505,0.308416,18.8047,230.902,2493.31,65,65,0.00826558339052195154,-0.000273885958116038789,20945549.2095874473,-0.0226843723057502979
25.2,-0.02084435403478226,0.09701003897820061,-0.2033934246738658,0.05854958610344867,0.009630164527795186,-0.01952891643060781,-0.01675971352023937,0.09720269773943611,-0.2025361627983747,7.039442074,1970807.097,105.230693063,1526.30628391,104.478058402985,0.2301493588778705,12.5610949455142,-1.06984994807013,0.02154385903065503,0.2492212625324264,-0.3989159500423085,-0.2944432024556959,-1.025409734742054,5.520838462449788,-0.03565131310522102,-31.27225069535083,104.4780584029855,0.2301493588778941,12.5610949455143,6.332114088721934,1522.695799974941,104.7295439204108,9.121772192640179,-4.691978783357094,104.7295439204108,104.7282133610423,-4.691934918490619,-9.137058363598296, 1337.930962, 2.857725524,-7.063917207, 2.857725524, 1379.179417, 7.371507843,-7.063917207, 7.371507843, 2338.252732,55.13760484,1774,40.97745208568207,-1.499436302142052,36.83934611048478,19903.691825066,23184.531720069,-0.5626052419821648,11.83527813049172,357.2416129628207,0.9943831629104626,-0.002400590652396893,0.1031851916078677,-0.02343456245701594,0.7760520584002576,0.01487307997713747,-0.6302287188019751,-0.0182689940045452,-0.77606851009347,-0.01545190207478033,0.6302147929341684,0.01755622768468632,6.8556007526586,0.1253113236283,0.0082946690649298,0.0083505174805054,-0.00027552415873811,20945514.64447202,38373.79593804936,3032.272300571822,20945549.79607509,-100.7230381706831,3032.272300571822,0.10524568739113,23184.531720069,-3280.8398950069,6.23804237,9.84848485,9.84848485,0.461598158,3.10838763,3031.04229,178.110611,3.10838763,-3.12965474,0,1,-0.523,0,0.00981931386,0.174,0.348,0,0.174374048,0.435935121,0.435960828,0,0,-0.00153398437,-1,-0.510016657,0,357.267928,-357.267928,360,2.73207212,0.0476746585,0.0430322456,0.0528515594,0,0,0,-100,-100,-2.8,-11.9370584,0,0,0,-0,-0.310468166,-0.151694746,-0.124578775,0.0201137468,0.00526477321,0.00276477321,-0.00701969762,-0.00451969762,0.00728447083,0.00364223542,-0.0140204385,-0.00391450642,0,0,51820.3,94.2187,1.29953,13.3104,198.503,0.311204,18.8507,230.841,2492.84,65,65,0.00829424551372003223,-0.000275165288970869218,20945550.124715697,-0.0167597135202393645
25.3,-0.01507106173595629,0.09796639563670519,-0.2052149083409636,0.0565832703242608,0.009385872956335514,-0.01661676242541976,-0.01098663600322033,0.09816048308798064,-0.2043569456672312,7.025434372,1968826.423,105.127564564,1526.2695456,104.3711812867954,0.2323092412018219,12.58599938044888,-1.06770731199907,0.0220692584784859,0.2489344513127207,-0.3968622796209544,-0.2978485073832934,-1.023651160963129,5.528484485782555,-0.03598815689203687,-31.27294678345654,104.3711812867959,0.2323092412018457,12.58599938044898,6.292320171366832,1522.666182803863,104.6270915154891,9.092992970357999,-4.721655540148825,104.6270915154891,104.6257605689865,-4.72161160934343,-9.108317098177476, 1337.930962, 2.857725524,-7.063917207, 2.857725524, 1379.179417, 7.371507843,-7.063917207, 7.371507843, 2338.252732,55.13760484,1774,40.97745208568207,-1.499436302142052,36.83934611048478,19904.604092222,23185.443987221,-0.568730017408887,11.84484901258269,357.2206479611858,0.9943701282838369,-0.002432803269021551,0.1032699409747922,-0.02361035230790421,0.7761026143336799,0.01497461284865516,-0.6301597744223153,-0.01841607163532128,-0.7761192656297476,-0.01555566912963161,0.6301456986188827,0.01770042904539789,6.8760300453273,0.12661141681235,0.0083233030664074,0.0083793442736633,-0.000276811671439,20945515.2756921,38526.06404002453,3042.740130870745,20945550.70681173,-101.1937170535239,3042.740130870745,0.10566349480435,23185.443987221,-3280.8398950152,6.23767646,9.84848485,9.84848485,0.461580564,3.10834726,3041.50982,178.108298,3.10834726,-3.1293292,0,1,-0.523,0,0.00992621136,0.174,0.348,0,0.174272959,0.435682398,0.435707337,0,0,-0.00153398437,-1,-0.513769955,0,357.246961,-357.246961,360,2.75303867,0.0480405248,0.0432676412,0.0531938526,0,0,0,-100,-100,-2.8,-11.9083171,0,0,0,-0,-0.31189403,-0.152391423,-0.12527524,0.0202938557,0.00531191672,0.00281191672,-0.00708255562,-0.00458255562,0.00739447234,0.00369723617,-0.0141493589,-0.00395050101,0,0,51810.2,94.2003,1.29953,13.3098,198.502,0.314151,18.8968,230.78,2492.37,65,65,0.00832287958747048202,-0.000276452684735214007,20945551.0369586684,-0.0109866360032203295
25.4,-0.009565153058623278,0.0988120210567702,-0.2067507654336578,0.05320458450677174,0.007751977427520025,-0.01383451614240477,-0.00548094469220021,0.0990075576457739,-0.2058920973275207,7.011471152,1966850.128,105.024656444,1526.23250168,104.2645385719879,0.2345103222053178,12.61068842546283,-1.065184905470385,0.02230733825092324,0.2450516020058693,-0.3914121442067362,-0.300971679358742,-1.022233408935984,5.53653349644566,-0.03632139051348966,-31.27702652334738,104.2645385719884,0.2345103222053417,12.61068842546293,6.252911732236294,1522.636239226971,104.5247973660637,9.064597972340474,-4.751658707024494,104.5247973660637,104.5234660094549,-4.751614708417179,-9.079959929314217, 1337.930962, 2.857725524,-7.063917207, 2.857725524, 1379.179417, 7.371507843,-7.063917207, 7.371507843, 2338.252732,55.13760484,1774,40.97745208568207,-1.499436302142052,36.83934611048478,19905.513501462,23186.353396465,-0.5743277690538143,11.85450797925876,357.1995074249495,0.9943569486912871,-0.002460233410334294,0.1033553631952221,-0.0237881218195881,0.7761535437723628,0.01508092715453122,-0.6300902516338609,-0.01856116703606311,-0.7761703938979575,-0.0156642165777002,0.6300760207204122,0.01784264746127434,6.8963674482258,0.12793627072854,0.0083519090635186,0.0084081428738908,-0.00027810734730337,20945515.90294908,38678.32916372766,3053.197724140356,20945551.61468667,-101.6673801616053,3053.197724140356,0.10608130221758,23186.353396465,-3280.8398950136,6.23730749,9.84848485,9.84848485,0.461563026,3.10830608,3051.96723,178.105939,3.10830608,-3.12900141,0,1,-0.523,0,0.0100239106,0.174,0.348,0,0.174176288,0.43544072,0.435464301,0,0,-0.00153398437,-1,-0.517120767,0,357.225819,-357.225819,360,2.77418076,0.0484094543,0.0435094773,0.0535333879,0,0,0,-100,-100,-2.8,-11.8799599,0,0,0,-0,-0.313320329,-0.153088313,-0.125972227,0.020463974,0.00535644519,0.00285644519,-0.00714192691,-0.00464192691,0.0074983721,0.00374918605,-0.0142806469,-0.00398715661,0,0,51800.1,94.182,1.29953,13.3092,198.501,0.317219,18.9425,230.72,2491.9,65,65,0.00835148565833678663,-0.000277748238874191882,20945551.9463423379,-0.00548094469220021009
25.5,-0.004393995880952961,0.09957530477387845,-0.2080117548819668,0.04990893130769559,0.007714137027670699,-0.01112753239409162,-0.0003100072027446574,0.09977230849626111,-0.2071523775119307,6.997551427,1964878.085,104.921962113,1526.19517996,104.1581418860613,0.2367234563765379,12.63501383266948,-1.062788993398446,0.02225344814070412,0.2416995299126583,-0.3866555953008479,-0.3038076657672638,-1.020809598860901,5.544478469552854,-0.03664777316044456,-31.28041693665039,104.1581418860618,0.2367234563765621,12.63501383266958,6.214013886201871,1522.605997805003,104.4226451606569,9.03671235690225,-4.781959967792234,104.4226451606569,104.4213133519127,-4.781915898882241,-9.052112013287262, 1337.930962, 2.857725524,-7.063917207, 2.857725524, 1379.179417, 7.371507843,-7.063917207, 7.371507843, 2338.252732,55.13760484,1774,40.97745208568207,-1.499436302142052,36.83934611048478,19906.42010111,23187.259996116,-0.5794237123863381,11.86424312459939,357.1782201747025,0.9943436397162343,-0.002483127842711959,0.103441357241732,-0.02396759987935004,0.776204786292427,0.01519165669544827,-0.6300202328883048,-0.01870426301519277,-0.7762218344365809,-0.01577717829007654,0.6300058419784609,0.01798286579283074,6.9165314346325,0.12927004219113,0.0083804870964691,0.0084369133216642,-0.00027941127177707,20945516.5262914,38830.5912779413,3063.645095080124,20945552.51974824,-102.1440587316974,3063.645095080124,0.1064991096308,23187.259996116,-3280.8398950153,6.23693596,9.84848485,9.84848485,0.461545543,3.10826409,3062.41454,178.103532,3.10826409,-3.12867187,0,1,-0.523,0,0.0101128515,0.174,0.348,0,0.174085457,0.435213642,0.435235774,0,0,-0.00153398437,-1,-0.520115921,0,357.20453,-357.20453,360,2.79546958,0.0487809442,0.0437575769,0.0538704284,0,0,0,-100,-100,-2.8,-11.852112,0,0,0,-0,-0.314744701,-0.153784261,-0.126668309,0.0206245376,0.00539847272,0.00289847272,-0.00719796363,-0.00469796363,0.00759643636,0.00379821818,-0.0144130419,-0.00402412129,0,0,51790,94.1637,1.29953,13.3086,198.5,0.320362,18.9878,230.66,2491.43,65,65,0.00838006376637367642,-0.000279052037216281608,20945552.8529151119,-0.000310007202744657436
25.6,0.0004538734317624977,0.1003838643221707,-0.2090057686784697,0.04676263192339584,0.008681934890935893,-0.008506005929951106,0.00453764020826691,0.100582350755039,-0.2081456782729992,6.983674283,1962910.176,104.819475479,1526.15760817,104.0519782748513,0.2389196187451743,12.6590352810954,-1.060524455911348,0.021913407559084,0.2389896630428687,-0.3824697680541895,-0.3063695965453506,-1.019381699598023,5.552341713436646,-0.03696433440724968,-31.28323886898273,104.0519782748518,0.2389196187451987,12.6590352810955,6.175562058435524,1522.575486599139,104.3206355855936,9.009271593090309,-4.812531155441557,104.3206355855936,104.3193032914048,-4.81248701400936,-9.024708819583363, 1337.930962, 2.857725524,-7.063917207, 2.857725524, 1379.179417, 7.371507843,-7.063917207, 7.371507843, 2338.252732,55.13760484,1774,40.97745208568207,-1.499436302142052,36.83934611048478,19907.323938679,23188.163833682,-0.584045219634607,11.87405283225991,357.1568140164833,0.9943302075310476,-0.002501749018920892,0.1035279119429073,-0.02414852152517028,0.7762563383582425,0.0153064285306746,-0.6299497304490279,-0.01884535782324162,-0.776273583686482,-0.01589418133215916,0.6299351749560808,0.01812108229048811,6.9365546119568,0.1305968913488,0.0084090372042006,0.0084656556561877,-0.00028072352251729,20945517.14576671,38982.85035429524,3074.08225792738,20945553.42204396,-102.6237811532847,3074.08225792738,0.10691691704403,23188.163833682,-3280.8398950203,6.23656235,9.84848485,9.84848485,0.461528114,3.10822128,3072.85177,178.101079,3.10822128,-3.12834107,0,1,-0.523,0,0.0101935121,0.174,0.348,0,0.174000294,0.435000734,0.435021474,0,0,-0.00153398437,-1,-0.522776896,0,357.183123,-357.183123,360,2.81687732,0.0491545091,0.0440117471,0.0542052592,0,0,0,-100,-100,-2.8,-11.8247088,0,0,0,-0,-0.316167951,-0.154479661,-0.12736378,0.0207760468,0.00543813024,0.00293813024,-0.00725084032,-0.00475084032,0.00768897057,0.00384448528,-0.0145452752,-0.00406104083,0,0,51780,94.1454,1.29953,13.308,198.499,0.323535,19.0326,230.599,2490.97,65,65,0.00840861395032085381,-0.000280364157805426239,20945553.7567245662,0.00453764020826691056
25.7,0.004995490492345931,0.1013179903709574,-0.2097421273471945,0.04380853808072412,0.01021273217944166,-0.005988429357032507,0.009079033103525209,0.1015179727536891,-0.208881319445409,6.969838898,1960946.297,104.717191109,1526.11981274,103.9460346976075,0.2410705560926436,12.68281787918,-1.058390174788458,0.02129741128008839,0.2369403187258001,-0.3787267143751549,-0.3086698669252215,-1.017957140309166,5.560147060974667,-0.03726822224295846,-31.28561823635629,103.946034697608,0.2410705560926681,12.6828178791801,6.137505555601762,1522.544732387987,104.2187687150556,8.982225030039492,-4.843345409235847,104.2187687150556,104.2174359089064,-4.843301193281655,-8.997699697690699, 1337.930962, 2.857725524,-7.063917207, 2.857725524, 1379.179417, 7.371507843,-7.063917207, 7.371507843, 2338.252732,55.13760484,1774,40.97745208568207,-1.499436302142052,36.83934611048478,19908.225055996,23189.064950998,-0.5882184344442261,11.88394602899242,357.1353157810947,0.9943166487185792,-0.002516345593869429,0.1036151074896099,-0.02433063060881567,0.7763082542615407,0.01542488570828271,-0.6298786852000198,-0.01898444618575669,-0.7763256959125336,-0.01601486869146835,0.6298639608274268,0.01825729162557119,6.9564726761209,0.13190133809912,0.0084375594257546,0.0084943699167652,-0.00028204416965798,20945517.76141698,39135.10636716031,3084.509226955124,20945554.32161568,-103.106573065561,3084.509226955124,0.10733472445725,23189.064950998,-3280.8398950187,6.23618714,9.84848485,9.84848485,0.461510737,3.10817766,3083.27893,178.09858,3.10817766,-3.12800948,0,1,-0.523,0,0.0102663484,0.174,0.348,0,0.173920508,0.43480127,0.4348207,0,0,-0.00306796875,-1,-0.52512218,0,357.161623,-357.161623,360,2.83837713,0.049529681,0.0442717817,0.0545381301,0,0,0,-100,-100,-2.8,-11.7976997,0,0,0,-0,-0.317590712,-0.155174822,-0.128058967,0.0209189809,0.00547554326,0.00297554326,-0.00730072434,-0.00480072434,0.0077762676,0.0038881338,-0.0146761019,-0.00409756765,0,0,51770,94.1273,1.29953,13.3074,198.497,0.326694,19.077,230.54,2490.5,65,65,0.00843713624897035955,-0.000281684671144201448,20945554.6578125544,0.00907903310352520948
25.8,0.009251331200526923,0.1024161665749988,-0.2102322842412142,0.04107182400521459,0.01192456291728518,-0.003599196269238297,0.01333464723970128,0.1026176559094985,-0.2093707532627806,6.956044486,1958986.349,104.61510381,1526.08181895,103.8402984580642,0.2431492726006006,12.70642513248873,-1.056379721122083,0.02042100460219859,0.2354978115295445,-0.3753036601240431,-0.3107199807946471,-1.016546218000544,5.567917859440929,-0.0375567566070118,-31.28767588173312,103.8402984580647,0.2431492726006253,12.70642513248883,6.099806341495025,1522.513760754151,104.1170437143747,8.955534672718082,-4.874377086448252,104.1170437143747,104.1157103747628,-4.874332794134975,-8.971046652798176, 1337.930962, 2.857725524,-7.063917207, 2.857725524, 1379.179417, 7.371507843,-7.063917207, 7.371507843, 2338.252732,55.13760484,1774,40.97745208568207,-1.499436302142052,36.83934611048478,19909.123490475,23189.963385479,-0.5919678477858694,11.89393772838549,357.1137511870783,0.9943029542421505,-0.00252714952611317,0.103703076679019,-0.02451368164739706,0.7763606215218626,0.01554669062381139,-0.6298069968559351,-0.01912151856267839,-0.7763782586033147,-0.01613890266341225,0.6297920995843512,0.0183914841717637,6.9763205737121,0.13316853061764,0.0084660538000763,0.0085230561426044,-0.00028337327615381,20945518.37327972,39287.35929352474,3094.926016400702,20945555.21850083,-103.5924574831952,3094.926016400702,0.10775253187047,23189.963385479,-3280.8398950138,6.23581076,9.84848485,9.84848485,0.461493413,3.10813322,3093.69602,178.096034,3.10813322,-3.12767754,0,1,-0.523,0,0.010331788,0.174,0.348,0,0.173845748,0.43461437,0.434632581,0,0,-0.00306796875,-1,-0.527167858,0,357.140057,-357.140057,360,2.85994332,0.0499060109,0.0445374619,0.0548692499,0,0,0,-100,-100,-2.8,-11.7710467,0,0,0,-0,-0.319013454,-0.155869974,-0.12875411,0.0210537898,0.00551082947,0.00301082947,-0.00734777263,-0.00484777263,0.00785860211,0.00392930105,-0.0148043219,-0.00413336668,0,0,51760,94.1091,1.29953,13.3068,198.496,0.329797,19.1212,230.48,2490.04,65,65,0.00846563070099570249,-0.000283013640535070821,20945555.5562165044,0.0133346472397012777
25.9,0.01324378054495816,0.103682383894521,-0.2104903104466453,0.03856484424786036,0.01352075383104539,-0.001366189022925631,0.0173268674264052,0.1038853890665276,-0.2096280495388047,6.942290261,1957030.229,104.513208352,1526.0436509,103.7347576634468,0.2451305948282894,12.72991294395974,-1.054482964711824,0.01930566192028094,0.23456168470506,-0.3720942972539163,-0.3125304902381649,-1.015159793777563,5.575674773630033,-0.03782749241350998,-31.28951642536341,103.7347576634473,0.2451305948283143,12.72991294395984,6.062437911044968,1522.482596177374,104.0154586733072,8.929174056057819,-4.905601667635239,104.0154586733072,104.0141247821003,-4.905557297235594,-8.944723219897407, 1337.930962, 2.857725524,-7.063917207, 2.857725524, 1379.179417, 7.371507843,-7.063917207, 7.371507843, 2338.252732,55.13760484,1774,40.97745208568207,-1.499436302142052,36.83934611048478,19910.019276302,23190.859171307,-0.5953160708036096,11.90404515511961,357.0921446380158,0.9942891128881318,-0.002534374742188969,0.1037919712367585,-0.02469744204539703,0.7764135395050694,0.01567152753591195,-0.6297345502086679,-0.01925656177483107,-0.7764313710901436,-0.01626596739095698,0.6297194762802389,0.01852364665117629,6.9961292020919,0.1343845587737,0.0084945203657379,0.0085517143725371,-0.00028471089810098,20945518.98138926,39439.60911287903,3105.332640364669,20945556.1127336,-104.0814549135903,3105.332640364669,0.1081703392837,23190.859171307,-3280.8398950121,6.23543366,9.84848485,9.84848485,0.461476141,3.10808797,3104.10308,178.093441,3.10808797,-3.12734568,0,1,-0.523,0,0.0103902255,0.174,0.348,0,0.173775625,0.434439063,0.434456154,0,0,-0.00306796875,-1,-0.528927911,0,357.118449,-357.118449,360,2.88155146,0.0502830729,0.0448085581,0.0551987837,0,0,0,-100,-100,-2.8,-11.7447232,0,0,0,-0,-0.320436492,-0.15656527,-0.129449376,0.0211808881,0.00554409745,0.00304409745,-0.00739212993,-0.00489212993,0.00793622738,0.00396811369,-0.014928805,-0.00416812235,0,0,51750.1,94.091,1.29953,13.3062,198.495,0.3328,19.1653,230.42,2489.57,65,65,0.00849409734469653427,-0.000284351122399092071,20945556.4519706033,0.0173268674264052021
26,0.01699125963342001,0.1039522755824741,-0.210529064861777,0.03604467173839472,-0.0490910986156578,0.0007027027144444238,0.02107411476297221,0.1041568034974091,-0.2096660667287558,6.928572212,1955077.384,104.411475196,1526.00533106,103.6293832409882,0.2469915625061958,12.7532771048803,-1.05271428498741,0.01796991295107125,0.2306162629006039,-0.3677769576233345,-0.3140949763085603,-1.014355974832874,5.58314747362513,-0.03807877722354165,-31.29254781897203,103.6293832409887,0.2469915625062209,12.7532771048804,6.025407918539035,1522.451263176504,103.9139843374893,8.903150875253997,-4.936994658080698,103.9139843374893,103.9126498748639,-4.93695020780996,-8.918737090136213, 1337.930962, 2.857725524,-7.063917207, 2.857725524, 1379.179417, 7.371507843,-7.063917207, 7.371507843, 2338.252732,55.13760484,1774,40.97745208568207,-1.499436302142052,36.83934611048478,19910.912445791,23191.752340802,-0.5982837520702485,11.91427396416984,357.0705191824979,0.9942751237097718,-0.002538219484018217,0.1038818422250291,-0.02488169346534454,0.7764670436512748,0.01579910187565546,-0.6296613084850128,-0.01938956163283801,-0.7764850687774689,-0.01639576826212851,0.6296460543878841,0.01865376483484686,7.0158979958195,0.13553670493386,0.0085229591585285,0.0085803446425934,-0.00028605708493809,20945519.58577802,39591.85580714497,3115.72911192993,20945557.00434632,-104.5735834303414,3115.72911192993,0.10858814669692,23191.752340802,-3280.8398950137,6.23505622,9.84848485,9.84848485,0.461458919,3.10804191,3114.50012,178.090802,3.10804191,-3.12701431,0,1,-0.523,0,0.0104420213,0.174,0.348,0,0.173709784,0.43427446,0.434290482,0,0,-0.00306796875,-1,-0.530414685,0,357.096821,-357.096821,360,2.90317851,0.0506604649,0.0450848322,0.0555268535,0,0,0,-100,-100,-2.8,-11.7187371,0,0,0,-0,-0.321259946,-0.15696761,-0.129935892,0.0213006534,0.00557544603,0.00307544603,-0.00743392804,-0.00493392804,0.00800937407,0.00400468703,-0.0150485136,-0.00420154499,0,0,51740.2,94.0731,1.29953,13.3056,198.494,0.335656,19.2086,230.351,2489.11,65,65,0.00852253621566045547,-0.000285697166479636133,20945557.3451071978,0.0210741147629722077
26.1,0.02049432366944593,0.09266748404239926,-0.2104393755497707,0.03403608141687263,-0.1844815366275279,0.0006351026067311728,0.02457695268446507,0.09287353985079549,-0.2095756714430035,6.914889741,1953127.736,104.30990043,1525.96688069,103.5243097979669,0.2487140666235499,12.77539627043399,-1.048035043518816,0.01657011473475689,0.2065178828200018,-0.3640880605586219,-0.315459912705623,-1.013073343160087,5.590721256148607,-0.03830814140345454,-31.29490467790956,103.5243097979674,0.2487140666235751,12.77539627043409,5.988858244856591,1522.419783588254,103.812605620484,8.877607047634413,-4.968534501502504,103.812605620484,103.8112705447455,-4.96848996884527,-8.89323017885626, 1337.930962, 2.857725524,-7.063917207, 2.857725524, 1379.179417, 7.371507843,-7.063917207, 7.371507843, 2338.252732,55.13760484,1774,40.97745208568207,-1.499436302142052,36.83934611048478,19911.803041037,23192.642936038,-0.6008903286438336,11.92408262035395,357.0489006294592,0.9942614816701385,-0.002538998907173784,0.1039679929004699,-0.02506623234349903,0.7765181625775891,0.01592904684800354,-0.6295909425523547,-0.0195205970625056,-0.7765363803364652,-0.01652794196525988,0.6295755050919954,0.01878192046869701,7.0350063910967,0.13661483490149,0.0085513702038126,0.0086089469783086,-0.00028741187965986,20945520.1864882,39744.0993606195,3126.11544037007,20945557.89338109,-105.0688587514014,3126.11544037007,0.10900595411015,23192.642936038,-3280.8398950121,6.23467891,9.84848485,9.84848485,0.461441748,3.10799505,3124.88713,178.088116,3.10799505,-3.12668386,0,1,-0.523,0,0.0104875147,0.174,0.348,0,0.173648271,0.434120678,0.434135694,0,0,-0.00306796875,-1,-0.531643217,0,357.075201,-357.075201,360,2.92479865,0.0510377365,0.0453660367,0.0558535514,0,0,0,-100,-100,-2.8,-11.6932302,0,0,0,-0,-0.321610339,-0.157138812,-0.130110416,0.0214134387,0.00560496757,0.00310496757,-0.0074732901,-0.0049732901,0.00807825767,0.00403912884,-0.0151625704,-0.00423338966,0,0,51730.4,94.0553,1.29953,13.305,198.493,0.338334,19.2521,230.282,2488.66,65,65,0.00855094734187171468,-0.000287051816234647661,20945558.2356699295,0.0245769526844650775
26.2,0.02386022049597162,0.0695477454731733,-0.2104675822498063,0.03346265977248561,-0.2807405765221843,-0.001749158435106075,0.02794264827738567,0.0697553338886874,-0.2096032941532902,6.901249363,1951182.215,104.208533803,1525.92832414,103.4198206597974,0.2503114970545024,12.7943954996082,-1.040886954795573,0.01555959434062537,0.1677615959980621,-0.3669217634741813,-0.3166276365085318,-1.010595494551028,5.597181288218535,-0.03852060501185097,-31.29079665920542,103.4198206597979,0.2503114970545278,12.7943954996083,5.952375439833209,1522.388177609615,103.7114088441388,8.852129158144162,-5.000200224192727,103.7114088441389,103.7100731751543,-5.000155608688978,-8.867789084300737, 1337.930962, 2.857725524,-7.063917207, 2.857725524, 1379.179417, 7.371507843,-7.063917207, 7.371507843, 2338.252732,55.13760484,1774,40.97745208568207,-1.499436302142052,36.83934611048478,19912.691094365,23193.530989371,-0.6031525980416995,11.9321971241145,357.027304855286,0.9942493445785179,-0.002537168299883366,0.104039371524862,-0.025250995127276,0.7765598995659595,0.01606099557437276,-0.6295320853347848,-0.01964994507127932,-0.7765783092953202,-0.01666212989696015,0.6295164616371042,0.01890839726733332,7.0524101645378,0.13762602363594,0.0085797535381029,0.0086375214164413,-0.00028877531960102,20945520.78355224,39896.33975965129,3136.491639032741,20945558.77987027,-105.5672945255792,3136.491639032741,0.10942376152337,23193.530989371,-3280.8398950104,6.23430199,9.84848485,9.84848485,0.461424626,3.10794738,3135.26415,178.085385,3.10794738,-3.12635461,0,1,-0.523,0,0.0105269987,0.174,0.348,0,0.1735894,0.4339735,0.433988107,0,0,-0.00306796875,-1,-0.532612048,0,357.053604,-357.053604,360,2.94639602,0.0514146105,0.0456519169,0.0561789156,0,0,0,-100,-100,-2.8,-11.6677891,0,0,0,-0,-0.321958953,-0.157309144,-0.130280657,0.0215195554,0.00563274362,0.00313274362,-0.00751032483,-0.00501032483,0.00814306845,0.00407153422,-0.0152713324,-0.00426375601,0,0,51720.7,94.0377,1.29953,13.3044,198.491,0.34081,19.293,230.214,2488.21,65,65,0.00857933076632311047,-0.000288415109572582652,20945559.1236947589,0.0279426482773856705
26.3,0.02722915620812693,0.03863963340641249,-0.2108064916803164,0.03415868570222082,-0.3365498096387678,-0.005577564673022057,0.03131142274158905,0.03884876055509923,-0.2099418129885738,6.887662139,1949242.398,104.107459528,1525.88968687,103.3161307509695,0.251840363813117,12.80924792436061,-1.031984808402959,0.0153014698044916,0.1235653730722106,-0.3780402979221549,-0.3176267353901355,-1.006362502278136,5.60216166036917,-0.03872516314617026,-31.27848244869791,103.31613075097,0.2518403638131427,12.80924792436071,5.915202696381614,1522.356463536542,103.6105439072239,8.825960432554906,-5.031972078639756,103.6105439072239,103.6092077791754,-5.031927383663755,-8.841657055394171, 1337.930962, 2.857725524,-7.063917207, 2.857725524, 1379.179417, 7.371507843,-7.063917207, 7.371507843, 2338.252732,55.13760484,1774,40.97745208568207,-1.499436302142052,36.83934611048478,19913.576575972,23194.416470976,-0.6050791877106769,11.93761484706936,357.0057213734366,0.9942396214037795,-0.002533033711901828,0.1040872801981668,-0.02543613712873671,0.7765867464867874,0.01619484147267421,-0.6294915294911763,-0.01977793188381787,-0.7766053478213069,-0.01679823211213957,0.6294757167590915,0.01903352683770693,7.0675288335711,0.13860105794471,0.0086081092304216,0.0086660680264784,-0.00029014743643675,20945521.37694044,40048.57699254012,3146.857733140703,20945559.66378405,-106.0689023324012,3146.857733140703,0.10984156893659,23194.416470976,-3280.839895012,6.23392529,9.84848485,9.84848485,0.461407554,3.1078989,3145.63119,178.082607,3.1078989,-3.12602638,0,1,-0.523,0,0.0105606241,0.174,0.348,0,0.173530704,0.433826759,0.433841548,0,0,-0.00460195312,-1,-0.533300839,0,357.032019,-357.032019,360,2.96798109,0.05179127,0.0459422281,0.0565028521,0,0,0,-100,-100,-2.8,-11.6416571,0,0,0,-0,-0.322315912,-0.157483555,-0.130454078,0.0216191609,0.00565881536,0.00315881536,-0.00754508715,-0.00504508715,0.00820390251,0.00410195125,-0.0153770846,-0.00429328201,0,0,51711.2,94.0203,1.29953,13.3038,198.49,0.34313,19.3291,230.148,2487.77,65,65,0.00860768656328401473,-0.000289787078430011572,20945560.0091547221,0.0313114227415890456
26.4,0.03070626892099487,0.00383768134234806,-0.2115615299178971,0.03559616965421494,-0.3559118351629186,-0.009996877139379858,0.0347884231734306,0.004048356046167081,-0.2106966968224457,6.874143753,1947310.526,104.006796973,1525.85099412,103.2133879833778,0.2533861749608866,12.81975635416713,-1.021945429492835,0.01599536751230041,0.08120221807489614,-0.3975927471189173,-0.3184835655741957,-1.000082096245678,5.605590014343441,-0.03893317255635104,-31.25781509166188,103.2133879833783,0.2533861749609124,12.81975635416723,5.876491916758711,1522.324656879484,103.5102031712417,8.798252801501787,-5.063832899127698,103.5102031712416,103.5088668479794,-5.063788132426214,-8.813986052764244, 1337.930962, 2.857725524,-7.063917207, 2.857725524, 1379.179417, 7.371507843,-7.063917207, 7.371507843, 2338.252732,55.13760484,1774,40.97745208568207,-1.499436302142052,36.83934611048478,19914.459374476,23195.299269478,-0.6066697996504563,11.93973515319023,356.9841198032512,0.9942328528055202,-0.002526718476821648,0.1041065074448169,-0.02562196720741611,0.7765954002507118,0.01633071574051572,-0.629473342134785,-0.01990486308676914,-0.7766141931058926,-0.01693638392185718,0.6294573374221522,0.0191576181074177,7.0802377651832,0.13958676929024,0.0086364373972498,0.0086945869256859,-0.00029152825679331,20945521.96654151,40200.81104927405,3157.213765254029,20945560.54501105,-106.5736919052506,3157.213765254029,0.11025937634982,23195.299269478,-3280.8398950136,6.23354827,9.84848485,9.84848485,0.461390534,3.10784963,3155.98829,178.079784,3.10784963,-3.12569863,0,1,-0.523,0,0.0105883855,0.174,0.348,0,0.17347026,0.433675649,0.43369101,0,0,-0.00460195312,-1,-0.533685698,0,357.010416,-357.010416,360,2.98958425,0.0521682452,0.0462367557,0.0568251411,0,0,0,-100,-100,-2.8,-11.6139861,0,0,0,-0,-0.32269282,-0.157667712,-0.130636296,0.0217122316,0.00568317663,0.00318317663,-0.00757756884,-0.00507756884,0.00826074548,0.00413037274,-0.015483474,-0.00432298594,0,0,51701.7,94.0031,1.29953,13.3033,198.488,0.345403,19.3593,230.082,2487.33,65,65,0.00863601485253811911,-0.000291167749387123589,20945560.8919401243,0.0347884231734306021
26.5,0.03433622605942534,-0.03150298377757071,-0.2127570812092938,0.03711280014156324,-0.3456356334792968,-0.01426129873409115,0.03841832037282957,-0.03129074939952065,-0.2118923465449355,6.860712733,1945389.253,103.906687364,1525.81227011,103.1116844512887,0.255047232671787,12.82634630296586,-1.011253064730923,0.01768413840010719,0.0457457479172767,-0.4245576093049941,-0.319219985102828,-0.9916954112587587,5.607611739785614,-0.03915645729220932,-31.2298050914012,103.1116844512892,0.255047232671813,12.82634630296596,5.835442446414566,1522.292770730184,103.4105961562951,8.768205634668778,-5.095767999470724,103.4105961562951,103.4092600257911,-5.095723173004141,-8.78397547919203, 1337.930962, 2.857725524,-7.063917207, 2.857725524, 1379.179417, 7.371507843,-7.063917207, 7.371507843, 2338.252732,55.13760484,1774,40.97745208568207,-1.499436302142052,36.83934611048478,19915.339295089,23196.179190091,-0.6079183327072412,11.9383248699729,356.9624588527319,0.9942292421483178,-0.002518203266725142,0.1040950287558273,-0.02580886858838722,0.7765845729759389,0.01646890303963014,-0.6294790985005022,-0.02003099596737262,-0.776603557505027,-0.01707687175378222,0.6294628985630835,0.01928092980647935,7.090756378555,0.1406371914385,0.008664738210603,0.0087230782872379,-0.00029291780294676,20945522.55216075,40353.04192126749,3167.559798221474,20945561.42335651,-107.0816713867825,3167.559798221474,0.11067718376304,23196.179190091,-3280.8398950152,6.23317021,9.84848485,9.84848485,0.461373571,3.10779958,3166.33553,178.076916,3.10779958,-3.12537064,0,1,-0.523,0,0.0106101765,0.174,0.348,0,0.173407173,0.433517933,0.433533973,0,0,-0.00460195312,-1,-0.533750104,0,356.988753,-356.988753,360,3.0112468,0.0525462566,0.0465353267,0.0571455032,0,0,0,-100,-100,-2.8,-11.5839755,0,0,0,-0,-0.32310079,-0.157867046,-0.130832823,0.0217986193,0.00570578861,0.00320578861,-0.00760771815,-0.00510771815,0.00831350676,0.00415675338,-0.0155948034,-0.0043540691,0,0,51692.3,93.986,1.29953,13.3027,198.486,0.347773,19.3837,230.017,2486.9,65,65,0.00866431580757933903,-0.000292557144459302144,20945561.7718568183,0.0384183203728295716
26.6,0.03809784473873984,-0.06477974874947076,-0.2143498079152896,0.03808021865794564,-0.3138730881897443,-0.0177841671768939,0.0421799302135359,-0.0645659393157357,-0.2134854196015086,6.847388764,1943481.406,103.807281144,1525.77353743,103.0110702503184,0.2569198554364807,12.82984865941978,-1.000246707575775,0.0202762250407526,0.02012612189434293,-0.457174028847696,-0.319853226997436,-0.9813257039084168,5.608514981371489,-0.03940571814436106,-31.19619422596352,103.0110702503189,0.2569198554365069,12.82984865941988,5.791396417851319,1522.260816230566,103.311928675174,8.735161085269272,-5.127764891443219,103.311928675174,103.3105932292912,-5.127720020732244,-8.750967520947531, 1337.930962, 2.857725524,-7.063917207, 2.857725524, 1379.179417, 7.371507843,-7.063917207, 7.371507843, 2338.252732,55.13760484,1774,40.97745208568207,-1.499436302142052,36.83934611048478,19916.216069486,23197.055964489,-0.6088176988248323,11.93345362643867,356.9406946607538,0.9942287149175596,-0.002507387810768297,0.1040534462585094,-0.02599722603416946,0.7765546377578818,0.01660974635536894,-0.6295083201467696,-0.02015653166414116,-0.7765738143004228,-0.01722003839113282,0.6294919213824791,0.01940366292468949,7.0995298415199,0.14180545194588,0.0086930118997491,0.0087515423419471,-0.0002943160934649,20945523.13352994,40505.26960114263,3177.8959158101,20945562.2985521,-107.5928475636174,3177.8959158101,0.11109499117627,23197.055964489,-3280.8398950069,6.23279036,9.84848485,9.84848485,0.461356668,3.10774873,3176.67299,178.074002,3.10774873,-3.12504162,0,1,-0.523,0,0.0106258734,0.174,0.348,0,0.173341704,0.433354259,0.433370803,0,0,-0.00460195312,-1,-0.533491762,0,356.966987,-356.966987,360,3.03301259,0.0529260697,0.0468378133,0.0574636867,0,0,0,-100,-100,-2.8,-11.5509675,0,0,0,-0,-0.323549084,-0.158086082,-0.131048363,0.021878145,0.00572660447,0.00322660447,-0.00763547262,-0.00513547262,0.00836207709,0.00418103854,-0.0157153742,-0.00438773247,0,0,51683,93.969,1.29953,13.3021,198.485,0.350391,19.403,229.952,2486.48,65,65,0.00869258965760721924,-0.000293955281846912278,20945562.6486362703,0.0421799302135359017
26.7,0.04191292084365445,-0.09421971513646761,-0.216245828443528,0.03801436557512587,-0.2689032167520259,-0.02016123385891834,0.04599504395237013,-0.09400431256210459,-0.2153820135844618,6.834191265,1941589.791,103.708727204,1525.73481665,102.9115676940384,0.259086308137114,12.83129795852955,-0.9891270524460767,0.02357749910206097,0.005396130502102636,-0.493334680384141,-0.3203968445158741,-0.9692212109098446,5.608660063712375,-0.03968934950559698,-31.15906725065825,102.9115676940389,0.2590863081371404,12.83129795852965,5.743892545207053,1522.228802994238,103.2143874628164,8.698657885252812,-5.159812974441818,103.2143874628164,103.2130532684764,-5.159768077620166,-8.714500940622496, 1337.930962, 2.857725524,-7.063917207, 2.857725524, 1379.179417, 7.371507843,-7.063917207, 7.371507843, 2338.252732,55.13760484,1774,40.97745208568207,-1.499436302142052,36.83934611048478,19917.089373089,23197.929268096,-0.6093647447082589,11.92541418126686,356.9187877714942,0.9942309926400686,-0.002494156512583906,0.10398429840158,-0.02618736609829006,0.776507192773755,0.01675355835005458,-0.6295590153201143,-0.02028161932395996,-0.7765265618073487,-0.01736619481447658,0.6295424137942465,0.01952596526263162,7.1071185912243,0.14313710935524,0.0087212587479552,0.0087799793749888,-0.000295723143765,20945523.71032456,40657.49408255638,3188.22222151826,20945563.17027323,-108.1072260703295,3188.22222151826,0.11151279858949,23197.929268096,-3280.8398950084,6.23240801,9.84848485,9.84848485,0.461339833,3.10769711,3187.00076,178.071045,3.10769711,-3.1247109,0,1,-0.523,0,0.0106354211,0.174,0.348,0,0.173275127,0.433187818,0.433204461,0,0,-0.00460195312,-1,-0.532925529,0,356.945079,-356.945079,360,3.05492109,0.0533083731,0.04714413,0.0577795511,0,0,0,-100,-100,-2.8,-11.5145009,0,0,0,-0,-0.324044314,-0.158328052,-0.131286377,0.0219506987,0.00574559539,0.00324559539,-0.00766079385,-0.00516079385,0.00840638925,0.00420319462,-0.0158489395,-0.0044250239,0,0,51673.7,93.9523,1.29953,13.3015,198.483,0.353401,19.4185,229.889,2486.05,65,65,0.00872083668463398062,-0.000295362176596327861,20945563.5219530798,0.0459950439523701335
26.8,0.04566362668124897,-0.1188489869833912,-0.2183191168800778,0.03663232999941723,-0.2182268511678703,-0.02117039435071832,0.04974582715791551,-0.1186319714145494,-0.2174560717099505,6.821138297,1939717.029,103.611164636,1525.69612602,102.8131842261095,0.26160613697866,12.8317632774585,-0.9779770905637317,0.02732708429604624,0.001123425016437807,-0.5309093438262842,-0.3208620769634646,-0.9556996778551103,5.608420031983004,-0.04001269538638721,-31.12053202339939,102.81318422611,0.2616061369786866,12.8317632774586,5.69268389600868,1522.196739407518,103.1181304937401,8.658449117530013,-5.191903277863232,103.1181304937401,103.1167981608702,-5.191858374614768,-8.674328847804611, 1337.930962, 2.857725524,-7.063917207, 2.857725524, 1379.179417, 7.371507843,-7.063917207, 7.371507843, 2338.252732,55.13760484,1774,40.97745208568207,-1.499436302142052,36.83934611048478,19917.958845936,23198.798740939,-0.6095642041957705,11.91464012197177,356.8967083333125,0.994235669574819,-0.002478435419795907,0.1038913467960638,-0.02637951409486455,0.7764446111904241,0.01690055065168423,-0.6296282374300006,-0.0204063659629015,-0.7764641732913562,-0.01751555000838671,0.6296114289698393,0.01964794170979298,7.1141051888725,0.14466533140602,0.0087494790858094,0.0088083897191779,-0.00029713896659322,20945524.28218473,40809.71536006372,3198.538836137374,20945564.03815993,-108.6248115647977,3198.538836137374,0.11193060600271,23198.798740939,-3280.8398950132,6.23202265,9.84848485,9.84848485,0.461323072,3.10764472,3197.31897,178.068043,3.10764472,-3.12437793,0,1,-0.523,0,0.0106389024,0.174,0.348,0,0.173209448,0.43302362,0.433039809,0,0,-0.00460195312,-1,-0.532082972,0,356.922998,-356.922998,360,3.07700216,0.0536936877,0.0474542249,0.0580931273,0,0,0,-100,-100,-2.8,-11.4743288,0,0,0,-0,-0.324590162,-0.158594753,-0.131548903,0.0220163215,0.00576277214,0.00326277214,-0.00768369619,-0.00518369619,0.00844646833,0.00422323416,-0.0159983005,-0.0044667255,0,0,51664.6,93.9356,1.29953,13.3009,198.481,0.356917,19.4316,229.826,2485.64,65,65,0.00874905721719238492,-0.000296777841164529599,20945564.3914460577,0.0497458271579155134
26.9,0.04921350253546589,-0.1383860778860737,-0.2204290352131706,0.0338646545784331,-0.1679853806730184,-0.0207538928904258,0.05329581243581752,-0.1381674288508851,-0.2195669204114193,6.808245844,1937865.454,103.51471723,1525.65748123,102.7159229446982,0.2645110963242505,12.83222080037694,-0.9667900590670211,0.03123262715538411,0.005833838468404906,-0.5679838222749751,-0.3212591674414562,-0.9411000305320443,5.608135922424307,-0.04037772393825782,-31.08248321939739,102.7159229446987,0.2645110963242773,12.83222080037704,5.637727465677679,1522.164632793001,103.0232825278847,8.614491790748055,-5.224028286453598,103.0232825278847,103.0219526784412,-5.223983396977804,-8.630408273077361, 1337.930962, 2.857725524,-7.063917207, 2.857725524, 1379.179417, 7.371507843,-7.063917207, 7.371507843, 2338.252732,55.13760484,1774,40.97745208568207,-1.499436302142052,36.83934611048478,19918.824113715,23199.664008714,-0.6094310875141592,11.90163029690587,356.8744393891943,0.9942422831352307,-0.002460233017906369,0.1037789212361239,-0.02657376876936892,0.7763696277819194,0.01705078709733871,-0.6297125979540149,-0.02053084740409843,-0.7763893835959342,-0.01766816469033318,0.6296955782908983,0.01976966557359512,7.1210236749613,0.14640803117038,0.0087776732826252,0.008836773746316,-0.00029856357244422,20945524.84873622,40961.93342900422,3208.845894612885,20945564.9018379,-109.1456078817064,3208.845894612885,0.11234841341594,23199.664008714,-3280.8398950115,6.23163398,9.84848485,9.84848485,0.461306393,3.10759157,3207.62776,178.064997,3.10759157,-3.12404242,0,1,-0.523,0,0.010636579,0.174,0.348,0,0.173147032,0.432867579,0.43288271,0,0,-0.00460195312,-1,-0.531009387,0,356.900727,-356.900727,360,3.09927274,0.0540823094,0.047768069,0.058404648,0,0,0,-100,-100,-2.8,-11.4304083,0,0,0,-0,-0.325187481,-0.158886603,-0.131836579,0.0220752576,0.00577819867,0.00327819867,-0.00770426489,-0.00520426489,0.00848246356,0.00424123178,-0.0161650596,-0.00451328463,0,0,51655.5,93.9191,1.29953,13.3004,198.479,0.361015,19.4437,229.764,2485.23,65,65,0.00877725162210548152,-0.000298202285898427994,20945565.2567395307,0.053295812435817512
27,0.05242808422461928,-0.1530909695133679,-0.2224355272202949,0.02983437415782662,-0.1226782235610166,-0.01898922245673133,0.05651052795292957,-0.1528706671386756,-0.2215744676849657,6.795527436,1936037.061,103.419490567,1525.61889538,102.6197902491381,0.2678034525285424,12.83347028590373,-0.955499304977077,0.03500167416759853,0.01744540084165891,-0.6030119100639091,-0.3215983449263177,-0.9257444959738348,5.608087652573446,-0.04078306307444106,-31.04645194254328,102.6197902491386,0.2678034525285694,12.83347028590383,5.579154235667255,1522.13248945634,102.9299349865989,8.566916897514382,-5.256181843416749,102.9299349865989,102.9286082277193,-5.256136987525775,-8.58287022612471, 1337.930962, 2.857725524,-7.063917207, 2.857725524, 1379.179417, 7.371507843,-7.063917207, 7.371507843, 2338.252732,55.13760484,1774,40.97745208568207,-1.499436302142052,36.83934611048478,19919.684806839,23200.524701846,-0.6089913205112377,11.8868861309455,356.8519783448627,0.9942503720696849,-0.002439661738886816,0.1036513761566489,-0.0267700935882868,0.776284995694401,0.01720416236473592,-0.6298086918939911,-0.02065511732843064,-0.7763049459159703,-0.01782393035287151,0.6297914568289003,0.01989118796125246,7.1283128497066,0.14836685650816,0.0088058417372452,0.008865131857932,-0.00029999696994405,20945525.4096095,41114.14828539896,3219.143542685052,20945565.76093754,-109.669618172622,3219.143542685052,0.11276622082916,23200.524701846,-3280.8398950097,6.23124196,9.84848485,9.84848485,0.461289803,3.10753766,3217.92727,178.061908,3.10753766,-3.12370431,0,1,-0.523,0,0.0106289037,0.174,0.348,0,0.173090243,0.432725609,0.43273911,0,0,-0.00460195312,-1,-0.529759203,0,356.878265,-356.878265,360,3.12173544,0.0544742835,0.0480856428,0.0587145464,0,0,0,-100,-100,-2.8,-11.3828702,0,0,0,-0,-0.325834689,-0.159202829,-0.132148817,0.022127972,0.00579199666,0.00329199666,-0.00772266222,-0.00522266222,0.00851465888,0.00425732944,-0.0163495217,-0.00456478645,0,0,51646.5,93.9028,1.29953,13.2998,198.477,0.365727,19.4561,229.702,2484.82,65,65,0.0088054202956026114,-0.000299635519449631827,20945566.1174625456,0.0565105279529295734
27.1,0.05519237172932322,-0.1635975646626779,-0.2242111069293702,0.02481454847114224,-0.08512825889956685,-0.016054428788712,0.05927496677761041,-0.1633755908288911,-0.2233511948738021,6.782994073,1934233.49,103.325571356,1525.58037893,102.5248005979187,0.2714571709604696,12.83609244944197,-0.944006059761306,0.03836704793834678,0.03364989658242834,-0.6348878776560376,-0.3218903397590281,-0.9099124740742214,5.608479372588524,-0.04122431890614077,-31.01353390683169,102.5248005979192,0.2714571709604968,12.83609244944207,5.51722810716848,1522.100314657597,102.8381490325314,8.515988348067191,-5.288359105405204,102.8381490325314,102.8368259356319,-5.288314301815091,-8.531978629781076, 1337.930962, 2.857725524,-7.063917207, 2.857725524, 1379.179417, 7.371507843,-7.063917207, 7.371507843, 2338.252732,55.13760484,1774,40.97745208568207,-1.499436302142052,36.83934611048478,19920.540575851,23201.380470856,-0.6082807574979762,11.87086497325944,356.8293368562113,0.9942595193778312,-0.002416940583912272,0.1035126858200549,-0.026968322140924,0.7761932305218887,0.01736040393691778,-0.6299134143486687,-0.02077921294812838,-0.7762133758788058,-0.01798257154071557,0.6298959599188055,0.02001254370581878,7.1362920074382,0.1505277725794,0.008833984869276,0.0088934644764591,-0.00030143916621478,20945525.96445518,41266.35992584764,3229.431933687362,20945566.61510937,-110.1968450393688,3229.431933687362,0.11318402824239,23201.380470856,-3280.8398950145,6.2308468,9.84848485,9.84848485,0.461273308,3.107483,3228.21766,178.058776,3.107483,-3.1233638,0,1,-0.523,0,0.010616502,0.174,0.348,0,0.173041136,0.43260284,0.432614246,0,0,-0.0061359375,-1,-0.528390658,0,356.855621,-356.855621,360,3.1443786,0.0548694065,0.0484069238,0.0590234258,0,0,0,-100,-100,-2.8,-11.3319786,0,0,0,-0,-0.32652832,-0.159541737,-0.132484062,0.0221751344,0.00580434144,0.00330434144,-0.00773912192,-0.00523912192,0.00854346336,0.00427173168,-0.0165507266,-0.00462096286,0,0,51637.6,93.8866,1.29953,13.2992,198.475,0.371038,19.4697,229.641,2484.42,65,65,0.00883356365479809683,-0.00030107754914468043,20945566.9732644409,0.0592749667776104189
27.2,0.05742348877361587,-0.1707515320966672,-0.2256493047163054,0.01917514637854269,-0.05663175182563908,-0.01219256264266208,0.06150624691038051,-0.1705278714336426,-0.2247906049090422,6.770654376,1932456.044,103.233028499,1525.54193986,102.430978697088,0.2754213328663129,12.84044077655103,-0.932202654543028,0.04110523398880422,0.05221603632469751,-0.6629532595276117,-0.3221464223547317,-0.8938258186298302,5.609436829021734,-0.04169459159135074,-30.98438260144725,102.4309786970884,0.2754213328663403,12.84044077655113,5.452301010194946,1522.068112555212,102.7479606830298,8.462058079279924,-5.320556515200866,102.7479606830299,102.7466417695671,-5.32051178104299,-8.478085429743617, 1337.930962, 2.857725524,-7.063917207, 2.857725524, 1379.179417, 7.371507843,-7.063917207, 7.371507843, 2338.252732,55.13760484,1774,40.97745208568207,-1.499436302142052,36.83934611048478,19921.391102433,23202.230997438,-0.607342899100575,11.85395009990675,356.8065394707536,0.994269379436161,-0.002392381732544103,0.1033661836784002,-0.0271681743413208,0.7760964451719411,0.01751909302704669,-0.6300241639800229,-0.0209031569926475,-0.7761167864116683,-0.01814366698270656,0.6300064866075885,0.0201337535201005,7.1451556898509,0.15286288614707,0.008862103111473,0.0089217720375674,-0.00030289016723006,20945526.51295501,41418.56834742137,3239.711225764136,20945567.46403507,-110.7272906640646,3239.711225764136,0.11360183565561,23202.230997438,-3280.8398950094,6.23044891,9.84848485,9.84848485,0.461256914,3.1074276,3238.49908,178.055601,3.1074276,-3.12302131,0,1,-0.523,0,0.0106001333,0.174,0.348,0,0.173001219,0.432503048,0.432512044,0,0,-0.0061359375,-1,-0.526960521,0,356.832822,-356.832822,360,3.16717766,0.0552672502,0.0487318752,0.0593320085,0,0,0,-100,-100,-2.8,-11.2780854,0,0,0,-0,-0.327263642,-0.159901015,-0.132840087,0.0222175772,0.00581545082,0.00331545082,-0.00775393443,-0.00525393443,0.00856938525,0.00428469262,-0.016766583,-0.00468122998,0,0,51628.8,93.8706,1.29953,13.2987,198.473,0.376891,19.4853,229.581,2484.02,65,65,0.00886168213024268736,-0.000302528381324272655,20945567.8238258995,0.0615062469103805076
27.3,0.05907789328674103,-0.1754690208782867,-0.2266696562724539,0.01332833450220555,-0.03722714405558271,-0.007678841977845998,0.06316082195479221,-0.1752436615383988,-0.2258122123302469,6.758514891,1930705.734,103.141915335,1525.50358382,102.3383596241801,0.2796250725542526,12.84665941935371,-0.9199900332184612,0.04304770337716385,0.07120361421323906,-0.6869548791741273,-0.3223780375298798,-0.8776440206053245,5.611013686971306,-0.0421851064614475,-30.95925071668163,102.3383596241806,0.2796250725542803,12.84665941935381,5.384769926129729,1522.035886167212,102.6593868834458,8.40552307716014,-5.352771758669177,102.6593868834459,102.658072617177,-5.352727109218318,-8.421587617946962, 1337.930962, 2.857725524,-7.063917207, 2.857725524, 1379.179417, 7.371507843,-7.063917207, 7.371507843, 2338.252732,55.13760484,1774,40.97745208568207,-1.499436302142052,36.83934611048478,19922.236106072,23203.076001077,-0.6062257574156532,11.83643608585453,356.7836213952389,0.9942796906680327,-0.002366365465272597,0.1032144348436681,-0.02736927984928382,0.7759962686392544,0.01767969887161074,-0.6301389421426459,-0.02102695653466497,-0.7760168065138848,-0.01830668399281871,0.6301210387521041,0.0202548229108151,7.1549829505056,0.15533312598768,0.0088901969036782,0.0089500549840615,-0.00030434997816113,20945527.05482854,41570.77354755023,3249.98157965572,20945568.30743412,-111.2609569356573,3249.98157965572,0.11401964306883,23203.076001077,-3280.8398950142,6.23004891,9.84848485,9.84848485,0.461240628,3.10737146,3248.7717,178.052385,3.10737146,-3.12267745,0,1,-0.523,0,0.0105806355,0.174,0.348,0,0.172971324,0.43242831,0.432434762,0,0,-0.00460195312,-1,-0.525519462,0,356.809903,-356.809903,360,3.19009743,0.0556672001,0.0490604362,0.0596410717,0,0,0,-100,-100,-2.8,-11.2215876,0,0,0,-0,-0.328035245,-0.160278021,-0.13321429,0.0222562338,0.00582556921,0.00332556921,-0.00776742561,-0.00526742561,0.00859299482,0.00429649741,-0.0169940752,-0.00474474581,0,0,51620.1,93.8547,1.29953,13.2981,198.471,0.383195,19.5031,229.521,2483.63,65,65,0.00888977615995708778,-0.000303988021656903475,20945568.6688656807,0.0631608219547922095
27.4,0.06015330423274954,-0.1786253565104444,-0.2272196207819796,0.007678958991783688,-0.02602260724950441,-0.002792869955796705,0.06423640795781724,-0.1783982906868583,-0.2263634616048438,6.746580478,1928983.332,103.052272539,1525.46531445,102.2469874620515,0.2839833499450553,12.85471834833047,-0.9072894117202344,0.04408576847313994,0.08909025219963596,-0.7069715593246961,-0.3225961548696414,-0.8614671135918629,5.613203681953077,-0.04268588835533766,-30.93806257695616,102.246987462052,0.2839833499450831,12.85471834833057,5.31503982245428,1522.003637384366,102.5724316552775,8.346788311624898,-5.385003679406011,102.5724316552775,102.5711224402194,-5.384959127999894,-8.362890168247253, 1337.930962, 2.857725524,-7.063917207, 2.857725524, 1379.179417, 7.371507843,-7.063917207, 7.371507843, 2338.252732,55.13760484,1774,40.97745208568207,-1.499436302142052,36.83934611048478,19923.075346626,23203.915241632,-0.6049783390558402,11.81852700374296,356.7606257540655,0.9942902762820143,-0.002339308283734489,0.1030592197094109,-0.02757120528154478,0.7758938349448391,0.01784162051367928,-0.6302563649856884,-0.02115059968567059,-0.7759145701924886,-0.01847102027646895,0.6302382330813274,0.02037573889405255,7.1657563139051,0.15789140401051,0.0089182666884499,0.0089783137614801,-0.00030581860370682,20945527.58983568,41722.97552390936,3260.243157101183,20945569.14506635,-111.7978455705816,3260.243157101183,0.11443745048206,23203.915241632,-3280.8398950157,6.22964756,9.84848485,9.84848485,0.461224452,3.10731461,3259.03567,178.049127,3.10731461,-3.12233296,0,1,-0.523,0,0.0105588639,0.174,0.348,0,0.172951562,0.432378905,0.432382856,0,0,-0.0061359375,-1,-0.524108455,0,356.786905,-356.786905,360,3.21309476,0.0560685036,0.0493925154,0.0599513793,0,0,0,-100,-100,-2.8,-11.1628902,0,0,0,-0,-0.328837566,-0.160670035,-0.133603951,0.0222920701,0.00583494936,0.00333494936,-0.00777993248,-0.00527993248,0.00861488184,0.00430744092,-0.0172295113,-0.00481047956,0,0,51611.4,93.8389,1.29953,13.2975,198.469,0.389831,19.5233,229.462,2483.24,65,65,0.00891784618509401834,-0.000305456475426740034,20945569.508143194,0.0642364079578172514
27.5,0.06068608256511245,-0.1809772576195755,-0.2272739977731028,0.00258465103323811,-0.02153259611306975,0.002202861457251367,0.06476936422863742,-0.1807484818053675,-0.2264191434360075,6.734854726,1927289.427,102.964131218,1525.42713374,102.1569130032851,0.2884029546233098,12.86445750703422,-0.8940485838947341,0.04417000280231953,0.104821028831438,-0.7233255173670727,-0.322810475094636,-0.8453438859868297,5.615955757357348,-0.04318642081128871,-30.92050174526456,102.1569130032856,0.2884029546233378,12.86445750703432,5.243494811863076,1521.971367056745,102.487091667291,8.286237895796948,-5.417252134600775,102.487091667291,102.485787850196,-5.417207692712608,-8.302377196556982, 1337.930962, 2.857725524,-7.063917207, 2.857725524, 1379.179417, 7.371507843,-7.063917207, 7.371507843, 2338.252732,55.13760484,1774,40.97745208568207,-1.499436302142052,36.83934611048478,19923.90862361,23204.748518615,-0.6036471813495945,11.80034425402269,356.7376006629539,0.9943010361790594,-0.00231162895564889,0.102901601103423,-0.02777348222985686,0.7757898249010886,0.01800423062429389,-0.6303756102490201,-0.02127405139462168,-0.7758107582227169,-0.01863604770976895,0.6303572479498879,0.02049646576109486,7.1773858909395,0.16048592369743,0.0089463129083081,0.0090065488153238,-0.00030729604839166,20945528.11777602,41875.17427430988,3270.496119831388,20945569.97673128,-112.3379582217312,3270.496119831388,0.11485525789528,23204.748518615,-3280.8398950138,6.2292457,9.84848485,9.84848485,0.461208393,3.10725703,3269.29117,178.045828,3.10725703,-3.12198867,0,1,-0.523,0,0.0105356308,0.174,0.348,0,0.172941362,0.432353405,0.43235506,0,0,-0.0061359375,-1,-0.522756436,0,356.763878,-356.763878,360,3.23612155,0.056470321,0.0497279868,0.0602636176,0,0,0,-100,-100,-2.8,-11.1023772,0,0,0,-0,-0.329665295,-0.161074463,-0.134006447,0.0223260137,0.0058438341,0.0033438341,-0.0077917788,-0.0052917788,0.0086356129,0.00431780645,-0.0174687864,-0.00487728517,0,0,51602.8,93.8233,1.29953,13.297,198.467,0.39666,19.5459,229.403,2482.85,65,65,0.00894589264716786139,-0.000306933747785862322,20945570.3414576724,0.0647693642286374244
27.6,0.06074514655998339,-0.1831176943141298,-0.226832491381362,-0.00167219695924444,-0.02198627364310596,0.007077884989279308,0.0648286084424804,-0.1828872093196864,-0.225978958033433,6.723340342,1925624.485,102.877515853,1525.38904239,102.0681910199676,0.2927882522843595,12.87563299659397,-0.8802437481019831,0.04330547787341987,0.1177965153011655,-0.736491726475986,-0.323028629922716,-0.8292830875591825,5.619189835518862,-0.04367624671375268,-30.90610064899198,102.0681910199681,0.2927882522843877,12.87563299659407,5.170478375706598,1521.939075161119,102.4033608166317,8.224215309781309,-5.449517786864001,102.4033608166317,102.4020626926352,-5.449473464283644,-8.240392185322865, 1337.930962, 2.857725524,-7.063917207, 2.857725524, 1379.179417, 7.371507843,-7.063917207, 7.371507843, 2338.252732,55.13760484,1774,40.97745208568207,-1.499436302142052,36.83934611048478,19924.735773034,23205.575668035,-0.602273298542184,11.78194068547212,356.7145963819394,0.9943119332107054,-0.00228371654720241,0.1027420460740113,-0.02797563372021653,0.7756845425176346,0.01816691681636635,-0.6304963214359747,-0.0213972495498742,-0.7757056745494945,-0.0188011535672434,0.6304777274697732,0.02061694111175135,7.1897347884824,0.16306336378623,0.0089743360043769,0.0090347605896871,-0.00030878231681632,20945528.63848563,42027.36979660251,3280.740629072153,20945570.8022649,-112.8812965700126,3280.740629072153,0.11527306530851,23205.575668035,-3280.8398950153,6.2288442,9.84848485,9.84848485,0.461192452,3.10719874,3279.53834,178.042488,3.10719874,-3.12164546,0,1,-0.523,0,0.0105116521,0.174,0.348,0,0.172939572,0.43234893,0.432348627,0,0,-0.0061359375,-1,-0.52147925,0,356.740872,-356.740872,360,3.25912752,0.0568717753,0.0500666886,0.0605783406,0,0,0,-100,-100,-2.8,-11.0403922,0,0,0,-0,-0.330513655,-0.161488972,-0.134419395,0.0223588919,0.00585243996,0.00335243996,-0.00780325328,-0.00530325328,0.00865569325,0.00432784662,-0.0177076387,-0.00494397273,0,0,51594.4,93.8079,1.29953,13.2964,198.464,0.403536,19.5704,229.346,2482.47,65,65,0.00897391598664680143,-0.000308419843960308204,20945571.1686450988,0.0648286084424803954
27.7,0.06042364063187032,-0.185459383405234,-0.225916066727165,-0.004900169779018433,-0.02558363109370793,0.01164249868765308,0.06450728518162673,-0.1852271941666966,-0.2250638702690355,6.71203949,1923988.89,102.792446826,1525.35104034,101.9808774996943,0.2970463134155024,12.88795997331249,-0.8658778986378417,0.04154411931965185,0.1278169199098045,-0.7470151647723,-0.3232554944938745,-0.8132656468053324,5.622811452810746,-0.04414548148639993,-30.89432240191715,101.9808774996948,0.2970463134155308,12.88795997331259,5.096282328458263,1521.906761043661,102.3212336232189,8.16101236561062,-5.481801837415605,102.3212336232189,102.3199414433334,-5.481757642495173,-8.17722694899976, 1337.930962, 2.857725524,-7.063917207, 2.857725524, 1379.179417, 7.371507843,-7.063917207, 7.371507843, 2338.252732,55.13760484,1774,40.97745208568207,-1.499436302142052,36.83934611048478,19925.556662749,23206.396557753,-0.6008897929184598,11.7633179033805,356.6916627423097,0.9943229766945854,-0.002255903538479861,0.1025805754586764,-0.0281771974300272,0.7755780091148059,0.01832911707200243,-0.6306184904031003,-0.02152010238334575,-0.7755993403977354,-0.01896577583909008,0.630599664064092,0.02073707317037652,7.2026428452537,0.16557173500518,0.0090023364161196,0.009062949526993,-0.00031027741384276,20945529.15183242,42179.56208860181,3290.976845447024,20945571.62153504,-113.427862391989,3290.976845447024,0.11569087272173,23206.396557753,-3280.8398950134,6.22844393,9.84848485,9.84848485,0.461176632,3.10713975,3289.77736,178.039108,3.10713975,-3.12130418,0,1,-0.523,0,0.0104875053,0.174,0.348,0,0.172944601,0.432361502,0.432359673,0,0,-0.00766992187,-1,-0.520279786,0,356.717937,-356.717937,360,3.28206285,0.0572719968,0.050408424,0.0608959293,0,0,0,-100,-100,-2.8,-10.9772269,0,0,0,-0,-0.331378569,-0.161911569,-0.134840743,0.0223913815,0.00586094412,0.00336094412,-0.00781459216,-0.00531459216,0.00867553628,0.00433776814,-0.0179418809,-0.00500937315,0,0,51586,93.7927,1.29953,13.2959,198.462,0.410312,19.5966,229.288,2482.1,65,65,0.00900191664261938349,-0.000309914769396087749,20945571.9895733669,0.0645072851816267251
27.8,0.05982955175071625,-0.1882410449422683,-0.2245626788900797,-0.007003259810705939,-0.03068698347876204,0.01575121771602336,0.06391338207258979,-0.1880071601628738,-0.2237118373850917,6.700954053,1922382.988,102.708942407,1525.3131271,101.8950271438138,0.3010911918148187,12.90114870131654,-0.8509768555637756,0.03897540455091958,0.1349997976405461,-0.7554424002187652,-0.3234927025102994,-0.7972563641749036,5.62672407887248,-0.0445852229011895,-30.88462844061729,101.8950271438143,0.3010911918148473,12.90114870131664,5.021143382288161,1521.874423721924,102.2407074172834,8.096865772415848,-5.514105714869054,102.2407074172834,102.2394213965669,-5.514061654793472,-8.113118199569531, 1337.930962, 2.857725524,-7.063917207, 2.857725524, 1379.179417, 7.371507843,-7.063917207, 7.371507843, 2338.252732,55.13760484,1774,40.97745208568207,-1.499436302142052,36.83934611048478,19926.371187009,23207.211082011,-0.5995202772389845,11.74444415629314,356.6688469728691,0.9943342055933461,-0.002228446028419873,0.1024169186427538,-0.02837774464384828,0.7754700608694081,0.01849034714367412,-0.6307423360424453,-0.02164248787505498,-0.7754915918169346,-0.01912943051576387,0.6307232771207332,0.02085674009672654,7.2159466867091,0.1679627775734,0.0090303145818376,0.0090911160684945,-0.00031178134469949,20945529.6577107,42331.75114803783,3301.204929158681,20945572.43443595,-113.9776575983633,3301.204929158681,0.11610868013495,23207.211082011,-3280.8398950149,6.22804572,9.84848485,9.84848485,0.461160935,3.10708006,3300.00838,178.035688,3.10708006,-3.12096566,0,1,-0.523,0,0.0104636028,0.174,0.348,0,0.172954583,0.432386457,0.432383586,0,0,-0.0061359375,-1,-0.519149113,0,356.69512,-356.69512,360,3.3048803,0.0576701613,0.0507529644,0.0612165671,0,0,0,-100,-100,-2.8,-10.9131182,0,0,0,-0,-0.332256715,-0.162340631,-0.135268806,0.022423975,0.00586947544,0.00336947544,-0.00782596726,-0.00532596726,0.0086954427,0.00434772135,-0.0181675967,-0.00507239301,0,0,51577.7,93.7776,1.29953,13.2953,198.46,0.416848,19.624,229.232,2481.73,65,65,0.00902989505321660432,-0.000311418529833384244,20945572.8041368835,0.0639133820725897861
27.9,0.05907632432973437,-0.1915497760460228,-0.2228228533052113,-0.007975894602919526,-0.03594540474892026,0.0193020787721335,0.06316034441865236,-0.1913142077157534,-0.2219733882208289,6.690085813,1920807.107,102.627020144,1525.2753023,101.8106913200569,0.304847236011546,12.91493185408829,-0.835583940386563,0.03571645646471533,0.1396868114496428,-0.7622707581734964,-0.3237384198441917,-0.781214028756806,5.630838481818454,-0.04498785243574156,-30.8765287657602,101.8106913200574,0.3048472360115748,12.91493185408839,4.945245689811252,1521.842062222709,102.1617834292607,8.03195967984777,-5.54643074013299,102.1617834292607,102.1605037547157,-5.54638682118343,-8.048250090142913, 1337.930962, 2.857725524,-7.063917207, 2.857725524, 1379.179417, 7.371507843,-7.063917207, 7.371507843, 2338.252732,55.13760484,1774,40.97745208568207,-1.499436302142052,36.83934611048478,19927.179261103,23208.019156106,-0.5981781529590399,11.72527082186225,356.6461919885704,0.9943456731539287,-0.002201511970179225,0.1022506563550713,-0.02857689451397458,0.7753604389334453,0.01865021895722004,-0.6308681924551174,-0.02176425551669335,-0.7753821698010885,-0.01929172988139053,0.630848901145847,0.0209757916612655,7.2294950018277,0.17019383083645,0.0090582709396134,0.009119260655224,-0.00031329411499881,20945530.15603584,42483.93697253995,3311.425040332904,20945573.2408829,-114.5306842402279,3311.425040332904,0.11652648754818,23208.019156106,-3280.8398950064,6.22765031,9.84848485,9.84848485,0.461145362,3.10701969,3310.23157,178.032228,3.10701969,-3.12063063,0,1,-0.523,0,0.0104401783,0.174,0.348,0,0.17296754,0.43241885,0.432415433,0,0,-0.00766992187,-1,-0.518068374,0,356.672463,-356.672463,360,3.32753696,0.0580655199,0.0511000539,0.0615402322,0,0,0,-100,-100,-2.8,-10.8482501,0,0,0,-0,-0.3331455,-0.162774891,-0.135702259,0.0224569629,0.00587811003,0.00337811003,-0.00783748004,-0.00533748004,0.00871559006,0.00435779503,-0.0183812956,-0.00513205774,0,0,51569.4,93.7626,1.29953,13.2948,198.457,0.423017,19.6523,229.176,2481.36,65,65,0.00905785165648154665,-0.000312931131301861869,20945573.6122510917,0.063160344418652356
28,0.05827430823002573,-0.1953530113754585,-0.2207554775839203,-0.007890963632490569,-0.04035713820946901,0.02223301259584758,0.06235852299318916,-0.1951157742135423,-0.2199074140533637,6.679436565,1919261.581,102.546697674,1525.23756597,101.727916567008,0.3082514128523766,12.92908256346979,-0.8197541734122451,0.03190237076802371,0.1423520104570954,-0.7679156448687472,-0.3239873970562012,-0.7650993602616735,5.635078960713641,-0.04534723159711388,-30.86961422718401,101.7279165670085,0.3082514128524056,12.92908256346989,4.868727557434791,1521.809675928659,102.0844669733273,7.966432392124014,-5.578777791240965,102.0844669733273,102.0831938108586,-5.578734019028061,-7.982760929045666, 1337.930962, 2.857725524,-7.063917207, 2.857725524, 1379.179417, 7.371507843,-7.063917207, 7.371507843, 2338.252732,55.13760484,1774,40.97745208568207,-1.499436302142052,36.83934611048478,19927.980816364,23208.820711361,-0.596866702522722,11.70574617739115,356.6237351533261,0.9943574341778715,-0.002175177440846383,0.1020813400969215,-0.02877432366394871,0.775248864889204,0.01880845004081124,-0.630996415506937,-0.02188523046395166,-0.7752707957474595,-0.01945239184946323,0.6309768923081697,0.02109405332221838,7.2431587247119,0.17222915982353,0.0090862059284224,0.0091473837291132,-0.00031481573066099,20945530.6467392,42636.11955965514,3321.637339424379,20945574.04080721,-115.0869444813361,3321.637339424379,0.1169442949614,23208.820711361,-3280.8398950144,6.22725837,9.84848485,9.84848485,0.461129916,3.10695863,3320.44708,178.02873,3.10695863,-3.12029974,0,1,-0.523,0,0.0104172892,0.174,0.348,0,0.172981535,0.432453838,0.432450346,0,0,-0.00766992187,-1,-0.517011162,0,356.650005,-356.650005,360,3.34999545,0.0584574205,0.0514494149,0.0618667041,0,0,0,-100,-100,-2.8,-10.7827609,0,0,0,-0,-0.334042967,-0.163213394,-0.136140099,0.0224904336,0.00588687099,0.00338687099,-0.00784916132,-0.00534916132,0.00873603232,0.00436801616,-0.0185800245,-0.00518754285,0,0,51561.3,93.7479,1.29953,13.2942,198.455,0.42871,19.6811,229.121,2481,65,65,0.00908578689141776794,-0.000314452580032513343,20945574.4138474725,0.0623585229931891624
28.1,0.05752362588483746,-0.1995342870589394,-0.2184240452564556,-0.006883373872716991,-0.04327998889907549,0.02451643292287837,0.06160804100643928,-0.1992953979196328,-0.2175774116001153,6.669008157,1917746.745,102.467993039,1525.19991897,101.6467436679783,0.3112546959265305,12.9434237955925,-0.8035486946074686,0.02767738068923398,0.1435206112563279,-0.772694585759762,-0.3242312889520124,-0.748880564970954,5.639386624373925,-0.04565880269852905,-30.86357228491872,101.6467436679788,0.3112546959265598,12.9434237955926,4.791690571147469,1521.777264906018,102.0087669556436,7.900385494491106,-5.611146992313262,102.0087669556437,102.0075004556671,-5.611103371965768,-7.916752306211988, 1337.930962, 2.857725524,-7.063917207, 2.857725524, 1379.179417, 7.371507843,-7.063917207, 7.371507843, 2338.252732,55.13760484,1774,40.97745208568207,-1.499436302142052,36.83934611048478,19928.775796004,23209.615691003,-0.5955798887866135,11.68582576397882,356.6015074905935,0.9943695355167106,-0.002149430206170423,0.1019085821917858,-0.02896977151670603,0.7751350977088458,0.01896486477254228,-0.6311273124374559,-0.02200521982465584,-0.7751572284221351,-0.01961124113873509,0.631107558044875,0.02121133245572408,7.2568364091855,0.1740407645964,0.0091141199891976,0.009175485734064,-0.00031634619774976,20945531.12976408,42788.29890690027,3331.841987605106,20945574.83415209,-115.6464405379375,3331.841987605106,0.11736210237462,23209.615691003,-3280.8398950158,6.22687042,9.84848485,9.84848485,0.461114597,3.1068969,3330.65507,178.025192,3.1068969,-3.11997353,0,1,-0.523,0,0.01039483,0.174,0.348,0,0.172994798,0.432486995,0.432483849,0,0,-0.00766992187,-1,-0.515946134,0,356.627775,-356.627775,360,3.37222475,0.0588453218,0.0518007543,0.0621955843,0,0,0,-100,-100,-2.8,-10.7167523,0,0,0,-0,-0.33494768,-0.163655436,-0.136581584,0.0225242869,0.00589573209,0.00339573209,-0.00786097612,-0.00536097612,0.00875670821,0.00437835411,-0.0187614379,-0.00523819346,0,0,51553.3,93.7333,1.29953,13.2937,198.452,0.433839,19.7101,229.066,2480.65,65,65,0.00911370119900330698,-0.000315982882289599911,20945575.2088693641,0.061608041006439275
28.2,0.0569087966100232,-0.2039281625689287,-0.2158934838294068,-0.005131508069272076,-0.04440234948136871,0.02615302712291796,0.06099341831406295,-0.2036876398448649,-0.2150483105876435,6.658802477,1916262.944,102.390924603,1525.16236316,101.5672072501792,0.3138226217413083,12.95783036698156,-0.7870299137425398,0.02318723817403218,0.1437038062288991,-0.7768252097441639,-0.3244592030126032,-0.7325365939809526,5.643720144956683,-0.04591960738101561,-30.85818899022516,101.5672072501797,0.3138226217413377,12.95783036698166,4.714209592998418,1521.744830188567,101.9346949437074,7.833893850300109,-5.643537448602897,101.9346949437074,101.9334352452435,-5.64349398490565,-7.850299090119398, 1337.930962, 2.857725524,-7.063917207, 2.857725524, 1379.179417, 7.371507843,-7.063917207, 7.371507843, 2338.252732,55.13760484,1774,40.97745208568207,-1.499436302142052,36.83934611048478,19929.564152014,23210.404047016,-0.5943037120794981,11.66547918243772,356.5795332901259,0.9943820099034382,-0.002124179320388624,0.1017321150228936,-0.02916304194665512,0.7750189712836186,0.01911938876127539,-0.6312610956139164,-0.02212402061549208,-0.7750413014970686,-0.01976820360564502,0.6312411108193863,0.02132742627330161,7.2704555001223,0.17560872667984,0.0091420135656928,0.0092035671168186,-0.00031788552222875,20945531.60506252,42940.47501184508,3342.039147079766,20945575.6208695,-116.2091745897269,3342.039147079766,0.11777990978785,23210.404047016,-3280.8398950139,6.2264869,9.84848485,9.84848485,0.461099406,3.1068345,3340.85571,178.021617,3.1068345,-3.1196524,0,1,-0.523,0,0.0103725565,0.174,0.348,0,0.173005823,0.432514558,0.432512103,0,0,-0.00766992187,-1,-0.514839627,0,356.605799,-356.605799,360,3.39420056,0.0592287999,0.0521537695,0.062526326,0,0,0,-100,-100,-2.8,-10.6502991,0,0,0,-0,-0.335858581,-0.164100503,-0.137026171,0.0225582591,0.00590462431,0.00340462431,-0.00787283241,-0.00537283241,0.00877745672,0.00438872836,-0.0189238306,-0.00528353352,0,0,51545.4,93.7189,1.29953,13.2932,198.45,0.438337,19.7391,229.012,2480.3,65,65,0.00914159502301964931,-0.000317522044131123276,20945575.9972688071,0.060993418314062943
28.3,0.05649523331478176,-0.2083509647802552,-0.2132276104874024,-0.002838609035892917,-0.04368817921271607,0.02716551740936264,0.0605800680772464,-0.2081088278305186,-0.2123839291995756,6.648821414,1914810.521,102.315510704,1525.12490166,101.4893358230965,0.3159351453701635,12.97222531891203,-0.7702576974004787,0.01857299368897808,0.1433520220699975,-0.7804337198180455,-0.3246584201222548,-0.7160583995160434,5.64805455910855,-0.04612823798735987,-30.85334061076899,101.489335823097,0.3159351453701932,12.97222531891213,4.636342403140142,1521.712373997543,101.8622640132222,7.767015243528085,-5.675947045328887,101.8622640132222,101.8610112465016,-5.675903742810493,-7.783459070130647, 1337.930962, 2.857725524,-7.063917207, 2.857725524, 1379.179417, 7.371507843,-7.063917207, 7.371507843, 2338.252732,55.13760484,1774,40.97745208568207,-1.499436302142052,36.83934611048478,19930.345842931,23211.185737935,-0.5930179545693487,11.64469356540682,356.5578300457821,0.9943948728644229,-0.002099269202884518,0.1015518215427162,-0.02935400196086491,0.7749004138157279,0.0192720379611875,-0.6313978587758148,-0.02224142878397509,-0.7749229429510602,-0.01992329533263616,0.6313776443753371,0.02144213082244594,7.2839704392127,0.17692116348124,0.0091698871050573,0.0092316283275372,-0.00031943370965376,20945532.07259313,43092.64787222051,3352.228981295231,20945576.40091796,-116.7751486673296,3352.228981295231,0.11819771720107,23211.185737935,-3280.8398950087,6.22610811,9.84848485,9.84848485,0.461084344,3.10677144,3351.04917,178.018003,3.10677144,-3.11933667,0,1,-0.523,0,0.0103501158,0.174,0.348,0,0.173013434,0.432533584,0.432532079,0,0,-0.00766992187,-1,-0.5136581,0,356.584095,-356.584095,360,3.41590541,0.0596075494,0.0525081551,0.0628582709,0,0,0,-100,-100,-2.8,-10.5834591,0,0,0,-0,-0.33677486,-0.164548196,-0.137473446,0.0225919567,0.00591344467,0.00341344467,-0.00788459289,-0.00538459289,0.00879803755,0.00439901878,-0.0190661389,-0.00532326598,0,0,51537.6,93.7046,1.29953,13.2926,198.447,0.442161,19.7679,228.958,2479.95,65,65,0.00916946881060518894,-0.00031907007111102502,20945576.7790043205,0.0605800680772463976
28.4,0.05632754462148969,-0.2126253224251574,-0.2104871923491647,-0.000215653310224203,-0.04130839832284826,0.02759292875819406,0.06041259887481117,-0.2123815910480131,-0.2096450342774752,6.639066785,1913389.806,102.241769127,1525.08753889,101.4131521470858,0.3175859380593034,12.98657249043491,-0.753286718525108,0.01396619885266437,0.1428265299451077,-0.7835702381083962,-0.3248152211178119,-0.6994486056900675,5.652378740145633,-0.04628473709286778,-30.84897847193055,101.4131521470863,0.3175859380593332,12.986572490435,4.558138120045589,1521.679899883602,101.7914875525636,7.699798799325141,-5.708372322435069,101.7914875525636,101.790241840314,-5.708329185410679,-7.716281376850707, 1337.930962, 2.857725524,-7.063917207, 2.857725524, 1379.179417, 7.371507843,-7.063917207, 7.371507843, 2338.252732,55.13760484,1774,40.97745208568207,-1.499436302142052,36.83934611048478,19931.120832559,23211.960727558,-0.59169813958615,11.62347424442551,356.5364086553131,0.9944081222121995,-0.002074496534986589,0.1013677415155081,-0.02954257813019415,0.7747794518743315,0.01942290420114065,-0.6315375722625145,-0.02235724863379053,-0.7748021791354844,-0.02007660815042972,0.6315171289775214,0.02155525040604758,7.2973586196052,0.1779738682201,0.0091977410580844,0.0092596698200485,-0.00032099076481979,20945532.53231975,43244.81748604529,3362.411655031321,20945577.17426127,-117.3443645232765,3362.411655031321,0.1186155246143,23211.960727558,-3280.83989501,6.22573423,9.84848485,9.84848485,0.461069411,3.10670772,3361.2356,178.014352,3.10670772,-3.11902652,0,1,-0.523,0,0.0103270807,0.174,0.348,0,0.173016814,0.432542035,0.432541646,0,0,-0.00766992187,-1,-0.512370252,0,356.562672,-356.562672,360,3.43732838,0.0599813802,0.0528636086,0.0631906893,0,0,0,-100,-100,-2.8,-10.5162814,0,0,0,-0,-0.337695835,-0.164998185,-0.137923069,0.0226248949,0.00592206625,0.00342206625,-0.00789608833,-0.00539608833,0.00881815458,0.00440907729,-0.0191879149,-0.00535726585,0,0,51529.8,93.6906,1.29953,13.2921,198.445,0.445288,19.7965,228.906,2479.62,65,65,0.00919732301249604443,-0.000320626967940381617,20945577.5540396534,0.0604125988748111728
28.5,0.05642944133105227,-0.2165976265753646,-0.2077285446906387,0.002533217874216112,-0.03756926196892136,0.02748567926185602,0.06051472119326134,-0.2163523205388699,-0.2068879396404607,6.629540266,1912001.111,102.169716532,1525.05028057,101.3386738172151,0.3187812661676306,13.00086703294793,-0.7361649428325894,0.009485441917157722,0.1423874657499944,-0.786227669089314,-0.3249157508228815,-0.6827200560350317,5.656692139845419,-0.04639045950117438,-30.84511033067358,101.3386738172156,0.3187812661676607,13.00086703294803,4.47964388292197,1521.647412783656,101.7223781603998,7.632291666590817,-5.7408084312808,101.7223781603999,101.7211396180713,-5.740765463858402,-7.648813164524631, 1337.930962, 2.857725524,-7.063917207, 2.857725524, 1379.179417, 7.371507843,-7.063917207, 7.371507843, 2338.252732,55.13760484,1774,40.97745208568207,-1.499436302142052,36.83934611048478,19931.88908951,23212.728984511,-0.5903175463062613,11.60184327999759,356.5152738161085,0.9944217394905731,-0.002049628385384667,0.1011800592496808,-0.02972875144125741,0.7746562027421995,0.01957213872860481,-0.6316800927090718,-0.02247130200241372,-0.7746791271306385,-0.02022829318977733,0.6316594211234259,0.02166660676616305,7.3106151570678,0.1787697117547,0.009225575879143,0.0092876920517811,-0.00032255669138562,20945532.98421107,43396.98385176242,3372.587334375725,20945577.94086802,-117.9168234947356,3372.587334375725,0.11903333202752,23212.728984511,-3280.8398950081,6.22536536,9.84848485,9.84848485,0.461054609,3.10664335,3371.41518,178.010664,3.10664335,-3.11872201,0,1,-0.523,0,0.0103029848,0.174,0.348,0,0.173015515,0.432538786,0.432539591,0,0,-0.00766992187,-1,-0.510948756,0,356.541535,-356.541535,360,3.45846477,0.0603502103,0.0532198355,0.0635228203,0,0,0,-100,-100,-2.8,-10.4488132,0,0,0,-0,-0.33862086,-0.165450152,-0.138374725,0.0226565374,0.00593034867,0.00343034867,-0.00790713156,-0.00540713156,0.00883748024,0.00441874012,-0.0192892826,-0.00538556771,0,0,51522.2,93.6768,1.29953,13.2916,198.442,0.447716,19.8248,228.854,2479.28,65,65,0.00922515808295945074,-0.000322192738128494586,20945578.3223432899,0.0605147211932613449
28.6,0.05680496102619437,-0.2201485008224412,-0.2050025777723569,0.005222115056144975,-0.03284580332556499,0.0269016203012355,0.0608904720761964,-0.2199016394604074,-0.204163553110775,6.620243315,1910644.715,102.099367883,1525.01313368,101.2659139548069,0.3195385782216267,13.01512535998301,-0.7189331146628968,0.005234054624851103,0.1421951616551702,-0.7883612542999785,-0.3249468560814945,-0.6658936872435837,5.661001319024385,-0.04644790925253396,-30.8417810731342,101.2659139548074,0.3195385782216569,13.01512535998311,4.400909591296633,1521.614918992099,101.6549467259972,7.56454375755048,-5.773249173227987,101.6549467259972,101.6537154612214,-5.773206379288108,-7.581104350461821, 1337.930962, 2.857725524,-7.063917207, 2.857725524, 1379.179417, 7.371507843,-7.063917207, 7.371507843, 2338.252732,55.13760484,1774,40.97745208568207,-1.499436302142052,36.83934611048478,19932.650587168,23213.490482175,-0.5888491432713168,11.57983656458449,356.4944245584801,0.9944356927126101,-0.00202442015816988,0.1009890789441192,-0.02991255114885698,0.7745308589175224,0.01971993517214526,-0.6318251824138765,-0.02258343660657602,-0.7745539792565757,-0.0203785438620726,0.6318042829275404,0.02177604744397804,7.3237473123202,0.17931787621524,0.009253392025831,0.0093156954834141,-0.00032413149149711,20945533.42824052,43549.14696837706,3382.756186597275,20945578.70071157,-118.4925263658224,3382.756186597275,0.11945113944074,23213.490482175,-3280.8398950159,6.22500147,9.84848485,9.84848485,0.461039937,3.10657835,3381.58807,178.006939,3.10657835,-3.11842313,0,1,-0.523,0,0.0102773563,0.174,0.348,0,0.173009432,0.432523581,0.432525572,0,0,-0.00766992187,-1,-0.509371544,0,356.520684,-356.520684,360,3.47931557,0.0607140566,0.0535765543,0.0638539106,0,0,0,-100,-100,-2.8,-10.3811044,0,0,0,-0,-0.339549257,-0.165903767,-0.138828084,0.0226863353,0.00593814826,0.00343814826,-0.00791753101,-0.00541753101,0.00885567926,0.00442783963,-0.0193708785,-0.00540834927,0,0,51514.7,93.6631,1.29953,13.2911,198.44,0.449464,19.8528,228.802,2478.95,65,65,0.00925297447945560257,-0.000323767383623753565,20945579.0838884562,0.0608904720761964113
28.7,0.05744068418417908,-0.2231970546062569,-0.2023541970900273,0.007691479468378904,-0.02752578744239499,0.02590300859006152,0.06152643129433567,-0.2229486564824114,-0.2015167770171764,6.611177113,1909320.855,102.030735973,1524.9761063,101.1948819158858,0.3198849088061104,13.02937569053912,-0.7016250356726772,0.001298795009664844,0.142321155172219,-0.7899066691159895,-0.3248968440307007,-0.6489961240618984,5.665316673756313,-0.0464605620504954,-30.83905485674705,101.1948819158863,0.3198849088061408,13.02937569053922,4.321990746344629,1521.582426051788,101.5892017392313,7.496610588907336,-5.805687114735347,101.5892017392313,101.5879778508118,-5.805644497894214,-7.513210456070853, 1337.930962, 2.857725524,-7.063917207, 2.857725524, 1379.179417, 7.371507843,-7.063917207, 7.371507843, 2338.252732,55.13760484,1774,40.97745208568207,-1.499436302142052,36.83934611048478,19933.405304197,23214.245199196,-0.5872673332443866,11.55750016702775,356.4738548679911,0.9944499397767649,-0.001998632219286165,0.100795193418877,-0.03009404809745492,0.7744036684168352,0.01986651306285773,-0.6319725338633957,-0.02269353307774813,-0.7744269833838706,-0.0205275794047289,0.6319514066625534,0.02188345283451944,7.3367692162317,0.1796329807423,0.0092811899584071,0.0093436805783056,-0.00032571516543201,20945533.86438683,43701.30683558743,3392.918379938486,20945579.45377058,-119.0714732377455,3392.918379938486,0.11986894685397,23214.245199196,-3280.839895014,6.22464246,9.84848485,9.84848485,0.461025396,3.10651271,3391.75443,178.003178,3.10651271,-3.11812976,0,1,-0.523,0,0.0102497486,0.174,0.348,0,0.172998773,0.432496932,0.43250003,0,0,-0.00766992187,-1,-0.507622653,0,356.500113,-356.500113,360,3.49988677,0.0610730242,0.0539335002,0.0641832487,0,0,0,-100,-100,-2.8,-10.3132105,0,0,0,-0,-0.340480273,-0.166358661,-0.139282787,0.0227137622,0.00594532726,0.00344532726,-0.00792710302,-0.00542710302,0.00887243028,0.00443621514,-0.0194337834,-0.00542591234,0,0,51507.3,93.6497,1.29953,13.2906,198.437,0.450563,19.8805,228.752,2478.63,65,65,0.00928077266208214742,-0.000325350904475598659,20945579.838653639,0.0615264312943356734
28.8,0.05830861197054838,-0.2257001223184072,-0.1998219684839254,0.009812962267735521,-0.02196711165804092,0.02455429347238589,0.06239459919910616,-0.2254502049581611,-0.1989861735715175,6.602342519,1908029.721,101.963831043,1524.93920738,101.1255839476748,0.3198551880256852,13.04364997971316,-0.6842684000154371,-0.00225069348520146,0.1427652170675451,-0.7907952269771208,-0.3247561195204039,-0.6320573108089799,5.66964963916381,-0.0464326813329373,-30.8370001110241,101.1255839476753,0.3198551880257159,13.04364997971326,4.242949617660253,1521.549942574946,101.5251488416538,7.428554448288812,-5.838113769157972,101.5251488416539,101.5239324183512,-5.838071332723155,-7.445193773226091, 1337.930962, 2.857725524,-7.063917207, 2.857725524, 1379.179417, 7.371507843,-7.063917207, 7.371507843, 2338.252732,55.13760484,1774,40.97745208568207,-1.499436302142052,36.83934611048478,19934.153225165,23214.993120163,-0.5855494330664422,11.53488648828732,356.453554358814,0.9944644320421266,-0.001972044354743792,0.1005988511521597,-0.03027334786671829,0.7742749139926853,0.02001210276444916,-0.6321217955669478,-0.02280151033995347,-0.7742984221575422,-0.02067562983711394,0.6321004406094617,0.02198874158526823,7.3496973484024,0.17973414884996,0.0093089701390683,0.0093716478017645,-0.00032730771128608,20945534.29263459,43853.46345390127,3403.0740833512,20945580.20002959,-119.6536634140721,3403.0740833512,0.12028675426719,23214.993120163,-3280.8398950153,6.22428815,9.84848485,9.84848485,0.461010986,3.10644644,3401.91445,177.999381,3.10644644,-3.11784171,0,1,-0.523,0,0.0102197655,0.174,0.348,0,0.172984002,0.432460004,0.43246407,0,0,-0.00920390625,-1,-0.505692653,0,356.479811,-356.479811,360,3.52018878,0.0614272941,0.0542904283,0.0645101938,0,0,0,-100,-100,-2.8,-10.2451938,0,0,0,-0,-0.341413062,-0.166814422,-0.139738428,0.0227383453,0.00595176188,0.00345176188,-0.0079356825,-0.0054356825,0.00888744438,0.00444372219,-0.0194794499,-0.00543866241,0,0,51500.1,93.6365,1.29953,13.29,198.434,0.45106,19.908,228.702,2478.32,65,65,0.00930855309286412157,-0.000326943298536556211,20945580.586623203,0.0623945991991061572
28.9,0.05936940073474917,-0.2276478842613156,-0.1974379740038991,0.0114914702306626,-0.01646944406625134,0.02292054825649307,0.06345563127407296,-0.2273964639481735,-0.1966038209842837,6.593740033,1906771.45,101.898660536,1524.90244653,101.0580237477456,0.3194905258431486,13.05797768135927,-0.6668859529653446,-0.005361829445779953,0.1434750939456642,-0.7909654281472562,-0.3245176743552874,-0.6151084052342203,5.674010531068653,-0.0463691342161892,-30.83567814770039,101.0580237477461,0.3194905258431794,13.05797768135936,4.163855068378104,1521.517478007552,101.4627906028703,7.36044421891688,-5.870519832281279,101.4627906028703,101.4615817222006,-5.87047757920735,-7.377123188894217, 1337.930962, 2.857725524,-7.063917207, 2.857725524, 1379.179417, 7.371507843,-7.063917207, 7.371507843, 2338.252732,55.13760484,1774,40.97745208568207,-1.499436302142052,36.83934611048478,19934.894341152,23215.734236152,-0.5836768423963217,11.51205066772076,356.4335089698337,0.994479117667202,-0.001944467513501528,0.1004005254192562,-0.03045058399258743,0.7741448936704984,0.02015693237660741,-0.632272596238053,-0.02290732912081777,-0.7741685935383262,-0.02082292288859613,0.6322510132525047,0.02209187412707457,7.3625470255103,0.17964405637126,0.0093367330311339,0.0093995976202303,-0.00032890912471533,20945534.71297497,44005.61682473138,3413.223466198811,20945580.93947967,-120.2390953065042,3413.223466198811,0.12070456168042,23215.734236152,-3280.8398950067,6.2239383,9.84848485,9.84848485,0.460996708,3.10637956,3412.06828,177.995549,3.10637956,-3.11755874,0,1,-0.523,0,0.0101870827,0.174,0.348,0,0.172965789,0.432414472,0.432419322,0,0,-0.00766992187,-1,-0.50357871,0,356.459764,-356.459764,360,3.54023564,0.0617771119,0.0546471162,0.0648341989,0,0,0,-100,-100,-2.8,-10.1771232,0,0,0,-0,-0.342346689,-0.167270592,-0.140194557,0.0227596889,0.00595734857,0.00345734857,-0.00794313143,-0.00544313143,0.00890048,0.00445024,-0.0195096261,-0.00544708761,0,0,51492.9,93.6235,1.29953,13.2895,198.432,0.451014,19.9354,228.653,2478,65,65,0.00933631623495155202,-0.000328544561218444117,20945581.32778804,0.0634556312740729572
29,0.06057569168161976,-0.2290572657632225,-0.1952278025872577,0.0126648800644575,-0.01125923281423699,0.02106635741342443,0.06466216785378619,-0.2288043573954129,-0.194395304355245,6.585369787,1905546.124,101.835228981,1524.8658337,100.992202902512,0.3188365234712034,13.07238148543926,-0.6494967671502705,-0.007998601247438786,0.1443662577394242,-0.790370660928609,-0.3241774144343736,-0.5981800722097137,5.678407079385205,-0.04627521187853094,-30.83513556759688,100.9922029025125,0.3188365234712344,13.07238148543935,4.084781418247273,1521.485042352842,101.4021264883837,7.292354242135252,-5.902895456701823,101.4021264883837,101.4009252155881,-5.902853389551546,-7.309073047648702, 1337.930962, 2.857725524,-7.063917207, 2.857725524, 1379.179417, 7.371507843,-7.063917207, 7.371507843, 2338.252732,55.13760484,1774,40.97745208568207,-1.499436302142052,36.83934611048478,19935.628650468,23216.468545469,-0.5816358822826608,11.48904753817923,356.4137016633937,0.9944939444475657,-0.001915752563907942,0.1002006881132038,-0.03062591142931984,0.7740139042418481,0.02030121692035259,-0.6324245653111642,-0.02301099352112047,-0.7740377942983749,-0.02096967320522712,0.6324027538073567,0.02219285426087656,7.375329986608,0.17938798957952,0.0093644790981975,0.0094275305004178,-0.00033051939875001,20945535.12540629,44157.76695046548,3423.366697946047,20945581.67211909,-120.8277663668778,3423.366697946047,0.12112236909364,23216.468545469,-3280.8398950113,6.22359259,9.84848485,9.84848485,0.460982562,3.10631206,3422.21611,177.991681,3.10631206,-3.11728053,0,1,-0.523,0,0.0101514612,0.174,0.348,0,0.172944949,0.432362372,0.432367791,0,0,-0.00920390625,-1,-0.501284329,0,356.439956,-356.439956,360,3.56004441,0.0621227749,0.0550033656,0.0651548268,0,0,0,-100,-100,-2.8,-10.109073,0,0,0,-0,-0.34328014,-0.167726677,-0.140650684,0.022777493,0.00596200879,0.00346200879,-0.00794934505,-0.00544934505,0.00891135384,0.00445567692,-0.0195262814,-0.00545173776,0,0,51485.9,93.6106,1.29953,13.289,198.429,0.450488,19.9626,228.604,2477.7,65,65,0.00936406255178065354,-0.000330154685317995099,20945582.0621462725,0.0646621678537861733
29.1,0.0618753274820307,-0.2299643687479709,-0.1932106380858332,0.01330197836352969,-0.006486086828687395,0.01905498342165117,0.06596205077098369,-0.2297099857501043,-0.1923798038638477,6.577231544,1904353.77,101.773537973,1524.8293789,100.9281212004728,0.3179416500987982,13.08687493585291,-0.6321174722440785,-0.01014075491623212,0.1453396673649365,-0.7889833015811867,-0.3237343228468431,-0.5813012366474438,5.682843623115516,-0.04615645768683765,-30.83540021933898,100.9281212004733,0.3179416500988294,13.08687493585301,4.005806720325894,1521.452645870333,101.3431529753257,7.224362593491968,-5.935230549384303,101.3431529753257,101.3419593626114,-5.935188670298957,-7.241121427764186, 1337.930962, 2.857725524,-7.063917207, 2.857725524, 1379.179417, 7.371507843,-7.063917207, 7.371507843, 2338.252732,55.13760484,1774,40.97745208568207,-1.499436302142052,36.83934611048478,19936.356159039,23217.196054039,-0.5794183070564954,11.46592929403008,356.3941131128335,0.9945088620105368,-0.001885796028010753,0.09999978966906974,-0.03079950035292381,0.7738822286193517,0.02044514990161483,-0.6325773486881369,-0.02311255068860501,-0.7739063073766046,-0.02111607393003895,0.6325553079767754,0.02229172884494427,7.3880530289122,0.17899293545137,0.0093922088032902,0.009455446908476,-0.00033213852368588,20945535.52993454,44309.913834507,3433.503947853303,20945582.39795379,-121.4196730474141,3433.503947853303,0.12154017650686,23217.196054039,-3280.8398950093,6.22325071,9.84848485,9.84848485,0.460968546,3.10624396,3432.35809,177.987779,3.10624396,-3.11700675,0,1,-0.523,0,0.0101127572,0.174,0.348,0,0.172922387,0.432305966,0.432311722,0,0,-0.00766992187,-1,-0.498818851,0,356.420366,-356.420366,360,3.5796344,0.0624646203,0.0553590034,0.0654717606,0,0,0,-100,-100,-2.8,-10.0411214,0,0,0,-0,-0.344212349,-0.168182154,-0.141106292,0.0227915642,0.00596569193,0.00346569193,-0.0079542559,-0.0054542559,0.00891994783,0.00445997391,-0.0195315335,-0.00545320414,0,0,51478.9,93.5981,1.29953,13.2886,198.426,0.449556,19.9897,228.557,2477.4,65,65,0.00939179250624452323,-0.000331773660917315393,20945582.7897036634,0.0659620507709836879
29.2,0.06321430337665093,-0.2304169578839331,-0.1913994235138977,0.01339917605722396,-0.002227899296218004,0.01694766829772305,0.06730127448550287,-0.2301611121682137,-0.1905702591275099,6.569324707,1903194.361,101.713586265,1524.7930919,100.865776829902,0.316855712721746,13.10146166968031,-0.6147633220322533,-0.0117827487936974,0.1462962757082913,-0.7867957574594762,-0.3231904668851491,-0.5644982922211634,5.68732087762567,-0.04601850548719264,-30.83648017130739,100.8657768299025,0.3168557127217773,13.10146166968041,3.927010786197859,1521.420298766442,101.2858637698517,7.156549107311795,-5.967515076987103,101.2858637698517,101.2846778559512,-5.967473387667634,-7.173348165818087, 1337.930962, 2.857725524,-7.063917207, 2.857725524, 1379.179417, 7.371507843,-7.063917207, 7.371507843, 2338.252732,55.13760484,1774,40.97745208568207,-1.499436302142052,36.83934611048478,19937.07688069,23217.91677569,-0.5770215104309833,11.44274392070391,356.3747223692496,0.9945238233291942,-0.001854542943892628,0.0997982455164952,-0.03097153036225889,0.7737501273268484,0.02058889718666462,-0.632730619387552,-0.02321208874202244,-0.7737743933674539,-0.02126229059011237,0.6327083486068283,0.02238858572823362,7.4007175537814,0.17848672024213,0.0094199226080906,0.0094833473091924,-0.00033376648705906,20945535.92657359,44462.05748128516,3443.635384688021,20945583.11699754,-122.0148107915447,3443.635384688021,0.12195798392009,23217.91677569,-3280.8398950072,6.22291228,9.84848485,9.84848485,0.460954662,3.10617527,3442.49439,177.983843,3.10617527,-3.11673701,0,1,-0.523,0,0.0100709252,0.174,0.348,0,0.172899043,0.432247608,0.432253465,0,0,-0.00920390625,-1,-0.496196773,0,356.400973,-356.400973,360,3.59902657,0.0628030137,0.0557138822,0.0657848074,0,0,0,-100,-100,-2.8,-9.97334817,0,0,0,-0,-0.345142221,-0.168636489,-0.141560847,0.0228018213,0.00596837672,0.00346837672,-0.00795783563,-0.00545783563,0.00892621235,0.00446310617,-0.0195275794,-0.00545210018,0,0,51472.1,93.5857,1.29953,13.2881,198.424,0.448291,20.0167,228.51,2477.11,65,65,0.00941950655990719463,-0.00033340147536556862,20945583.5104738995,0.0673012744855028822
29.3,0.06453935304340003,-0.2304677485589587,-0.1898010930660187,0.0129764914537618,0.001498110361313588,0.01480296639837798,0.06862657196617336,-0.2302104505304762,-0.1889736012797398,6.561648343,1902067.821,101.655369912,1524.75698194,100.8051664801951,0.3156284394478179,13.11613592362214,-0.59744903005243,-0.01293253345938716,0.1471476783098531,-0.7838191613214889,-0.322550864499289,-0.5477947172492148,5.691836150370905,-0.04586692992393947,-30.83836499757507,100.8051664801956,0.3156284394478495,13.11613592362223,3.848473230889563,1521.388010891598,101.2302500827314,7.088993420966881,-5.999739364648701,101.2302500827314,101.2290718927827,-5.999697866347939,-7.105832901000863, 1337.930962, 2.857725524,-7.063917207, 2.857725524, 1379.179417, 7.371507843,-7.063917207, 7.371507843, 2338.252732,55.13760484,1774,40.97745208568207,-1.499436302142052,36.83934611048478,19937.790837269,23218.63073227,-0.5744484589368666,11.41953434433551,356.3555075004413,0.9945387855977282,-0.001821987140181528,0.09959642870773291,-0.03114218510834766,0.7736178339050951,0.02073259301008606,-0.6328840833760212,-0.02330973316794057,-0.7736422859234825,-0.02140845711127465,0.6328615815229607,0.0224835501525112,7.4133198275723,0.17789720844688,0.0094476209722045,0.0095112321652671,-0.00033540327370315,20945536.31534531,44614.19789623457,3453.761176461052,20945583.8292722,-122.6131740547789,3453.761176461052,0.12237579133331,23218.63073227,-3280.8398950117,6.22257691,9.84848485,9.84848485,0.460940909,3.10610598,3452.6252,177.979873,3.10610598,-3.11647093,0,1,-0.523,0,0.010026017,0.174,0.348,0,0.172875852,0.43218963,0.432195358,0,0,-0.00920390625,-1,-0.493436921,0,356.381757,-356.381757,360,3.61824286,0.0631383378,0.0560678799,0.0660938969,0,0,0,-100,-100,-2.8,-9.9058329,0,0,0,-0,-0.346068663,-0.169089149,-0.142013816,0.0228082948,0.00597007117,0.00347007117,-0.00796009489,-0.00546009489,0.00893016606,0.00446508303,-0.0195166311,-0.00544904341,0,0,51465.4,93.5735,1.29953,13.2876,198.421,0.446769,20.0436,228.464,2476.82,65,65,0.00944720517228291035,-0.000335038113340602433,20945584.2244787104,0.0686265719661733609
29.4,0.06580011537340587,-0.2301689655572598,-0.1884168718025077,0.01207321384022637,0.004721117579879571,0.01267604920952592,0.06988758147211463,-0.2299102241580335,-0.1875910526729584,6.554201206,1900974.023,101.598882465,1524.72105745,100.7462853711213,0.3143081918296504,13.13088391918227,-0.5801893469485186,-0.01361019410596648,0.1478228493271772,-0.7800804734710169,-0.3218232309353666,-0.5312110212748855,5.696383868224797,-0.04570711033996825,-30.84102863117514,100.7462853711218,0.3143081918296821,13.13088391918237,3.770271734532853,1521.355791456895,101.1763009260714,7.021773235919754,-6.031894375589189,101.1763009260715,101.1751304717878,-6.031853069114166,-7.038653336203113, 1337.930962, 2.857725524,-7.063917207, 2.857725524, 1379.179417, 7.371507843,-7.063917207, 7.371507843, 2338.252732,55.13760484,1774,40.97745208568207,-1.499436302142052,36.83934611048478,19938.498058464,23219.337953461,-0.5717073933402844,11.39633819796077,356.3364461961544,0.9945537105637167,-0.001788169291895832,0.09939466783199088,-0.0313116473711426,0.7734855536717721,0.02087633786788343,-0.633037481277772,-0.02340564196497699,-0.773510190510855,-0.02155467371364054,0.6330147472424148,0.02257677989841016,7.4258517412671,0.17725157153696,0.0094753043525216,0.0095391019366664,-0.00033704886588642,20945536.69627943,44766.33508574515,3463.881490191916,20945584.53480741,-123.2147563548642,3463.881490191916,0.12279359874654,23219.337953461,-3280.8398950097,6.22224423,9.84848485,9.84848485,0.460927285,3.10603612,3462.75066,177.97587,3.10603612,-3.11620811,0,1,-0.523,0,0.00997817637,0.174,0.348,0,0.172853698,0.432134244,0.432139629,0,0,-0.00920390625,-1,-0.490561568,0,356.362694,-356.362694,360,3.63730556,0.0634709821,0.0564208995,0.0663990759,0,0,0,-100,-100,-2.8,-9.83865334,0,0,0,-0,-0.346990605,-0.16953961,-0.142464671,0.0228111221,0.00597081122,0.00347081122,-0.00796108162,-0.00546108162,0.00893189284,0.00446594642,-0.0195008561,-0.00544463902,0,0,51458.9,93.5616,1.29953,13.2871,198.418,0.445065,20.0704,228.419,2476.54,65,65,0.0094748888001919742,-0.000336683556988721369,20945584.931747701,0.0698875814721146293
29.5,0.06695247863460663,-0.2295683922552347,-0.1872426206774996,0.01083137270368321,0.007501282833402047,0.01061935453342385,0.07104019071466899,-0.2293082150416097,-0.1864184718908603,6.546981769,1899912.8,101.544115188,1524.68532583,100.6891272354628,0.3129408172092516,13.14568575205822,-0.5629993847503654,-0.01384638600015858,0.148271306101222,-0.7756187104958983,-0.3210178602065527,-0.5147649471033091,5.700956284331851,-0.04554435066907354,-30.84443307756273,100.6891272354633,0.3129408172092835,13.14568575205831,3.692480643444906,1521.323648775999,101.1240034021918,6.954962918222616,-6.063971966112644,101.1240034021918,101.122840682271,-6.063930851835297,-6.971883838558535, 1337.930962, 2.857725524,-7.063917207, 2.857725524, 1379.179417, 7.371507843,-7.063917207, 7.371507843, 2338.252732,55.13760484,1774,40.97745208568207,-1.499436302142052,36.83934611048478,19939.19858161,23220.038476618,-0.568811324039309,11.37318806546485,356.3175163342536,0.9945685644423135,-0.001753173011896165,0.09919324901726682,-0.03148009461460574,0.7733534650764148,0.02102019813775573,-0.6331905868985334,-0.02349999973708147,-0.7733782857585146,-0.02170100653093237,0.633167619499137,0.02266845937777293,7.4383018591995,0.17657563328781,0.0095029732026551,0.0095669570800577,-0.00033870324352156,20945537.06941334,44918.46905708515,3473.996491703541,20945585.23364051,-123.819550348453,3473.996491703541,0.12321140615976,23220.038476618,-3280.8398950142,6.22191384,9.84848485,9.84848485,0.460913791,3.10596569,3472.87095,177.971834,3.10596569,-3.11594815,0,1,-0.523,0,0.00992763043,0.174,0.348,0,0.172833371,0.432083429,0.432088293,0,0,-0.00920390625,-1,-0.487595205,0,356.343763,-356.343763,360,3.65623682,0.0638013325,0.0567728674,0.0667004978,0,0,0,-100,-100,-2.8,-9.77188384,0,0,0,-0,-0.347907022,-0.169987371,-0.14291291,0.0228105383,0.00597065841,0.00347085571,-0.00796087788,-0.00546114095,0.00893199666,0.00446599833,-0.0194823243,-0.00543946494,0,0,51452.4,93.5498,1.29953,13.2866,198.415,0.44325,20.097,228.375,2476.27,65,65,0.00950255789719530765,-0.00033833778613515358,20945585.6323181391,0.0710401907146689937
29.6,0.0679774618622853,-0.2287069502512555,-0.1862690352089591,0.00952632726381804,0.009915358267546691,0.008681470123336489,0.07206541824156416,-0.2284453434884345,-0.1854465523840588,6.539988248,1898883.946,101.491057273,1524.64979321,100.6336842791836,0.3115687897086117,13.16051745254475,-0.5458947185554495,-0.01367694862019248,0.148463208592247,-0.7704809245850619,-0.3201469988588646,-0.4984718027133404,5.705544239924611,-0.04538403342157252,-30.84853236894055,100.6336842791841,0.3115687897086437,13.16051745254484,3.615169965622669,1521.291590011129,101.0733429631534,6.88863249342606,-6.09596513729681,101.0733429631535,101.072187963863,-6.095924215170986,-6.905594434392432, 1337.930962, 2.857725524,-7.063917207, 2.857725524, 1379.179417, 7.371507843,-7.063917207, 7.371507843, 2338.252732,55.13760484,1774,40.97745208568207,-1.499436302142052,36.83934611048478,19939.892451242,23220.732346248,-0.5657765377118719,11.35011205102898,356.2986965145183,0.9945833175622926,-0.001717112229283927,0.09899242048077782,-0.03164769564649148,0.7732217226680527,0.02116421264111984,-0.6333432037578374,-0.02359300640632686,-0.7732467264141278,-0.02184749416936378,0.6333200017696264,0.02275878834373627,7.4506565693576,0.17589337620589,0.0095306279724551,0.0095947980483199,-0.00034036638444515,20945537.43479159,45070.59981829835,3484.106345444553,20945585.925816,-124.4275479332864,3484.106345444553,0.12362921357298,23220.732346248,-3280.8398950121,6.22158537,9.84848485,9.84848485,0.460900425,3.10589469,3482.98624,177.967766,3.10589469,-3.11569068,0,1,-0.523,0,0.00987466341,0.174,0.348,0,0.172815255,0.432038139,0.432042441,0,0,-0.00920390625,-1,-0.484557941,0,356.324942,-356.324942,360,3.67505803,0.0641297626,0.0571237323,0.0669983957,0,0,0,-100,-100,-2.8,-9.70559443,0,0,0,-0,-0.348816948,-0.170431961,-0.143358053,0.0228068504,0.00596969309,0.00347085571,-0.00795959079,-0.00546114095,0.00893199666,0.00446599833,-0.0194629661,-0.00543406013,0,0,51446.1,93.5383,1.29953,13.2862,198.412,0.441392,20.1235,228.331,2476,65,65,0.00953021291310452573,-0.00034000077855745372,20945586.326234512,0.0720654182415641636
29.7,0.06886827075060639,-0.227617545255886,-0.1854824690914977,0.008133616507240956,0.01204558921213191,0.006900560881075768,0.07295646931942866,-0.2273545140128564,-0.184661646040185,6.533218635,1897887.218,101.439696051,1524.61446441,100.5799471372034,0.3102308636788775,13.17535296215208,-0.5288913535557516,-0.01314176939602568,0.1483876003669238,-0.7647183884853241,-0.3192222772297107,-0.4823447631458308,5.710137878776037,-0.0452303590301474,-30.85327630333889,100.5799471372039,0.3102308636789098,13.17535296215217,3.538404761301279,1521.259621125957,101.0243036406857,6.82284703698666,-6.127868080588845,101.0243036406858,101.0231563365615,-6.1278273501714,-6.839850199663813, 1337.930962, 2.857725524,-7.063917207, 2.857725524, 1379.179417, 7.371507843,-7.063917207, 7.371507843, 2338.252732,55.13760484,1774,40.97745208568207,-1.499436302142052,36.83934611048478,19940.579718675,23221.419613675,-0.56262013666789,11.32713453075877,356.2799665473539,0.9945979438647676,-0.001680110067714498,0.09879239838089285,-0.03181460847296488,0.7730904608790825,0.02130840606003084,-0.6334951605969463,-0.02368486075952598,-0.7731156471104249,-0.02199416112023156,0.6334717227668392,0.02284796543369714,7.4629011912077,0.17522673631593,0.0095582691075896,0.0096226252901219,-0.00034203826474386,20945537.79246552,45222.72737808422,3494.211214335985,20945586.61138518,-125.0387403674249,3494.211214335985,0.12404702098621,23221.419613675,-3280.83989501,6.22125848,9.84848485,9.84848485,0.460887187,3.10582315,3493.09668,177.963666,3.10582315,-3.11543533,0,1,-0.523,0,0.00981957382,0.174,0.348,0,0.172799467,0.431998667,0.432002372,0,0,-0.00920390625,-1,-0.481465816,0,356.306211,-356.306211,360,3.69378937,0.0644566246,0.0574734632,0.067293037,0,0,0,-100,-100,-2.8,-9.6398502,0,0,0,-0,-0.349719481,-0.170872939,-0.143799656,0.0228003865,0.00596800117,0.00347085571,-0.0079573349,-0.00546114095,0.00893199666,0.00446599833,-0.0194445544,-0.00542891959,0,0,51439.9,93.5271,1.29953,13.2857,198.409,0.439551,20.1499,228.288,2475.74,65,65,0.00955785429355967414,-0.000341672510298774053,20945587.0135481134,0.0729564693194286601
29.8,0.06961494593751118,-0.2263250022872731,-0.1848656845540512,0.00663049586500886,0.01396948745427753,0.005309946381979063,0.07370338420848455,-0.2260605505563368,-0.1840465134846515,6.526670718,1896922.343,101.390017182,1524.579343,100.5279048383403,0.3089615021414165,13.19016587315533,-0.5120055468075053,-0.01228738135608626,0.1480492223198873,-0.7583833018139643,-0.3182551313610489,-0.466395352871543,5.714727293689239,-0.04508693708488583,-30.85861368996525,100.5279048383408,0.3089615021414489,13.19016587315543,3.462244891184157,1521.227746933792,100.976868235585,6.757666422550363,-6.159676128855927,100.976868235585,100.9757285901843,-6.159635589329927,-6.774711008276679, 1337.930962, 2.857725524,-7.063917207, 2.857725524, 1379.179417, 7.371507843,-7.063917207, 7.371507843, 2338.252732,55.13760484,1774,40.97745208568207,-1.499436302142052,36.83934611048478,19941.26044146,23222.10033646,-0.5593597187600542,11.30427696962522,356.2613078480669,0.9946124202958492,-0.001642296188208755,0.09859337381501157,-0.0319809770994679,0.772959798544496,0.02145278855363089,-0.6336463060014977,-0.02377575630725036,-0.7729851668799061,-0.02214101737098434,0.6336226310635127,0.02293618402379197,7.4750209536055,0.17459527075047,0.0095858970491833,0.0096504392495585,-0.0003437188590718,20945538.14249272,45374.85174568092,3504.311259639127,20945587.29040558,-125.653118385264,3504.311259639127,0.12446482839943,23222.10033646,-3280.8398950112,6.22093282,9.84848485,9.84848485,0.460874075,3.10575106,3503.20243,177.959535,3.10575106,-3.11518176,0,1,-0.523,0,0.0097626688,0.174,0.348,0,0.172786174,0.431965436,0.431968498,0,0,-0.00920390625,-1,-0.478335993,0,356.287551,-356.287551,360,3.71244945,0.0647822429,0.0578220469,0.0675847157,0,0,0,-100,-100,-2.8,-9.57471101,0,0,0,-0,-0.350613795,-0.1713099,-0.144237309,0.0227914861,0.00596567148,0.00347085571,-0.00795422864,-0.00546114095,0.00893199666,0.00446599833,-0.0194286792,-0.00542448723,0,0,51433.8,93.516,1.29953,13.2853,198.406,0.437785,20.1759,228.247,2475.48,65,65,0.00958548247966166563,-0.000343352955985696856,20945587.694316458,0.0737033842084845459
29.9,0.07020610794423095,-0.2248468661643407,-0.1843983480409281,0.005012354716406662,0.01575316427099588,0.003937533376645055,0.07429478309228886,-0.2245809970081942,-0.1835808197050522,6.520342106,1895989.017,101.342004815,1524.54443131,100.4775447923378,0.3077902589742569,13.20493080467822,-0.4952535384388614,-0.01116577792290319,0.1474644355997228,-0.7515262199181691,-0.3172568955181709,-0.4506338663874858,5.719303044413032,-0.04495678239109892,-30.86449487948396,100.4775447923383,0.3077902589742895,13.20493080467831,3.386745059189461,1521.195971109384,100.9310184610604,6.693145364674891,-6.191385744445348,100.9310184610604,100.9298864277206,-6.191345394643609,-6.710231574823405, 1337.930962, 2.857725524,-7.063917207, 2.857725524, 1379.179417, 7.371507843,-7.063917207, 7.371507843, 2338.252732,55.13760484,1774,40.97745208568207,-1.499436302142052,36.83934611048478,19941.934682876,23222.774577873,-0.5560135610579788,11.28155870215004,356.2427037725176,0.9946267262176618,-0.001603808452491338,0.09839551964406601,-0.03214692840627837,0.772829843311481,0.02159735237259695,-0.6337965031597217,-0.02386588025099268,-0.7728553935632196,-0.02228805501432168,0.6337725898543386,0.0230236311915385,7.4870017701796,0.17401579886357,0.0096135122335014,0.0096782403658322,-0.00034540814096106,20945538.4849365,45526.97293075092,3514.406640839943,20945587.96294045,-126.2706723110605,3514.406640839943,0.12488263581266,23222.774577873,-3280.8398950156,6.22060812,9.84848485,9.84848485,0.460861089,3.10567843,3513.30366,177.955374,3.10567843,-3.11492969,0,1,-0.523,0,0.00970426733,0.174,0.348,0,0.172775576,0.43193894,0.431941308,0,0,-0.00766992187,-1,-0.475186529,0,356.268945,-356.268945,360,3.73105489,0.0651069079,0.058169486,0.0678737533,0,0,0,-100,-100,-2.8,-9.51023157,0,0,0,-0,-0.351499132,-0.171742476,-0.144670635,0.0227805036,0.00596279681,0.00347085571,-0.00795039574,-0.00546114095,0.00893199666,0.00446599833,-0.0194167176,-0.00542114756,0,0,51427.9,93.5052,1.29953,13.2848,198.403,0.436141,20.2018,228.206,2475.23,65,65,0.00961309790764978793,-0.00034504208914214185,20945588.3686028197,0.0742947830922888602
30,0.0706305751258464,-0.2231947299841929,-0.1840576095765289,0.003288537489028038,0.01744765373297301,0.002805001115804845,0.07471948401996523,-0.2229274457041448,-0.183241713367608,6.514230246,1895086.915,101.295641734,1524.5097305,100.4288528048818,0.3067412965523708,13.21962436533484,-0.4786512554054463,-0.009832980571788719,0.1466570293814158,-0.7441942823563892,-0.3162387608379693,-0.4350697107349724,5.72385652386432,-0.04484227291044583,-30.87087350591258,100.4288528048823,0.3067412965524036,13.21962436533493,3.311955072441375,1521.164296200567,100.8867350478653,6.629333678796433,-6.222994507886371,100.8867350478654,100.8856105704311,-6.222954346314095,-6.646461714566373, 1337.930962, 2.857725524,-7.063917207, 2.857725524, 1379.179417, 7.371507843,-7.063917207, 7.371507843, 2338.252732,55.13760484,1774,40.97745208568207,-1.499436302142052,36.83934611048478,19942.602511425,23223.442406429,-0.5526006329724423,11.25899760609166,356.2241398995415,0.9946408429090141,-0.001564793080965107,0.09819899634437296,-0.03231256964120195,0.7727006954245963,0.02174206997436354,-0.6339456253717722,-0.02395541182213113,-0.7727264275924017,-0.02243524635877426,0.6339214724676856,0.02311048605086639,7.4988307827527,0.17350211967792,0.0096411150916679,0.0097060290729698,-0.00034710608312913,20945538.8198654,45679.09094326772,3524.497515545861,20945588.6290583,-126.8913921713101,3524.497515545861,0.12530044322588,23223.442406429,-3280.8398950102,6.22028412,9.84848485,9.84848485,0.460848226,3.10560528,3523.40053,177.951182,3.10560528,-3.11467884,0,1,-0.523,0,0.00964470049,0.174,0.348,0,0.172767869,0.431919672,0.431921298,0,0,-0.00920390625,-1,-0.472035931,0,356.25038,-356.25038,360,3.74962013,0.0654308713,0.0585157963,0.0681604967,0,0,0,-100,-100,-2.8,-9.44646171,0,0,0,-0,-0.352374802,-0.172170328,-0.145099292,0.0227678094,0.0059594741,0.00347085571,-0.00794596547,-0.00546114095,0.00893199666,0.00446599833,-0.0194098102,-0.00541921902,0,0,51422,93.4946,1.29953,13.2844,198.4,0.434662,20.2273,228.166,2474.99,65,65,0.00964070100861421329,-0.000346739882498642131,20945589.0364756957,0.0747194840199652405
30.1,0.07087860066679509,-0.2213758124868521,-0.1838187551686827,0.001478943930819561,0.01908778555337329,0.001927182151296765,0.07496773989532496,-0.2211071148057473,-0.1830044791833047,6.508332438,1894215.684,101.250909476,1524.47524052,100.3818131216443,0.3058330514352683,13.23422571304526,-0.4622140266632861,-0.008347513037988863,0.1456543761571858,-0.7364302078260074,-0.3152116772549604,-0.4197116592586077,5.728380175219545,-0.04474512401644999,-30.877707474085,100.3818131216448,0.3058330514353012,13.23422571304535,3.2379202394485,1521.132723647077,100.8439978195577,6.566276679399602,-6.254501099729001,100.8439978195577,100.8428808330525,-6.254461124584573,-6.583446741618198, 1337.930962, 2.857725524,-7.063917207, 2.857725524, 1379.179417, 7.371507843,-7.063917207, 7.371507843, 2338.252732,55.13760484,1774,40.97745208568207,-1.499436302142052,36.83934611048478,19943.264000382,23224.103895385,-0.5491404780662413,11.23661062923442,356.2056042521526,0.9946547531846945,-0.001525403652563911,0.09800395654978017,-0.03247798656597669,0.772572450668646,0.0218868934194707,-0.6340935525689847,-0.02404452026411467,-0.772598364931392,-0.02258254332141826,0.63406915888588,0.02319691773121,7.5104966777176,0.17306481313961,0.0096687060494075,0.0097338057995623,-0.00034881265778258,20945539.1473527,45831.20579340401,3534.584039391498,20945589.28883235,-127.5152678057566,3534.584039391498,0.1257182506391,23224.103895385,-3280.8398950146,6.21996061,9.84848485,9.84848485,0.460835486,3.1055316,3533.49318,177.946961,3.1055316,-3.114429,0,1,-0.523,0,0.0095843094,0.174,0.348,0,0.172763225,0.431908063,0.431908909,0,0,-0.00920390625,-1,-0.46890271,0,356.231843,-356.231843,360,3.76815715,0.0657543422,0.0588610038,0.0684453132,0,0,0,-100,-100,-2.8,-9.38344674,0,0,0,-0,-0.353240177,-0.17259315,-0.145522969,0.0227537875,0.00595580389,0.00347085571,-0.00794107185,-0.00546114095,0.00893199666,0.00446599833,-0.0194088439,-0.00541894923,0,0,51416.3,93.4842,1.29953,13.2839,198.397,0.433381,20.2525,228.126,2474.75,65,65,0.00966829220823428939,-0.00034844630829660903,20945589.6980083436,0.0749677398953249585
30.2,0.07094279706280027,-0.2193945532481229,-0.1836559108964607,-0.0003887926674653357,0.02069305718525929,0.001311676102351028,0.07503216295447937,-0.219124443501607,-0.1828432419704489,6.502645849,1893374.95,101.20778843,1524.44096021,100.3364084989714,0.3050780554724817,13.2487167612088,-0.4459563380171714,-0.006768824776715587,0.1444842376354032,-0.7282719520755094,-0.3141862201662405,-0.4045680160142764,5.732867576520765,-0.04466637982028637,-30.8849592952905,100.3364084989719,0.3050780554725148,13.2487167612089,3.164681834512153,1521.101253811117,100.8027857468945,6.504015644443843,-6.285905270813759,100.8027857468946,100.801676178124,-6.285865480007272,-6.521227933374911, 1337.930962, 2.857725524,-7.063917207, 2.857725524, 1379.179417, 7.371507843,-7.063917207, 7.371507843, 2338.252732,55.13760484,1774,40.97745208568207,-1.499436302142052,36.83934611048478,19943.919227321,23224.759122322,-0.545653000422364,11.21441415524477,356.187087451137,0.9946684411402983,-0.001485799258809806,0.09781054817091178,-0.03264324228071513,0.7724452023940888,0.02203175484540855,-0.6342401689279653,-0.02413336269593161,-0.7724712990989063,-0.02272987789921458,0.6342155333591483,0.02328308323883039,7.5219898023108,0.17271112967936,0.0096962855268054,0.0097615709685233,-0.00035052783691421,20945539.467476,45983.31749142222,3544.666365950796,20945589.94234017,-128.1422889760288,3544.666365950796,0.12613605805233,23224.759122322,-3280.8398950124,6.21963743,9.84848485,9.84848485,0.460822866,3.10545742,3543.58178,177.94271,3.10545742,-3.11418001,0,1,-0.523,0,0.00952344143,0.174,0.348,0,0.17276178,0.431904449,0.431904485,0,0,-0.0107378906,-1,-0.465804959,0,356.213325,-356.213325,360,3.78667531,0.0660774842,0.0592051425,0.068728584,0,0,0,-100,-100,-2.8,-9.32122793,0,0,0,-0,-0.354094686,-0.173010664,-0.145941381,0.0227388319,0.00595188925,0.00347085571,-0.00793585233,-0.00546114095,0.00893199666,0.00446599833,-0.0194144415,-0.00542051208,0,0,51410.7,93.4741,1.29953,13.2835,198.394,0.43232,20.2774,228.088,2474.52,65,65,0.00969587192653576825,-0.000350161338585039004,20945590.3532783315,0.07503216295447937
30.3,0.07081879864974452,-0.2172540531042969,-0.1835427742603029,-0.002281701662608543,0.02226989459264732,0.0009587184422956748,0.07490838729231175,-0.2169825324341895,-0.1827316979909016,6.497167524,1892564.322,101.166257926,1524.40688729,100.2926202964819,0.3044829152043373,13.26308210380395,-0.4298916442925735,-0.005155711422456022,0.1431723787381927,-0.7197528848912214,-0.3131724389062315,-0.389646699922557,5.737313418206513,-0.04460642175143535,-30.89259591328771,100.2926202964824,0.3044829152043706,13.26308210380404,3.092277569024848,1521.069886022286,100.7630769899095,6.442588286713445,-6.317207798202616,100.7630769899095,100.7619747579937,-6.317168189372019,-6.459843001870784, 1337.930962, 2.857725524,-7.063917207, 2.857725524, 1379.179417, 7.371507843,-7.063917207, 7.371507843, 2338.252732,55.13760484,1774,40.97745208568207,-1.499436302142052,36.83934611048478,19944.568273779,23225.408168779,-0.5421581850139484,11.19242421510518,356.1685827967723,0.9946818920125802,-0.001446142064610583,0.09761891615515349,-0.03280837673668117,0.7723190426629077,0.0221765678466857,-0.6343853615274446,-0.02422208204272581,-0.7723453223118,-0.02287716354767091,0.6343604830613099,0.02336912538621191,7.5333021212237,0.1724449700052,0.0097238539380804,0.0097893249968605,-0.00035225159259018,20945539.78031687,46135.42604756897,3554.74464665392,20945590.58966328,-128.7724454705967,3554.74464665392,0.12655386546555,23225.408168779,-3280.8398950168,6.21931446,9.84848485,9.84848485,0.460810366,3.10538274,3553.66647,177.938431,3.10538274,-3.11393172,0,1,-0.523,0,0.0094624454,0.174,0.348,0,0.172763614,0.431909034,0.431908245,0,0,-0.00920390625,-1,-0.462759944,0,356.194819,-356.194819,360,3.80518133,0.0664004142,0.0595482517,0.0690106971,0,0,0,-100,-100,-2.8,-9.259843,0,0,0,-0,-0.354937807,-0.173422613,-0.146354271,0.0227233404,0.00594783434,0.00347085571,-0.00793044579,-0.00546114095,0.00893199666,0.00446599833,-0.0194269589,-0.00542400693,0,0,51405.3,93.4641,1.29953,13.2831,198.391,0.431496,20.3019,228.05,2474.3,65,65,0.00972344057766241429,-0.000351884945506243565,20945591.0023672022,0.0749083872923117511
30.4,0.07050569946623721,-0.2149572480556462,-0.18345334689829,-0.004163555455805262,0.02381470810487143,0.0008613101182797962,0.07459550672421085,-0.2146843175994337,-0.1826438476622223,6.491894395,1891783.388,101.126296305,1524.37301848,100.2504285855123,0.3040484475538081,13.27730874183264,-0.4140322466315896,-0.003564782053155247,0.1417410230582483,-0.710902326498875,-0.3121797005063721,-0.374955263972213,5.741713403047567,-0.04456499398558132,-30.90058817815632,100.2504285855128,0.3040484475538415,13.27730874183273,3.020742025698787,1521.038618638009,100.7248489349762,6.382029188134222,-6.348410425558765,100.7248489349762,100.723753951817,-6.348370996083764,-6.399326528099021, 1337.930962, 2.857725524,-7.063917207, 2.857725524, 1379.179417, 7.371507843,-7.063917207, 7.371507843, 2338.252732,55.13760484,1774,40.97745208568207,-1.499436302142052,36.83934611048478,19945.211224873,23226.051119874,-0.5386757766229003,11.17065656516585,356.1500862768553,0.9946950921339446,-0.001406594483568149,0.09742920307600902,-0.03297340693007551,0.7721940626332099,0.02232122960903782,-0.6345290198993955,-0.02431080517530783,-0.7722205258673477,-0.02302429731460486,0.6345038976388683,0.02345517093117199,7.5444270598361,0.1722669542483,0.0097514116913684,0.0098170682954577,-0.00035398389722272,20945540.08596047,46287.53147197465,3564.819030708049,20945591.23088678,-129.4057272044738,3564.819030708049,0.12697167287878,23226.051119874,-3280.8398950114,6.21899164,9.84848485,9.84848485,0.460797983,3.10530757,3563.7474,177.934124,3.10530757,-3.11368407,0,1,-0.523,0,0.0094016659,0.174,0.348,0,0.172768749,0.431921873,0.431920261,0,0,-0.00920390625,-1,-0.459783733,0,356.176321,-356.176321,360,3.82367921,0.0667232022,0.059890373,0.0692920389,0,0,0,-100,-100,-2.8,-9.19932653,0,0,0,-0,-0.355769063,-0.173828764,-0.146761401,0.0227077088,0.00594374278,0.00347085571,-0.00792499038,-0.00546114095,0.00893199666,0.00446599833,-0.019446489,-0.00542945974,0,0,51399.9,93.4544,1.29953,13.2826,198.388,0.430914,20.326,228.014,2474.08,65,65,0.0097509985696594987,-0.000353617101566451565,20945591.6453600787,0.0745955067242108499
30.5,0.07000629448296476,-0.2125077613595205,-0.1833626428940128,-0.005996706780530946,0.02531722223444248,0.001005598492304053,0.07409631601570441,-0.2122334224303616,-0.1825547038689803,6.486823291,1891031.718,101.087880997,1524.33934952,100.2098122669163,0.3037699648545766,13.29138569237852,-0.3983892346669995,-0.002049022098414899,0.1402080887622148,-0.7017462892095736,-0.3112165392661007,-0.36050086777534,5.746064097889903,-0.04454124473563106,-30.90891011982333,100.2098122669168,0.3037699648546103,13.29138569237861,2.950107027609048,1521.007449119376,100.6880782324469,6.32237016894228,-6.37951578799279,100.6880782324469,100.6869904031385,-6.379476535006863,-6.33971033118465, 1337.930962, 2.857725524,-7.063917207, 2.857725524, 1379.179417, 7.371507843,-7.063917207, 7.371507843, 2338.252732,55.13760484,1774,40.97745208568207,-1.499436302142052,36.83934611048478,19945.848169081,23226.688064079,-0.5352249380823292,11.14912666145069,356.1315965017997,0.9947080289535729,-0.00136731614224047,0.09724154881424421,-0.03313832775008791,0.7720703523486848,0.02246562365552723,-0.6346710362694225,-0.02439964136301224,-0.7720969999306879,-0.02317116258655417,0.6346456694486473,0.02354132902997037,7.5553592799528,0.17217457673338,0.0097789591885154,0.0098448012688664,-0.00035572472382493,20945540.38449529,46439.63377455988,3574.889665021873,20945591.86609911,-130.0421243123565,3574.889665021873,0.127389480292,23226.688064079,-3280.8398950124,6.21866893,9.84848485,9.84848485,0.460785717,3.10523191,3573.82473,177.929788,3.10523191,-3.11343702,0,1,-0.523,0,0.00934143741,0.174,0.348,0,0.172777144,0.431942861,0.431940442,0,0,-0.00920390625,-1,-0.45689086,0,356.15783,-356.15783,360,3.84217035,0.0670458726,0.0602315485,0.0695729859,0,0,0,-100,-100,-2.8,-9.13971033,0,0,0,-0,-0.356588012,-0.174228903,-0.147162553,0.0226923241,0.00593971583,0.00347085571,-0.00791962111,-0.00546114095,0.00893199666,0.00446599833,-0.0194728732,-0.00543682621,0,0,51394.7,93.4449,1.29953,13.2822,198.385,0.430571,20.3497,227.978,2473.87,65,65,0.00977854630426842203,-0.00035535777988783318,20945592.2823454216,0.0740963160157044054
30.6,0.06932714634899494,-0.2099104260475917,-0.1832473484697325,-0.007743726070582187,0.02676366465769302,0.001371486840443692,0.07341737762968625,-0.2096346802997448,-0.1824409516644964,6.481950943,1890308.869,101.050988576,1524.30587534,100.1707491920264,0.3036376975461348,13.30530355238398,-0.3829724871112452,-0.0006564969986258551,0.1385870793983379,-0.6923082890673733,-0.3102905202514916,-0.3462902221199687,5.750362763769604,-0.04453378189440398,-30.91753815428482,100.1707491920269,0.3036376975461686,13.30530355238407,2.880401928501362,1520.976374121395,100.6527408385958,6.263640578153886,-6.410527322340202,100.6527408385959,100.6516600617925,-6.410488242741156,-6.281023758859202, 1337.930962, 2.857725524,-7.063917207, 2.857725524, 1379.179417, 7.371507843,-7.063917207, 7.371507843, 2338.252732,55.13760484,1774,40.97745208568207,-1.499436302142052,36.83934611048478,19946.479197916,23227.319092916,-0.5318239056295549,11.1278495631743,356.1131145701153,0.9947206910961908,-0.001328460782674817,0.09705608962143412,-0.03330311343495889,0.7719480001179285,0.02260962306624871,-0.6348113062604425,-0.02448868111278787,-0.7719748329125329,-0.02331763230931479,0.6347856942581289,0.02362769007711289,7.5660944289264,0.17216243992273,0.0098064968248827,0.0098725243151098,-0.00035747404624258,20945540.67601287,46591.73296495027,3584.956694134036,20945592.49539178,-130.6816272333526,3584.956694134036,0.12780728770522,23227.319092916,-3280.8398950135,6.21834636,9.84848485,9.84848485,0.460773564,3.10515578,3583.89858,177.925426,3.10515578,-3.11319058,0,1,-0.523,0,0.00928207819,0.174,0.348,0,0.172788691,0.431971728,0.431968535,0,0,-0.00920390625,-1,-0.454094035,0,356.139346,-356.139346,360,3.86065364,0.0673684061,0.0605718183,0.0698538965,0,0,0,-100,-100,-2.8,-9.08102376,0,0,0,-0,-0.357394249,-0.17462283,-0.147557527,0.022677557,0.00593585056,0.00347085571,-0.00791446741,-0.00546114095,0.00893199666,0.00446599833,-0.0195057185,-0.00544599659,0,0,51389.6,93.4356,1.29953,13.2818,198.382,0.430457,20.373,227.943,2473.67,65,65,0.00980608417673297164,-0.00035710695443702615,20945592.9134147428,0.0734173776296862673
30.7,0.06847849661055339,-0.2071715061883452,-0.1830864116294543,-0.009368858259807411,0.02813952039937866,0.001933439214840605,0.07256893294631092,-0.2068943557635786,-0.1822815379252855,6.477273998,1889614.38,101.015594835,1524.27259008,100.1332162814001,0.303637338610919,13.31905407506495,-0.3677907204133861,0.0005707643256712136,0.1368874700076752,-0.6826101211102511,-0.3094081228401063,-0.3323295224897727,5.754607186014798,-0.04454074106025205,-30.9264503270069,100.1332162814006,0.303637338610953,13.31905407506504,2.811653822960874,1520.945389595933,100.6188120637953,6.205867503929383,-6.44144916457938,100.6188120637953,100.6177382320486,-6.441410255038899,-6.223293897830681, 1337.930962, 2.857725524,-7.063917207, 2.857725524, 1379.179417, 7.371507843,-7.063917207, 7.371507843, 2338.252732,55.13760484,1774,40.97745208568207,-1.499436302142052,36.83934611048478,19947.104405716,23227.944300717,-0.5284896566726751,11.10683979749228,356.0946438699595,0.9947330684315481,-0.001290173232826201,0.09687295684792696,-0.03346771957164089,0.7718270916640263,0.02275309403445109,-0.6349497298412138,-0.02457799544063808,-0.7718541106175945,-0.02346357254518369,0.6349238721901924,0.02371432497777587,7.5766288951534,0.17222255861546,0.0098340249891629,0.0099002378254974,-0.00035923183935937,20945540.96060757,46743.82905240089,3595.020260146087,20945593.1188591,-131.3242267860478,3595.020260146087,0.12822509511845,23227.944300717,-3280.8398950146,6.21802398,9.84848485,9.84848485,0.460761524,3.10507917,3593.96912,177.921037,3.10507917,-3.11294481,0,1,-0.523,0,0.00922388457,0.174,0.348,0,0.172803217,0.432008042,0.432004126,0,0,-0.00920390625,-1,-0.451403915,0,356.120874,-356.120874,360,3.8791257,0.0676907435,0.0609112186,0.0701351031,0,0,0,-100,-100,-2.8,-9.0232939,0,0,0,-0,-0.3581874,-0.175010364,-0.147946136,0.0226637558,0.00593223808,0.00347085571,-0.00790965077,-0.00546114095,0.00893199666,0.00446599833,-0.0195444208,-0.00545680228,0,0,51384.6,93.4266,1.29953,13.2814,198.379,0.430554,20.3959,227.909,2473.47,65,65,0.00983361257561849236,-0.000358864600226872787,20945593.5386623815,0.0725689329463109212
30.8,0.06747403919321565,-0.2042986691925252,-0.1828615439913549,-0.0108393025263634,0.02943167630861154,0.002661440170652113,0.07156467574612813,-0.2040201168438343,-0.1820581731955753,6.472789021,1888947.778,100.981674848,1524.23948728,100.0971896371008,0.3037506902646001,13.33262980045953,-0.3528515730191275,0.001597674925945369,0.1351154189864587,-0.672672523241328,-0.3085746487704004,-0.3186243855272987,5.758795520288039,-0.04455986361291524,-30.93562566701172,100.0971896371013,0.3037506902646342,13.33262980045962,2.743887684106237,1520.914490905112,100.5862666272993,6.149075911491256,-6.472286036650257,100.5862666272993,100.5851996273768,-6.472247293622884,-6.166545711708808, 1337.930962, 2.857725524,-7.063917207, 2.857725524, 1379.179417, 7.371507843,-7.063917207, 7.371507843, 2338.252732,55.13760484,1774,40.97745208568207,-1.499436302142052,36.83934611048478,19947.723889414,23228.563784414,-0.5252376030768271,11.08611121350549,356.0761898245249,0.9947451521322547,-0.001252586557900629,0.09669227558209059,-0.03363208555902446,0.7717077092031625,0.02289589962255388,-0.6350862123293561,-0.02466763559876117,-0.7717349153225324,-0.02360884623017864,0.6350601087220435,0.02380128487602855,7.5869595937042,0.17234472340772,0.009861544063211,0.0099279421844552,-0.00036099807927343,20945541.23837636,46895.9220457315,3605.080502660573,20945593.73659799,-131.9699142329846,3605.080502660573,0.12864290253167,23228.563784414,-3280.8398950189,6.2177019,9.84848485,9.84848485,0.460749595,3.10500211,3604.03647,177.916621,3.10500211,-3.11269979,0,1,-0.523,0,0.00916712553,0.174,0.348,0,0.172820488,0.432051221,0.432046645,0,0,-0.00920390625,-1,-0.448828924,0,356.102419,-356.102419,360,3.89758111,0.0680127903,0.06124978,0.0704169055,0,0,0,-100,-100,-2.8,-8.96654571,0,0,0,-0,-0.358967119,-0.175391335,-0.148328209,0.0226512394,0.0059289619,0.00347085571,-0.00790528254,-0.00546114095,0.00893199666,0.00446599833,-0.0195881933,-0.00546902357,0,0,51379.8,93.4178,1.29953,13.281,198.376,0.430836,20.4184,227.875,2473.27,65,65,0.00986113188264550918,-0.000360630693488973788,20945594.1581852734,0.0715646757461281258
30.9,0.06633057411585871,-0.2013007740077905,-0.1825576213077159,-0.01212630775740123,0.03062988742418857,0.003522064765246788,0.07042140592452897,-0.2010208231975944,-0.1817557322184158,6.468492507,1888308.578,100.949203034,1524.20655998,100.0626446455218,0.3039563907051139,13.34602376512853,-0.3381617124676239,0.002396761828552307,0.133274646549328,-0.6625156852824041,-0.3077941577423107,-0.3051797987371317,5.762926164616401,-0.04458858224988835,-30.94504369404046,100.0626446455223,0.3039563907051482,13.34602376512862,2.67712644238757,1520.883672942545,100.5550787177931,6.093288722169907,-6.503043125300676,100.5550787177931,100.5540184309885,-6.503004545032573,-6.110802120059116, 1337.930962, 2.857725524,-7.063917207, 2.857725524, 1379.179417, 7.371507843,-7.063917207, 7.371507843, 2338.252732,55.13760484,1774,40.97745208568207,-1.499436302142052,36.83934611048478,19948.337748338,23229.177643338,-0.5220813210101,11.06567684765748,356.0577595907113,0.9947569347035782,-0.001215819490475276,0.09651416339626079,-0.03379613744242995,0.7715899305788582,0.02303790358360335,-0.6352206652991018,-0.0247576332623291,-0.7716173249100431,-0.02375331699661173,0.6351943155887176,0.02388860134265112,7.5970837965373,0.17251691083055,0.0098890544218909,0.0099556377693707,-0.00036277274344068,20945541.50941859,47048.01195327361,3615.137558724914,20945594.34870776,-132.6186813331151,3615.137558724914,0.1290607099449,23229.177643338,-3280.8398950166,6.21738023,9.84848485,9.84848485,0.460737774,3.10492459,3614.10077,177.912179,3.10492459,-3.11245564,0,1,-0.523,0,0.00911203801,0.174,0.348,0,0.172840218,0.432100544,0.432095385,0,0,-0.00920390625,-1,-0.446375138,0,356.083987,-356.083987,360,3.9160127,0.0683344216,0.0615875263,0.0706995643,0,0,0,-100,-100,-2.8,-8.91080212,0,0,0,-0,-0.35973309,-0.175765588,-0.14870359,0.022640292,0.00592609643,0.00347085571,-0.0079014619,-0.00546114095,0.00893199666,0.00446599833,-0.0196360985,-0.00548239871,0,0,51375,93.4091,1.29953,13.2806,198.372,0.431274,20.4404,227.843,2473.09,65,65,0.00988864247253932842,-0.000362405211813253295,20945594.7720827237,0.0704214059245289875
31,0.06506756037863778,-0.1981875428508525,-0.1821629737113813,-0.01320607187711037,0.03172758254729185,0.004479612933996531,0.06915858237960307,-0.1979061978217462,-0.1813625441912412,6.46438089,1887696.285,100.918153229,1524.17380082,100.0295560689979,0.3042306968873874,13.35922930123799,-0.3237269534521143,0.002948591638550435,0.1313673441440883,-0.6521595873540988,-0.3070694323882592,-0.2920000898951942,5.766997662154206,-0.04462411123859866,-30.95468409404745,100.0295560689984,0.3042306968874218,13.35922930123808,2.611391021979141,1520.852930259553,100.5252220580263,6.038526850061615,-6.533725955866322,100.5252220580264,100.5241683604681,-6.533687534404075,-6.056084035070134, 1337.930962, 2.857725524,-7.063917207, 2.857725524, 1379.179417, 7.371507843,-7.063917207, 7.371507843, 2338.252732,55.13760484,1774,40.97745208568207,-1.499436302142052,36.83934611048478,19948.946084019,23229.785979021,-0.5190323263532107,11.04554881598119,356.0393617217682,0.9947684099752326,-0.001179974222235836,0.09633872933639842,-0.03395979101865596,0.7714738285416753,0.02317897411837895,-0.6353530072898523,-0.02484800116328071,-0.7715014121489236,-0.0238968529311081,0.6353264114873776,0.0239762870098215,7.6069990133548,0.1727257264884,0.0099165564329389,0.0099833249504563,-0.0003645558107851,20945541.77383583,47200.09878282997,3625.19156278155,20945594.95528991,-133.2705203820733,3625.19156278155,0.12947851735812,23229.785979021,-3280.8398950078,6.21705913,9.84848485,9.84848485,0.460726059,3.10484663,3624.16216,177.907712,3.10484663,-3.1122125,0,1,-0.523,0,0.00905882302,0.174,0.348,0,0.172862069,0.432155173,0.43214952,0,0,-0.00920390625,-1,-0.444046237,0,356.065588,-356.065588,360,3.93441192,0.0686554881,0.0619244734,0.0709832964,0,0,0,-100,-100,-2.8,-8.85608404,0,0,0,-0,-0.360485022,-0.176132982,-0.149072135,0.0226311584,0.00592370571,0.00347085571,-0.00789827428,-0.00546114095,0.00893199666,0.00446599833,-0.019687083,-0.00549663359,0,0,51370.4,93.4007,1.29953,13.2802,198.369,0.431832,20.462,227.811,2472.91,65,65,0.00991614471289682491,-0.000364188134254246002,20945595.3804562576,0.0691585823796030674
31.1,0.06370658820552799,-0.1949691793815647,-0.1816695612779917,-0.01406043271041232,0.03272208872719546,0.005497263615704329,0.06779779525387947,-0.1946864451986248,-0.1808705683344603,6.460450547,1887110.39,100.888498749,1524.14120223,99.99789812555574,0.3045482984560506,13.37223992316402,-0.3095523767643611,0.003241946165563003,0.1293950104778041,-0.6416241739820521,-0.3064019733528882,-0.2790889190710745,5.771008635009717,-0.04466353859980263,-30.96452655640884,99.99789812555623,0.3045482984560852,13.37223992316412,2.546700351683188,1520.822257193379,100.4966699713869,5.984809213208623,-6.564340263988598,100.4966699713869,100.4956227343493,-6.564301997188242,-6.002410372743103, 1337.930962, 2.857725524,-7.063917207, 2.857725524, 1379.179417, 7.371507843,-7.063917207, 7.371507843, 2338.252732,55.13760484,1774,40.97745208568207,-1.499436302142052,36.83934611048478,19949.548999961,23230.38889496,-0.5160999026188258,11.02573824203907,356.0210058053556,0.9947795730512975,-0.001145134624613643,0.09616607323463103,-0.03412295510651663,0.7713594702276493,0.02331898744627881,-0.6354831642568309,-0.02493873414442247,-0.7713872441733538,-0.02403933014612691,0.6354563225238377,0.02406433662589987,7.6167029222589,0.17295686700283,0.0099440504568458,0.01001100409063,-0.00036634726177379,20945542.03173162,47352.18254164661,3635.242646624671,20945595.55644794,-133.9254242396419,3635.242646624671,0.12989632477134,23230.38889496,-3280.8398950055,6.21673876,9.84848485,9.84848485,0.460714449,3.10476822,3634.22077,177.903219,3.10476822,-3.11197054,0,1,-0.523,0,0.00900764257,0.174,0.348,0,0.172885669,0.432214173,0.432208122,0,0,-0.00920390625,-1,-0.441843516,0,356.047231,-356.047231,360,3.95276919,0.0689758224,0.0622606288,0.0712682713,0,0,0,-100,-100,-2.8,-8.80241037,0,0,0,-0,-0.361222653,-0.176493388,-0.149433713,0.02262404,0.00592184248,0.00347085571,-0.00789578997,-0.00546114095,0.00893199666,0.00446599833,-0.0197400142,-0.00551141196,0,0,51365.9,93.3925,1.29953,13.2798,198.366,0.432474,20.4831,227.781,2472.73,65,65,0.00994363896407114353,-0.000365979441402523311,20945595.9834093824,0.067797795253879467
31.2,0.06227079195012417,-0.1916559863377928,-0.1810730348290464,-0.0146773408536749,0.03361439271116473,0.006538207139622964,0.06636217883866632,-0.1913718689023466,-0.1802754546978763,6.45669781,1886550.381,100.860212455,1524.10875651,99.96764455706507,0.3048831379961072,13.38504929093975,-0.2956424413334098,0.003273753372905308,0.1273591438180226,-0.63092938642124,-0.3057920242386007,-0.2664492931545022,5.774957746160781,-0.04470391749091934,-30.97455075043825,99.96764455706557,0.304883137996142,13.38504929093985,2.483071365762781,1520.791647994402,100.4693954481344,5.932152734712657,-6.594891868321707,100.4693954481344,100.4683545383543,-6.594853751858036,-5.949798054015398, 1337.930962, 2.857725524,-7.063917207, 2.857725524, 1379.179417, 7.371507843,-7.063917207, 7.371507843, 2338.252732,55.13760484,1774,40.97745208568207,-1.499436302142052,36.83934611048478,19950.146601468,23230.986496465,-0.5132909862346746,11.00625522351462,356.002702088774,0.994790420219677,-0.001111364949218877,0.09599628537228583,-0.0342855348774202,0.7712469168559679,0.02345783107942979,-0.6356110697453101,-0.02502981059527303,-0.7712748821818826,-0.0241806360544024,0.6355839823829209,0.02415272849171887,7.6261933443167,0.17319558654314,0.0099715368467566,0.010038675545413,-0.00036814707845687,20945542.28321129,47504.26323639794,3645.290939363606,20945596.15228712,-134.5833863443186,3645.290939363606,0.13031413218457,23230.986496465,-3280.8398950163,6.2164193,9.84848485,9.84848485,0.460702942,3.10468938,3644.27673,177.898702,3.10468938,-3.11172991,0,1,-0.523,0,0.00895861773,0.174,0.348,0,0.172910617,0.432276542,0.432270196,0,0,-0.00920390625,-1,-0.439765963,0,356.028926,-356.028926,360,3.97107426,0.0692952458,0.0625959908,0.0715546085,0,0,0,-100,-100,-2.8,-8.74979805,0,0,0,-0,-0.361945749,-0.176846693,-0.149788207,0.0226190924,0.00592054743,0.00347085571,-0.00789406323,-0.00546114095,0.00893199666,0.00446599833,-0.0197937173,-0.00552640587,0,0,51361.5,93.3846,1.29953,13.2794,198.362,0.433158,20.5038,227.751,2472.56,65,65,0.00997112557907442465,-0.000367779115421111081,20945596.581047371,0.0663621788386663247
31.3,0.06078422569811428,-0.1882580229259424,-0.1803726858509143,-0.01505111051630725,0.03440857427539074,0.007566719012350787,0.06487578717449288,-0.1879725289615787,-0.1795764940801563,6.453118972,1886015.735,100.833266821,1524.076456,99.93876868672142,0.3052092136821223,13.39765123436301,-0.2820010839221441,0.003048786967632944,0.1252617523515518,-0.6200950850999227,-0.3052386252898072,-0.2540836004667769,5.778843684418779,-0.04474235420739137,-30.98473640960096,99.93876868672191,0.3052092136821573,13.3976512343631,2.420519007338084,1520.761096949397,100.4433712091481,5.880572346409231,-6.625386547188683,100.4433712091482,100.4423364891444,-6.625348576564809,-5.898262008444405, 1337.930962, 2.857725524,-7.063917207, 2.857725524, 1379.179417, 7.371507843,-7.063917207, 7.371507843, 2338.252732,55.13760484,1774,40.97745208568207,-1.499436302142052,36.83934611048478,19950.738995451,23231.578890458,-0.5106101119371342,10.98710883565782,355.984461102965,0.994800948826598,-0.00107870904180561,0.0958294464792158,-0.03444743514386304,0.7711362236397462,0.02359540670394976,-0.6357366648023395,-0.02512119422130165,-0.7711643813499215,-0.02432067225024179,0.6357093322366939,0.0242414262300308,7.6354682529543,0.1734271542185,0.009999015948388,0.010066339662851,-0.00036995524447342,20945542.52838179,47656.34087318421,3655.336567392725,20945596.74291436,-135.2444007154991,3655.336567392725,0.13073193959779,23231.578890458,-3280.8398950075,6.21610093,9.84848485,9.84848485,0.460691535,3.10461012,3654.33017,177.89416,3.10461012,-3.11149081,0,1,-0.523,0,0.00891182765,0.174,0.348,0,0.172936493,0.432341232,0.432334696,0,0,-0.00920390625,-1,-0.437810387,0,356.010683,-356.010683,360,3.98931659,0.0696135744,0.0629305494,0.071842377,0,0,0,-100,-100,-2.8,-8.69826201,0,0,0,-0,-0.362654102,-0.177192794,-0.150135514,0.0226164235,0.00591984884,0.00347085571,-0.00789313179,-0.00546114095,0.00893199666,0.00446599833,-0.0198470124,-0.00554128586,0,0,51357.2,93.3768,1.29953,13.279,198.359,0.433847,20.5241,227.722,2472.4,65,65,0.00999860490349799812,-0.000369587140048414323,20945597.1734771356,0.0648757871744928827
31.4,0.05927122371857786,-0.184784828668062,-0.1795712928476384,-0.01518245067522482,0.03511104566221437,0.008549143779930277,0.06336295449994049,-0.1844979656804571,-0.1787764643795471,6.449710295,1885505.924,100.807633988,1524.04429316,99.91124346724035,0.3055013420549404,13.4100398190804,-0.2686318033370156,0.002579154846589382,0.1231056724743347,-0.6091408981216659,-0.3047396938822681,-0.2419936614832071,5.782665166353502,-0.0447760904441123,-30.99506348790321,99.91124346724085,0.3055013420549755,13.41003981908049,2.359056243556447,1520.730598498072,100.4185697653686,5.830081004306672,-6.655829921994148,100.4185697653686,100.4175410937644,-6.655792092551299,-5.847815189655664, 1337.930962, 2.857725524,-7.063917207, 2.857725524, 1379.179417, 7.371507843,-7.063917207, 7.371507843, 2338.252732,55.13760484,1774,40.97745208568207,-1.499436302142052,36.83934611048478,19951.32629019,23232.166185189,-0.5080594189395989,10.9683071663565,355.966293296355,0.9948111571244462,-0.001047190085894516,0.09566562802489294,-0.03460856351030972,0.7710274398842787,0.02373163258940542,-0.635859897663325,-0.02521283609042102,-0.771055790930071,-0.02445935691875931,0.6358323204280303,0.02433038083199652,7.6445258076269,0.1736372895206,0.010026488099964,0.010093996783445,-0.00037177174502413,20945542.76735142,47808.41545754106,3665.379654367515,20945597.3284379,-135.9084619434725,3665.379654367515,0.13114974701102,23232.166185189,-3280.8398950117,6.21578384,9.84848485,9.84848485,0.460680227,3.10453043,3664.3812,177.889594,3.10453043,-3.11125341,0,1,-0.523,0,0.00886730966,0.174,0.348,0,0.172962873,0.432407181,0.432400562,0,0,-0.0107378906,-1,-0.435971606,0,355.992514,-355.992514,360,4.00748573,0.069930626,0.0632642857,0.0721315954,0,0,0,-100,-100,-2.8,-8.64781519,0,0,0,-0,-0.363347532,-0.177531604,-0.150475543,0.0226160938,0.00591976256,0.00347085571,-0.00789301674,-0.00546114095,0.00893199666,0.00446599833,-0.0198987492,-0.00555573077,0,0,51353.1,93.3692,1.29953,13.2787,198.356,0.434499,20.5438,227.693,2472.24,65,65,0.0100260772754492602,-0.000371403500568273323,20945597.7608069181,0.0633629544999404909
31.5,0.05775576737302295,-0.1812452275333865,-0.178674874309979,-0.01507828592773788,0.03572971727224503,0.009454763655101625,0.06184766215793627,-0.1809570037462267,-0.1778813835587973,6.446468015,1885020.415,100.783285818,1524.01226071,99.8850415213652,0.3057358609480856,13.42220943601308,-0.255537727987484,0.001883602241193771,0.1208947069706134,-0.5980860312134091,-0.3042921291636519,-0.2301807908450705,5.786420948951958,-0.04480257774619625,-31.00551235352813,99.88504152136569,0.3057358609481209,13.42220943601317,2.298694098131094,1520.700147340323,100.3949634715582,5.780689721378295,-6.686227349959857,100.3949634715583,100.3939407034022,-6.686189656887244,-5.798468608143322, 1337.930962, 2.857725524,-7.063917207, 2.857725524, 1379.179417, 7.371507843,-7.063917207, 7.371507843, 2338.252732,55.13760484,1774,40.97745208568207,-1.499436302142052,36.83934611048478,19951.908595167,23232.748490162,-0.5056387165347787,10.94985737551451,355.9482086887318,0.9948210441027492,-0.001016810874604393,0.09550489273801428,-0.03476883330026932,0.7709206092349701,0.02386644546654006,-0.6359807232651213,-0.02530467689477102,-0.7709491545024187,-0.02459662671317426,0.6359529019812449,0.02441953291879093,7.6533644011874,0.1738125642951,0.010053953632164,0.0101216472401,-0.00037359656681354,20945543.00022972,47960.48699446027,3675.420321186328,20945597.90896723,-136.5755651683066,3675.420321186328,0.13156755442424,23232.748490162,-3280.8398950159,6.21546821,9.84848485,9.84848485,0.460669015,3.10445033,3674.42996,177.885004,3.10445033,-3.11101787,0,1,-0.523,0,0.00882506043,0.174,0.348,0,0.172989336,0.432473341,0.432466742,0,0,-0.00920390625,-1,-0.434242677,0,355.974428,-355.974428,360,4.02557167,0.0702462256,0.0635971733,0.0724222337,0,0,0,-100,-100,-2.8,-8.59846861,0,0,0,-0,-0.364025885,-0.177863047,-0.150808218,0.0226181172,0.00592029218,0.00347085571,-0.0078937229,-0.00546114095,0.00893199666,0.00446599833,-0.0199478398,-0.00556943686,0,0,51349,93.3618,1.29953,13.2783,198.352,0.435077,20.5632,227.666,2472.09,65,65,0.010053543025503606,-0.000373228183750156501,20945598.3431462012,0.061847662157936259
31.6,0.05626087883470513,-0.1776472151064601,-0.1776923607355952,-0.01475138312576968,0.03627318772579243,0.01025653276630391,0.06035293231222003,-0.1773576393763404,-0.1769001816597668,6.443388351,1884558.67,100.760193949,1523.98035174,99.86013517634456,0.3058912553753146,13.43415489738254,-0.242721667145859,0.0009866596752629575,0.1186336101073131,-0.5869490702023192,-0.3038919375685032,-0.2186458656239136,5.790109847385234,-0.04481954241467028,-31.01606398907266,99.86013517634505,0.3058912553753501,13.43415489738263,2.239441703511502,1520.669738531943,100.3725245735047,5.732407619965009,-6.716583828446578,100.3725245735047,100.371507560587,-6.716546266791235,-5.750231383680124, 1337.930962, 2.857725524,-7.063917207, 2.857725524, 1379.179417, 7.371507843,-7.063917207, 7.371507843, 2338.252732,55.13760484,1774,40.97745208568207,-1.499436302142052,36.83934611048478,19952.486020882,23233.325915881,-0.5033456059184588,10.93176577053913,355.9302165541991,0.9948306093124963,-0.0009875545922714841,0.0953472952831672,-0.03492816618488718,0.7708157700316258,0.023999801833483,-0.6360991026433623,-0.02539664936196413,-0.7708445103314165,-0.0247324380604474,0.6360710379975836,0.02450881515254226,7.6619827114137,0.17394076130007,0.01008141286809,0.010149291358093,-0.00037542969796444,20945543.22712723,48112.55548842066,3685.458685977178,20945598.48461282,-137.245706048554,3685.458685977178,0.13198536183746,23233.325915881,-3280.8398950136,6.21515419,9.84848485,9.84848485,0.460657897,3.10436983,3684.47655,177.880391,3.10436983,-3.11078436,0,1,-0.523,0,0.0087850381,0.174,0.348,0,0.17301548,0.432538701,0.432532221,0,0,-0.00920390625,-1,-0.432615163,0,355.956435,-355.956435,360,4.04356513,0.0705602115,0.0639291787,0.0727142168,0,0,0,-100,-100,-2.8,-8.55023138,0,0,0,-0,-0.364689033,-0.178187062,-0.151133474,0.0226224628,0.00592142964,0.00347085571,-0.00789523951,-0.00546114095,0.00893199666,0.00446599833,-0.0199932878,-0.00558212594,0,0,51345,93.3546,1.29953,13.2779,198.349,0.435547,20.582,227.639,2471.94,65,65,0.0100810024766698966,-0.000375061177762090467,20945598.920605462,0.0603529323122200256
31.7,0.05480806009132164,-0.1739979229105504,-0.1766351997788592,-0.01421980594307189,0.03675002993460819,0.01093166388157006,0.05890026694723523,-0.1737070046242016,-0.1758443059468071,6.440467507,1884120.148,100.738329835,1523.94855973,99.83649649394852,0.3059486923488821,13.44587152573463,-0.2301861473762106,-8.233121971312762e-05,0.1163279555437597,-0.5757478009696086,-0.3035343754127502,-0.2073893950686734,5.7937307532578,-0.04482503950068081,-31.02670017381018,99.83649649394901,0.3059486923489178,13.44587152573472,2.18130637211745,1520.639367566901,100.3512252482844,5.685242003215432,-6.746903912763703,100.3512252482844,100.3502138394453,-6.746866477440167,-5.703110816763902, 1337.930962, 2.857725524,-7.063917207, 2.857725524, 1379.179417, 7.371507843,-7.063917207, 7.371507843, 2338.252732,55.13760484,1774,40.97745208568207,-1.499436302142052,36.83934611048478,19953.058678664,23233.898573665,-0.5011756533396703,10.91403788986498,355.9123251408937,0.9948398526934487,-0.0009593860716537347,0.09519288302363155,-0.0350864944514537,0.7707129557257667,0.02413167867106421,-0.6362150022710032,-0.02548868074805416,-0.7707418917859313,-0.02486676787594151,0.6361866949925785,0.02459815472891375,7.6703797489088,0.17401118120675,0.010108866123239,0.010176929455047,-0.00037727112790794,20945543.4481553,48264.62094342786,3695.494864088916,20945599.05548597,-137.9188807210594,3695.494864088916,0.13240316925069,23233.898573665,-3280.8398950145,6.21484192,9.84848485,9.84848485,0.460646871,3.10428891,3694.5211,177.875755,3.10428891,-3.11055301,0,1,-0.523,0,0.00874716528,0.174,0.348,0,0.173040926,0.432602316,0.432596046,0,0,-0.0107378906,-1,-0.431079427,0,355.938542,-355.938542,360,4.06145786,0.0708724397,0.0642602625,0.0730074278,0,0,0,-100,-100,-2.8,-8.50311082,0,0,0,-0,-0.365336874,-0.178503597,-0.151451258,0.0226290584,0.00592315604,0.00347085571,-0.00789754138,-0.00546114095,0.00893199666,0.00446599833,-0.0200342137,-0.00559355247,0,0,51341.2,93.3476,1.29953,13.2776,198.345,0.435876,20.6004,227.613,2471.8,65,65,0.0101084559443675066,-0.000376902472059848599,20945599.4932959937,0.0589002669472352275
31.8,0.0534167932645407,-0.1703036480389355,-0.1755169096638996,-0.01350622421800746,0.03716821827811844,0.01146206012389816,0.05750914818504295,-0.1700113969964885,-0.1747272743130407,6.437701677,1883704.305,100.717664782,1523.91687871,99.81409729741695,0.3058924539905679,13.45735522608168,-0.2179334362685976,-0.00129027936161713,0.1139839259810316,-0.5644990645620425,-0.3032141043763229,-0.1964115876901426,5.797282649964416,-0.04481749490901223,-31.03740363058147,99.81409729741745,0.3058924539906037,13.45735522608177,2.124293683943087,1520.609030444668,100.3310376376514,5.639198442865361,-6.77719164896015,100.3310376376514,100.3300316790778,-6.777154334759867,-5.657112476402364, 1337.930962, 2.857725524,-7.063917207, 2.857725524, 1379.179417, 7.371507843,-7.063917207, 7.371507843, 2338.252732,55.13760484,1774,40.97745208568207,-1.499436302142052,36.83934611048478,19953.626680456,23234.466575457,-0.4991226082360996,10.89667858731013,355.8945414336404,0.9948487744128613,-0.0009322534784595246,0.09504169680641905,-0.0352437628643204,0.7706121953217415,0.02426207356775806,-0.6363283933892079,-0.02558069534450863,-0.7706413277831631,-0.02499961368768819,0.6362998442264183,0.02468747588365234,7.678554895688,0.17401489183498,0.010136313705493,0.010204561840913,-0.00037912084725262,20945543.66342593,48416.68336306178,3705.528968086086,20945599.62169862,-138.5950857531352,3705.528968086086,0.13282097666391,23234.466575457,-3280.8398950219,6.21453154,9.84848485,9.84848485,0.460635935,3.1042076,3704.56371,177.871095,3.1042076,-3.11032394,0,1,-0.523,0,0.00871133288,0.174,0.348,0,0.17306533,0.432663325,0.432657348,0,0,-0.00920390625,-1,-0.429624949,0,355.920757,-355.920757,360,4.07924288,0.0711827882,0.0645903811,0.0733017139,0,0,0,-100,-100,-2.8,-8.45711248,0,0,0,-0,-0.365969329,-0.178812614,-0.15176153,0.0226377945,0.00592544271,0.00347085571,-0.00790059028,-0.00546114095,0.00893199666,0.00446599833,-0.0200698758,-0.00560350931,0,0,51337.5,93.3409,1.29953,13.2772,198.342,0.436038,20.6183,227.588,2471.66,65,65,0.0101359037364131092,-0.000378752057255867685,20945600.061329715,0.0575091481850429423
31.9,0.05210411543579841,-0.1665699328680801,-0.1743525965064031,-0.01263710822841758,0.03753471757543717,0.01183458936879073,0.05619661310880202,-0.1662763591562896,-0.1735641925955161,6.435087051,1883310.597,100.698169988,1523.88530324,99.79290919650511,0.3057102617856797,13.46860253511679,-0.2059655559366842,-0.002601458244352206,0.1116080621066509,-0.5532186580267222,-0.3029253554150506,-0.1857124123671851,5.800764623043472,-0.0447957350224312,-31.04815812693246,99.7929091965056,0.3057102617857157,13.46860253511688,2.068407586422189,1520.578723721543,100.3119338749914,5.594280879244547,-6.807450522662171,100.3119338749915,100.3109332104998,-6.807413324262509,-5.612240300124283, 1337.930962, 2.857725524,-7.063917207, 2.857725524, 1379.179417, 7.371507843,-7.063917207, 7.371507843, 2338.252732,55.13760484,1774,40.97745208568207,-1.499436302142052,36.83934611048478,19954.190138694,23235.030033693,-0.4971786588417581,10.87969211140967,355.8768709641373,0.9948573747224025,-0.0009060903630586541,0.09489377171691113,-0.03539993008526934,0.7705135138092057,0.02439100427347565,-0.6364392513725999,-0.02567261693335562,-0.770542843223924,-0.02513099318952897,0.6364104610693416,0.0247767023473121,7.6865079309373,0.17394491541347,0.010163755915108,0.010232188817972,-0.00038097884763836,20945543.87305159,48568.74275052969,3715.561107746787,20945600.18336318,-139.2743180891193,3715.561107746787,0.13323878407714,23235.030033693,-3280.8398950195,6.21422313,9.84848485,9.84848485,0.460625087,3.10412589,3714.6045,177.866414,3.10412589,-3.11009724,0,1,-0.523,0,0.00867740457,0.174,0.348,0,0.17308839,0.432720974,0.43271536,0,0,-0.00920390625,-1,-0.428240648,0,355.903085,-355.903085,360,4.09691465,0.0714911606,0.0649194871,0.0735968917,0,0,0,-100,-100,-2.8,-8.4122403,0,0,0,-0,-0.366586343,-0.179114087,-0.152064261,0.022648529,0.00592825248,0.00347085571,-0.00790433663,-0.00546114095,0.00893199666,0.00446599833,-0.0200996855,-0.0056118322,0,0,51333.8,93.3342,1.29953,13.2768,198.338,0.436012,20.6357,227.563,2471.53,65,65,0.0101633461530153037,-0.000380609924973389184,20945600.6248190366,0.0561966131088020085
32,0.05088427803134762,-0.1628016785020962,-0.1731584512062724,-0.01164184032727902,0.03785523440054708,0.01204120367181863,0.05497691314588099,-0.1625067923615477,-0.1723712514616732,6.432619817,1882938.475,100.679816564,1523.85382848,99.77290361154955,0.3053934883368941,13.47961064495777,-0.1942842886821596,-0.003978637888755188,0.1092070033091517,-0.5419212846397805,-0.30266209651998,-0.1752916510875837,5.804175864657187,-0.04475900364541765,-31.05894852691383,99.77290361155005,0.3053934883369302,13.47961064495786,2.013650501751783,1520.548444545349,100.2938861065674,5.550491728705733,-6.837683424551454,100.2938861065674,100.2928905778715,-6.837646336524298,-5.568496701412087, 1337.930962, 2.857725524,-7.063917207, 2.857725524, 1379.179417, 7.371507843,-7.063917207, 7.371507843, 2338.252732,55.13760484,1774,40.97745208568207,-1.499436302142052,36.83934611048478,19954.749166131,23235.589061131,-0.4953347168817032,10.86308217545443,355.8593176716402,0.9948656538381989,-0.000880818009863535,0.09474913776381297,-0.0355549696349268,0.7704169325626753,0.02451850771833507,-0.6365475551601355,-0.02576437112833289,-0.7704464593949133,-0.02526094325929736,0.6365185244332882,0.02486575968600904,7.6942390424224,0.17379635166725,0.010191193044719,0.010259810680828,-0.0003828451215777,20945544.07714508,48720.79910872385,3725.591390062947,20945600.74059241,-139.9565749923786,3725.591390062947,0.13365659149036,23235.589061131,-3280.8398950106,6.21391677,9.84848485,9.84848485,0.460614324,3.1040438,3724.64357,177.86171,3.1040438,-3.10987297,0,1,-0.523,0,0.00864522171,0.174,0.348,0,0.173109852,0.432774629,0.432769437,0,0,-0.00920390625,-1,-0.426915204,0,355.885531,-355.885531,360,4.11446924,0.0717974882,0.0652475319,0.0738927536,0,0,0,-100,-100,-2.8,-8.3684967,0,0,0,-0,-0.367187879,-0.179407998,-0.152359433,0.0226610931,0.00593154111,0.00347085571,-0.00790872148,-0.00546114095,0.00893199666,0.00446599833,-0.0201232188,-0.0056184027,0,0,51330.3,93.3278,1.29953,13.2765,198.335,0.435781,20.6527,227.54,2471.41,65,65,0.0101907834867755575,-0.000382476067688698046,20945601.1838766895,0.0549769131458809901
32.1,0.04976849755404896,-0.1590032762728404,-0.1719512411515824,-0.01055177684094051,0.03813411601905529,0.01207891011815474,0.05386126479814226,-0.1587070879631324,-0.1711652181077944,6.430296162,1882587.391,100.662575564,1523.82245023,99.75405179724089,0.3049372563331332,13.49037740182773,-0.1828911770582513,-0.005384201869432503,0.1067872461301356,-0.5306205520117224,-0.3024181997532128,-0.165148941845302,5.807515672274452,-0.04470696643057465,-31.06976079506516,99.75405179724139,0.3049372563331695,13.49037740182782,1.960023436763339,1520.518190673354,100.2768665079733,5.507831993563524,-6.867892632638751,100.2768665079733,100.2758759549358,-6.867855649458608,-5.52588267964353, 1337.930962, 2.857725524,-7.063917207, 2.857725524, 1379.179417, 7.371507843,-7.063917207, 7.371507843, 2338.252732,55.13760484,1774,40.97745208568207,-1.499436302142052,36.83934611048478,19955.303875681,23236.143770683,-0.4935807224091849,10.84685201557318,355.8418838155177,0.9948736118470684,-0.0008563480082269193,0.09460782046882836,-0.03570887039092181,0.7703224696922173,0.02464463854721276,-0.6366532867718605,-0.02585588754514668,-0.7703521943219812,-0.02538951849287032,0.6366240162900202,0.02495457747133388,7.7017488237084,0.17356643646664,0.010218625379346,0.010287427716418,-0.00038471966229015,20945544.27581935,48872.85244028171,3735.619919242466,20945601.29349918,-140.6418539847291,3735.619919242466,0.13407439890358,23236.143770683,-3280.8398950147,6.21361249,9.84848485,9.84848485,0.460603645,3.10396132,3734.68104,177.856984,3.10396132,-3.10965117,0,1,-0.523,0,0.00861460873,0.174,0.348,0,0.173129515,0.432823787,0.432819061,0,0,-0.00920390625,-1,-0.425637374,0,355.868096,-355.868096,360,4.13190438,0.0721017314,0.0655744664,0.0741890751,0,0,0,-100,-100,-2.8,-8.32588268,0,0,0,-0,-0.367773922,-0.179694338,-0.152647035,0.0226752966,0.00593525889,0.00347085571,-0.00791367852,-0.00546114095,0.00893199666,0.00446599833,-0.0201402214,-0.00562314982,0,0,51326.9,93.3216,1.29953,13.2761,198.331,0.435334,20.6692,227.517,2471.29,65,65,0.0102182160226939617,-0.000384350478566803039,20945601.7386155538,0.0538612647981422596
32.2,0.04876480117203801,-0.1551787435786332,-0.1707478111731275,-0.009399292508187574,0.03837437237038197,0.01194960298199514,0.0528576952295538,-0.1548812632453912,-0.1699629372088616,6.428112277,1882256.796,100.646418001,1523.79116486,99.73632486658417,0.3043404276462791,13.50090128230755,-0.1717875202121766,-0.006781218974348135,0.1043549387878784,-0.5193290124458585,-0.302187603143876,-0.1552838110500002,5.81078344237871,-0.04463970329304606,-31.08058195815097,99.73632486658467,0.3043404276463155,13.50090128230764,1.907526090808219,1520.487960473702,100.2608472968203,5.466301370009738,-6.898079811022432,100.2608472968203,100.2598615576883,-6.898042927074066,-5.484397928009484, 1337.930962, 2.857725524,-7.063917207, 2.857725524, 1379.179417, 7.371507843,-7.063917207, 7.371507843, 2338.252732,55.13760484,1774,40.97745208568207,-1.499436302142052,36.83934611048478,19955.854380317,23236.694275314,-0.4919059595933659,10.83100443567941,355.8245699395164,0.9948812486402701,-0.00083258496486659,0.09446984134813557,-0.03586163663180337,0.7702301403370844,0.02476946723300595,-0.636756430921628,-0.02594710175064795,-0.7702600630661225,-0.02551678931703332,0.6367269212857323,0.0250430912292418,7.7090382586297,0.17325453761389,0.010246053196401,0.010315040204024,-0.00038660246353431,20945544.46918742,49024.90274764704,3745.646796712814,20945601.84219645,-141.3301527850927,3745.646796712814,0.13449220631681,23236.694275314,-3280.8398950123,6.2133103,9.84848485,9.84848485,0.460593047,3.10387846,3744.71699,177.852236,3.10387846,-3.10943184,0,1,-0.523,0,0.00858537861,0.174,0.348,0,0.173147233,0.432868082,0.432863853,0,0,-0.00920390625,-1,-0.424396286,0,355.85078,-355.85078,360,4.14921953,0.0724038807,0.0659002427,0.0744856213,0,0,0,-100,-100,-2.8,-8.28439793,0,0,0,-0,-0.368344475,-0.179973111,-0.152927069,0.0226909349,0.0059393522,0.00347085571,-0.00791913627,-0.00546114095,0.00893199666,0.00446599833,-0.0201506095,-0.00562605016,0,0,51323.5,93.3155,1.29953,13.2758,198.327,0.434667,20.6852,227.495,2471.17,65,65,0.0102456440381786112,-0.000386233151295471634,20945602.2891485579,0.0528576952295537958
32.3,0.04787796750660044,-0.1513318530680338,-0.1695646070634523,-0.008216838272235856,0.03857779144095966,0.01165977001734361,0.05197098305345739,-0.1510330906153709,-0.1687808544337517,6.426064359,1881946.142,100.63131487,1523.75996938,99.71969381535568,0.3036054883769879,13.51118135126647,-0.1609743679495619,-0.008134442123645336,0.1019157224579104,-0.5080582371075124,-0.3019644633127552,-0.1456956955079332,5.813978660530839,-0.04455768962553548,-31.09140003299133,99.71969381535618,0.3036054883770244,13.51118135126656,1.856156957835596,1520.45775291109,100.2458007427073,5.425898350184076,-6.928246024395277,100.2458007427074,100.2448196543318,-6.928209233980883,-5.444040935586502, 1337.930962, 2.857725524,-7.063917207, 2.857725524, 1379.179417, 7.371507843,-7.063917207, 7.371507843, 2338.252732,55.13760484,1774,40.97745208568207,-1.499436302142052,36.83934611048478,19956.400792863,23237.240687862,-0.4902993743201177,10.81554183935043,355.8073748861398,0.9948885638745898,-0.0008094292767693673,0.09433521828346304,-0.03601328764794884,0.7701399569006037,0.02489307784092528,-0.6368569747272018,-0.02603795694862458,-0.7701700779604598,-0.02564283975348192,0.6368272264534984,0.025131244125621,7.716108695296,0.17286209102299,0.010273476765702,0.010342648415281,-0.00038849351944148,20945544.65736218,49176.95003313045,3755.672121125743,20945602.38679704,-142.0214692486261,3755.672121125743,0.13491001373003,23237.240687862,-3280.8398950164,6.21301019,9.84848485,9.84848485,0.460582527,3.10379523,3754.75153,177.847466,3.10379523,-3.10921497,0,1,-0.523,0,0.0085573384,0.174,0.348,0,0.173162917,0.432907293,0.432903578,0,0,-0.00920390625,-1,-0.42318171,0,355.833584,-355.833584,360,4.16641585,0.0727039565,0.0662248156,0.074782154,0,0,0,-100,-100,-2.8,-8.24404094,0,0,0,-0,-0.368899557,-0.180244324,-0.153199541,0.0227077946,0.00594376524,0.00347085571,-0.00792502032,-0.00546114095,0.00893199666,0.00446599833,-0.0201544653,-0.00562712671,0,0,51320.3,93.3096,1.29953,13.2755,198.324,0.43378,20.7008,227.473,2471.06,65,65,0.0102730678030578722,-0.000388124079920932231,20945602.8355885223,0.0519709830534573897
32.4,0.04710956000922357,-0.1474662472162263,-0.168417233581611,-0.007036040205034472,0.03874511734397469,0.01122008805358385,0.05120269170943774,-0.1471662121879398,-0.167634574446994,6.424148609,1881654.878,100.617237162,1523.72886135,99.70412954723592,0.3027383382345716,13.52121720635482,-0.1504525136594861,-0.009411210763189237,0.09947462384908334,-0.496818914778693,-0.3017432950884561,-0.1363839545809986,5.817100889245743,-0.04446176739033865,-31.10220392950183,99.70412954723642,0.3027383382346084,13.52121720635491,1.805913419738652,1520.427567517797,100.231699175491,5.386620315477908,-6.958391767184057,100.2316991754911,100.2307225735333,-6.958355064530021,-5.40480908064246, 1337.930962, 2.857725524,-7.063917207, 2.857725524, 1379.179417, 7.371507843,-7.063917207, 7.371507843, 2338.252732,55.13760484,1774,40.97745208568207,-1.499436302142052,36.83934611048478,19956.943226002,23237.783121003,-0.4887498848035229,10.80046624966613,355.7902958582418,0.9948955569593441,-0.0007867798851078085,0.09420396578889428,-0.03616385695157567,0.770051929229658,0.02501556552271166,-0.6369549075124146,-0.02612840536871827,-0.7700822487915031,-0.02576776491285027,0.6369249210181415,0.02521898835504635,7.7229618123774,0.17239248202996,0.010300896349493,0.010370252614195,-0.0003903928243553,20945544.84045633,49328.99429896768,3765.695988362917,20945602.92741361,-142.7158013081425,3765.695988362917,0.13532782114326,23237.783121003,-3280.8398950139,6.21271211,9.84848485,9.84848485,0.460572085,3.10371162,3764.78476,177.842676,3.10371162,-3.10900049,0,1,-0.523,0,0.00853029471,0.174,0.348,0,0.173176535,0.432941337,0.432938138,0,0,-0.00920390625,-1,-0.421984296,0,355.816504,-355.816504,360,4.18349613,0.0730020075,0.0665481437,0.0750784384,0,0,0,-100,-100,-2.8,-8.20480908,0,0,0,-0,-0.369439202,-0.180507994,-0.153464468,0.0227256603,0.00594844158,0.00347085571,-0.00793125544,-0.00546114095,0.00893199666,0.00446599833,-0.0201520289,-0.00562644647,0,0,51317.2,93.3039,1.29953,13.2751,198.32,0.43268,20.7158,227.452,2470.96,65,65,0.0103004875795948258,-0.000390023258690137158,20945603.378048081,0.0512026917094377393
32.5,0.04645804765047092,-0.1435855333306443,-0.16732005725959,-0.005886864747346251,0.03887626269496649,0.01064492494866336,0.05055129015240039,-0.1432842348030339,-0.1665384637129468,6.422361237,1881382.456,100.60415588,1523.69783889,99.68960289970289,0.3017479948558464,13.53100891410001,-0.1402224867418989,-0.01058223693381527,0.09703599742704938,-0.4856209650124264,-0.3015190948851221,-0.1273478735311838,5.820149755293005,-0.04435310739046212,-31.11298333900853,99.68960289970339,0.3017479948558833,13.5310089141001,1.756791829023556,1520.397404351544,100.218514992791,5.348463619127793,-6.98851700583853,100.218514992791,100.2175427119162,-6.988480385101808,-5.366698713231875, 1337.930962, 2.857725524,-7.063917207, 2.857725524, 1379.179417, 7.371507843,-7.063917207, 7.371507843, 2338.252732,55.13760484,1774,40.97745208568207,-1.499436302142052,36.83934611048478,19957.481792059,23238.32168706,-0.4872466769919036,10.78577931868753,355.7733285237913,0.9949022270669607,-0.0007645369346928394,0.09407609518528615,-0.03631339112732325,0.7699660647455024,0.02513703382346684,-0.637050220691317,-0.02621840933441056,-0.7699965829313969,-0.02589166830144634,0.6370199962833707,0.02530628620865614,7.7295995805087,0.17185087785743,0.010328312202451,0.01039785305716,-0.00039230037268129,20945545.01858226,49481.03554737438,3775.718491542309,20945603.46415848,-143.4131469190688,3775.718491542309,0.13574562855648,23238.32168706,-3280.839895018,6.21241597,9.84848485,9.84848485,0.460561717,3.10362765,3774.81677,177.837864,3.10362765,-3.10878832,0,1,-0.523,0,0.00850405878,0.174,0.348,0,0.173188107,0.432970267,0.432967575,0,0,-0.0107378906,-1,-0.420795779,0,355.799535,-355.799535,360,4.20046472,0.0732981093,0.0668701908,0.0753742496,0,0,0,-100,-100,-2.8,-8.16669871,0,0,0,-0,-0.36996346,-0.180764146,-0.153721871,0.02274432,0.00595332577,0.00347085571,-0.00793776769,-0.00546114095,0.00893199666,0.00446599833,-0.0201436851,-0.00562411688,0,0,51314.1,93.2984,1.29953,13.2748,198.316,0.431378,20.7305,227.432,2470.86,65,65,0.0103279036225036765,-0.000391930681902908187,20945603.9166395366,0.0505512901524003827
32.6,0.04591900532687181,-0.1396933566892014,-0.1662858625557385,-0.004796871000765923,0.03897053101529672,0.009951766279850401,0.0500123532600002,-0.1393908031779372,-0.1655053066476372,6.420698465,1881128.327,100.59204206,1523.66690057,99.67608467071152,0.3006462254328035,13.54055694234405,-0.130284545061385,-0.01162225946606693,0.0946035125580984,-0.4744736570938244,-0.301287445181717,-0.1185866593020393,5.823124937711128,-0.04423316419299096,-31.12372861633997,99.67608467071202,0.3006462254328406,13.54055694234414,1.708787579796296,1520.367263941929,100.2062206675507,5.311423657097885,-7.018621232516026,100.2062206675508,100.2052525416108,-7.018584687790256,-5.329705226080174, 1337.930962, 2.857725524,-7.063917207, 2.857725524, 1379.179417, 7.371507843,-7.063917207, 7.371507843, 2338.252732,55.13760484,1774,40.97745208568207,-1.499436302142052,36.83934611048478,19958.016602967,23238.856497972,-0.4857794773559579,10.77148232862385,355.7564671587904,0.9949085731641357,-0.0007426042696021589,0.0939516146975601,-0.03646194837256603,0.7698823685345891,0.02525759188490262,-0.6371429077214102,-0.02630794199578767,-0.7699130854297994,-0.02601465902448533,0.6371124455881846,0.02539311080685244,7.7360242214947,0.17124401828159,0.010355724571719,0.010425449992982,-0.00039421615874978,20945545.19185194,49633.07378059603,3785.739721025358,20945603.99714356,-144.113504009365,3785.739721025358,0.1361634359697,23238.856497972,-3280.8398950122,6.21212169,9.84848485,9.84848485,0.460551421,3.10354332,3784.84764,177.833032,3.10354332,-3.10857837,0,1,-0.523,0,0.00847845132,0.174,0.348,0,0.173197707,0.432994266,0.432992057,0,0,-0.00920390625,-1,-0.419609138,0,355.782673,-355.782673,360,4.21732732,0.0735923618,0.0671909266,0.0756693779,0,0,0,-100,-100,-2.8,-8.12970523,0,0,0,-0,-0.370472391,-0.18101281,-0.153971781,0.0227635712,0.00595836477,0.00347085571,-0.00794448636,-0.00546114095,0.00893199666,0.00446599833,-0.0201299475,-0.00562028134,0,0,51311.2,93.293,1.29953,13.2745,198.313,0.42989,20.7446,227.413,2470.76,65,65,0.0103553161789680243,-0.000393846343777777943,20945604.4514748082,0.0500123532600002044
32.7,0.04548538446608283,-0.1357934516999396,-0.1653255680207921,-0.003790567325719509,0.03902683040568865,0.009160586026621568,0.04957883243862122,-0.1354896510829053,-0.1645460217837366,6.419156525,1880891.944,100.580866779,1523.6360454,99.66354564614542,0.2994471193964579,13.54986209312595,-0.1206386676201765,-0.01251055514576255,0.09218017763090458,-0.4633857267923212,-0.3010445980853587,-0.1100994301182609,5.826026157686489,-0.04410362530659816,-31.13443066363826,99.66354564614592,0.299447119396495,13.54986209312604,1.661895166904981,1520.33714722746,100.1947887563409,5.275494927092362,-7.048703528152577,100.194788756341,100.1938246185491,-7.048667053473932,-5.293823113598304, 1337.930962, 2.857725524,-7.063917207, 2.857725524, 1379.179417, 7.371507843,-7.063917207, 7.371507843, 2338.252732,55.13760484,1774,40.97745208568207,-1.499436302142052,36.83934611048478,19958.54777015,23239.387665148,-0.4843387966276639,10.75757618685862,355.7397048225462,0.9949145940601775,-0.0007208917035180835,0.09383052949143235,-0.03660959678256091,0.7698008434087188,0.02537735162743501,-0.6372329641118522,-0.02639698772257753,-0.7698317590746996,-0.0261368489682329,0.6372022643183335,0.0254794464923086,7.7422381676414,0.17057997235223,0.010383133696916,0.010453043662894,-0.00039614017669406,20945545.36037683,49785.10900095213,3795.759764424904,20945604.52648025,-144.8168704349591,3795.759764424904,0.13658124338293,23239.387665148,-3280.839895013,6.21182913,9.84848485,9.84848485,0.460541196,3.10345863,3794.87748,177.828179,3.10345863,-3.1083705,0,1,-0.523,0,0.0084533067,0.174,0.348,0,0.173205452,0.43301363,0.43301187,0,0,-0.00920390625,-1,-0.418418716,0,355.765909,-355.765909,360,4.2340909,0.0738848861,0.0675103277,0.0759636344,0,0,0,-100,-100,-2.8,-8.09382311,0,0,0,-0,-0.370966071,-0.181254022,-0.154214233,0.0227832255,0.00596350928,0.00347085571,-0.00795134571,-0.00546114095,0.00893199666,0.00446599833,-0.0201114396,-0.00561511393,0,0,51308.3,93.2878,1.29953,13.2741,198.309,0.428236,20.7583,227.394,2470.67,65,65,0.0103827254886611625,-0.000395770238332955951,20945604.9826652817,0.049578832438621212
32.8,0.04514784279504019,-0.131889672591002,-0.1644480071956327,-0.002888884985418128,0.03904386537493993,0.008293180856735402,0.04924138539256752,-0.1315846320485077,-0.1636694426676965,6.417731663,1880672.761,100.570601182,1523.60527272,99.65195662801148,0.2981666167953776,13.55892543929089,-0.1112845475969326,-0.01323130012470741,0.08976839241526946,-0.452365484907606,-0.3007875366255318,-0.1018852003076915,5.828853171046479,-0.0439663562881984,-31.14508082185186,99.65195662801197,0.298166616795415,13.55892543929098,1.616108233770143,1520.307055485323,100.1841919089552,5.240671076235513,-7.078762632765999,100.1841919089552,100.1832315920538,-7.078726222118896,-5.259046019565272, 1337.930962, 2.857725524,-7.063917207, 2.857725524, 1379.179417, 7.371507843,-7.063917207, 7.371507843, 2338.252732,55.13760484,1774,40.97745208568207,-1.499436302142052,36.83934611048478,19959.075404428,23239.915299422,-0.4829161391773236,10.74406141693618,355.7230335589105,0.994920288468976,-0.0006993170126232564,0.0937128416658547,-0.03675641243968224,0.7697214899435068,0.02549642498989832,-0.6373203874726139,-0.0264855421624734,-0.7697526044311579,-0.02625835003981718,0.6372894499587252,0.02556528888828792,7.7482440230818,0.16986786953818,0.010410539810169,0.010480634300584,-0.00039807242034799,20945545.52426782,49937.14121087353,3805.778706614019,20945605.05227937,-145.5232439423271,3805.778706614019,0.13699905079615,23239.915299422,-3280.8398950137,6.21153816,9.84848485,9.84848485,0.460531039,3.10337358,3804.90635,177.823306,3.10337358,-3.10816458,0,1,-0.523,0,0.00842847664,0.174,0.348,0,0.173211502,0.433028756,0.433027402,0,0,-0.00920390625,-1,-0.417220297,0,355.749237,-355.749237,360,4.25076339,0.0741758211,0.0678283784,0.076256855,0,0,0,-100,-100,-2.8,-8.05904602,0,0,0,-0,-0.371444585,-0.181487824,-0.154449267,0.0228031131,0.00596871485,0.00347085571,-0.00795828646,-0.00546114095,0.00893199666,0.00446599833,-0.0200888736,-0.00560881351,0,0,51305.5,93.2827,1.29953,13.2738,198.305,0.426439,20.7716,227.376,2470.58,65,65,0.0104101317837687023,-0.00039770235928679573,20945605.5103217736,0.0492413853925675118
32.9,0.04492866656489138,-0.1279860815108095,-0.1636592348360206,-0.0007840788802669634,0.03901730538702412,0.007392928610351712,0.04902229835024668,-0.1276798074785006,-0.162881624086636,6.41642014,1880470.233,100.561216495,1523.57458207,99.64128846393054,0.2968219968805403,13.56774826338097,-0.1022215554615897,-0.01377024736306093,0.08736972976390334,-0.4414209439228216,-0.3005174758663308,-0.09394310432327162,5.831605772992877,-0.04382705824188581,-31.15567076166117,99.64128846393103,0.2968219968805779,13.56774826338106,1.571419609239951,1520.276990152945,100.1744028724744,5.206944937513308,-7.108797123946062,100.1744028724744,100.1734462088983,-7.108760771268762,-5.225366773571972, 1337.930962, 2.857725524,-7.063917207, 2.857725524, 1379.179417, 7.371507843,-7.063917207, 7.371507843, 2338.252732,55.13760484,1774,40.97745208568207,-1.499436302142052,36.83934611048478,19959.59961595,23240.43951095,-0.4815037262713212,10.73093814648564,355.7064446242225,0.9949256550868261,-0.0006778037289496599,0.09359855006382733,-0.03690247766890762,0.7696443063996251,0.02561492425608217,-0.6374051777032743,-0.02657360944720729,-0.7696756197594031,-0.0263792744940303,0.6373740022818284,0.02565064210485418,7.7540445262468,0.16911760791222,0.010437943136136,0.010508222132223,-0.00040001288316768,20945545.68363509,50089.17041293069,3815.796629735741,20945605.57465106,-146.2326221398616,3815.796629735741,0.13741685820938,23240.43951095,-3280.8398950145,6.21124863,9.84848485,9.84848485,0.460520949,3.10328819,3814.93435,177.818413,3.10328819,-3.10796044,0,1,-0.523,0,0.00840382538,0.174,0.348,0,0.173215661,0.433039152,0.433038495,0,0,-0.00920390625,-1,-0.416004073,0,355.732646,-355.732646,360,4.26735354,0.0744653193,0.0681450707,0.0765488961,0,0,0,-100,-100,-2.8,-8.02536677,0,0,0,-0,-0.371908031,-0.181714264,-0.154676931,0.0228230818,0.00597394167,0.00347394167,-0.00796525555,-0.00546525555,0.00893919722,0.00446959861,-0.0200630269,-0.00560159711,0,0,51302.8,93.2778,1.29953,13.2735,198.301,0.424525,20.7844,227.359,2470.5,65,65,0.0104375352890142964,-0.000399642699979304574,20945606.0345543995,0.0490222983502466778
33,0.04496604335467003,-0.1240871220029764,-0.1629615618262461,0.001666286704442748,0.03894846361354916,0.006461991433951414,0.0490597588702047,-0.1237796200198202,-0.1621848770364362,6.415218237,1880283.817,100.552684046,1523.54397301,99.63151208003305,0.2954334037349877,13.57633192857096,-0.09344880663844268,-0.01408291266259187,0.08498447899995654,-0.430559980876172,-0.3002264497668468,-0.08627147495618005,5.834283672218843,-0.04368713698164039,-31.16619225382582,99.63151208003354,0.2954334037350254,13.57633192857105,1.527821328179924,1520.246952702355,100.1653944999945,5.174308550066549,-7.138805542507011,100.1653944999945,100.1644413220324,-7.138769241697232,-5.192777411317113, 1337.930962, 2.857725524,-7.063917207, 2.857725524, 1379.179417, 7.371507843,-7.063917207, 7.371507843, 2338.252732,55.13760484,1774,40.97745208568207,-1.499436302142052,36.83934611048478,19960.120514125,23240.960409122,-0.480084726612368,10.71820607593016,355.6899288670799,0.9949306927908249,-0.000656196642449071,0.09348764684444562,-0.03704788571867419,0.7695692864391203,0.02573302510846722,-0.6374873395572481,-0.02666114574755019,-0.7696007986634135,-0.02649979799014452,0.6374559258360477,0.02573546229670149,7.7596424736754,0.16834072283052,0.010465343892031,0.010535807376488,-0.00040196155823877,20945545.8385881,50241.19660983101,3825.813613212385,20945606.09370469,-146.9450025005208,3825.813613212385,0.1378346656226,23240.960409122,-3280.8398950218,6.21096037,9.84848485,9.84848485,0.460510922,3.10320245,3824.96156,177.813501,3.10320245,-3.10775792,0,1,-0.523,0,0.00837905917,0.174,0.348,0,0.173215448,0.433038619,0.433039105,0,0,-0.00920390625,-1,-0.414713327,0,355.716129,-355.716129,360,4.28387052,0.0747535405,0.0684604046,0.0768394638,0,0,0,-100,-100,-2.8,-7.99277741,0,0,0,-0,-0.372356516,-0.181933394,-0.154897276,0.0228428238,0.00597910914,0.00347910914,-0.00797214552,-0.00547214552,0.00895125466,0.00447562733,-0.0200347953,-0.00559371485,0,0,51300.2,93.2731,1.29953,13.2732,198.298,0.422519,20.7967,227.342,2470.42,65,65,0.0104649362216984662,-0.000401591253318070917,20945606.5554725416,0.0490597588702047019
33.1,0.04521917842428082,-0.1201968251136863,-0.1623579855054669,0.003476771662833038,0.03884012222202477,0.00551490724314213,0.0493129721947004,-0.1198880997221132,-0.1615821990320296,6.414122253,1880112.974,100.54497528,1523.51344647,99.62259849187754,0.294024215519932,13.58467789424844,-0.08496536730802617,-0.01416117468995226,0.08261445127437383,-0.4197902809877405,-0.2999017510791481,-0.07886816611252431,5.836886499763161,-0.0435464794818897,-31.17663725516405,99.62259849187804,0.2940242155199698,13.58467789424853,1.485304646277889,1520.216945961937,100.1571398571848,5.142753177191974,-7.168785070737316,100.1571398571849,100.1561899971388,-7.168748815657887,-5.161269192618997, 1337.930962, 2.857725524,-7.063917207, 2.857725524, 1379.179417, 7.371507843,-7.063917207, 7.371507843, 2338.252732,55.13760484,1774,40.97745208568207,-1.499436302142052,36.83934611048478,19960.63820748,23241.478102482,-0.4786363489675204,10.70586448268524,355.673476860366,0.994935400648527,-0.0006342887591137594,0.09338011846522973,-0.03719273705369027,0.7694964198268568,0.02585094494603819,-0.6375668819539887,-0.02674807571612717,-0.7695281308113223,-0.02662013790899839,0.6375352292829316,0.02581967410519617,7.7650407271489,0.16755059700985,0.010492742287672,0.010563390244609,-0.00040391843807045,20945545.98923542,50393.21980449362,3835.829733761858,20945606.60954881,-147.6603822865436,3835.829733761858,0.13825247303582,23241.478102482,-3280.8398950094,6.21067323,9.84848485,9.84848485,0.460500957,3.10311637,3834.98805,177.808568,3.10311637,-3.10755686,0,1,-0.523,0,0.00835378021,0.174,0.348,0,0.173211356,0.433028391,0.433029734,0,0,-0.00920390625,-1,-0.413336698,0,355.699676,-355.699676,360,4.30032374,0.0750406492,0.0687743883,0.0771281685,0,0,0,-100,-100,-2.8,-7.96126919,0,0,0,-0,-0.37279016,-0.182145272,-0.15511036,0.0228618759,0.00598409601,0.00348409601,-0.00797879468,-0.00547879468,0.00896289068,0.00448144534,-0.0200052399,-0.00558546299,0,0,51297.7,93.2685,1.29953,13.2729,198.294,0.42046,20.8087,227.326,2470.35,65,65,0.0104923347917375183,-0.000403548011593569305,20945607.0731846914,0.0493129721947003982
33.2,0.04562678621582342,-0.1163191474512249,-0.1618486412032188,0.004708220136392179,0.03869199047825676,0.004584154461798899,0.04972065275103667,-0.1160092022650027,-0.1610737255769115,6.413128509,1879957.166,100.538061776,1523.48300434,99.61451882240607,0.2926176347940146,13.59278780453068,-0.07677000635327591,-0.01401249901161949,0.08026136858735811,-0.4091192462651598,-0.2995363711170348,-0.07173120628005468,5.839413966319952,-0.0434074375746236,-31.18699804318316,99.61451882240657,0.2926176347940526,13.59278780453077,1.443860064709475,1520.186973678182,100.1496122104852,5.112269330005361,-7.198731970673435,100.1496122104853,100.1486655008282,-7.198695755157941,-5.13083262507995, 1337.930962, 2.857725524,-7.063917207, 2.857725524, 1379.179417, 7.371507843,-7.063917207, 7.371507843, 2338.252732,55.13760484,1774,40.97745208568207,-1.499436302142052,36.83934611048478,19961.152803686,23241.992698678,-0.4771417476006829,10.69391225179182,355.6570789881121,0.994939777848668,-0.0006119247307486614,0.09327594978964662,-0.03733712888541918,0.7694256952860252,0.02596886235137441,-0.6376438150255223,-0.02683435822764568,-0.7694576048699037,-0.02674047281664709,0.6376119225404033,0.02590323639517301,7.770242261477,0.16676051695773,0.010520138525536,0.010590970940426,-0.00040588351426306,20945546.13568477,50545.24000017104,3845.845065418806,20945607.12229105,-148.3787584279198,3845.845065418806,0.13867028044905,23241.992698678,-3280.8398950068,6.21038704,9.84848485,9.84848485,0.460491052,3.10302996,3845.01389,177.803617,3.10302996,-3.10735708,0,1,-0.523,0,0.00832769449,0.174,0.348,0,0.173204467,0.433011167,0.433013108,0,0,-0.0107378906,-1,-0.411877851,0,355.683277,-355.683277,360,4.31672282,0.0753268131,0.0690870373,0.0774147318,0,0,0,-100,-100,-2.8,-7.93083263,0,0,0,-0,-0.373209092,-0.182349962,-0.155316244,0.0228798848,0.00598880985,0.00348880985,-0.00798507981,-0.00548507981,0.00897388966,0.00448694483,-0.0199754254,-0.00557713877,0,0,51295.2,93.264,1.29953,13.2725,198.29,0.418383,20.8202,227.31,2470.28,65,65,0.0105197312017016945,-0.00040551296622537528,20945607.5877984762,0.0497206527510366744
33.3,0.04613384364726428,-0.1124581059992312,-0.1614305264080007,0.005425229131947764,0.03850313258285893,0.003699610045045495,0.05022777744695581,-0.1121469437926007,-0.1606564543316379,6.412233349,1879815.857,100.531915274,1523.45264903,99.60724433440235,0.2912357749324093,13.60066345652249,-0.06886115045652552,-0.01365143371529715,0.07792654743565564,-0.3985540330859365,-0.2991263698392972,-0.06485858730460869,5.841865872300352,-0.0432722536884539,-31.19726715965733,99.60724433440285,0.2912357749324474,13.60066345652258,1.403477357255258,1520.157040141135,100.142785024846,5.082846793688146,-7.228641958687097,100.142785024846,100.1418412983759,-7.228605776545518,-5.101457490335592, 1337.930962, 2.857725524,-7.063917207, 2.857725524, 1379.179417, 7.371507843,-7.063917207, 7.371507843, 2338.252732,55.13760484,1774,40.97745208568207,-1.499436302142052,36.83934611048478,19961.664409392,23242.504304387,-0.4755898942270549,10.68234787605661,355.6407257691425,0.9949438238104479,-0.0005890000084647773,0.0931751240826106,-0.0374811524986205,0.7693571005722319,0.02608691579861078,-0.6377181501969058,-0.02691998389006954,-0.769389208576266,-0.02686094117244499,0.6376860168654928,0.02598613976603947,7.7752501432778,0.16598315113477,0.010547532800815,0.010618549660444,-0.00040785677731244,20945546.27804283,50697.25720052019,3855.859679554414,20945607.63203806,-149.1001274508817,3855.859679554414,0.13908808786227,23242.504304387,-3280.8398950107,6.21010162,9.84848485,9.84848485,0.460481204,3.10294321,3855.03916,177.798646,3.10294321,-3.10715841,0,1,-0.523,0,0.00830060954,0.174,0.348,0,0.173195751,0.432989377,0.432991684,0,0,-0.00920390625,-1,-0.410343503,0,355.666923,-355.666923,360,4.33307724,0.0756121978,0.0693983748,0.0776989843,0,0,0,-100,-100,-2.8,-7.90145749,0,0,0,-0,-0.37361345,-0.182547532,-0.155514997,0.022896614,0.00599318872,0.00349318872,-0.00799091829,-0.00549091829,0.00898410701,0.0044920535,-0.0199463727,-0.00556902726,0,0,51292.8,93.2597,1.29953,13.2722,198.286,0.416324,20.8313,227.295,2470.21,65,65,0.010547125646867505,-0.000407486107568009494,20945608.0994205289,0.0502277774469558
33.4,0.04669191365634952,-0.1086178298007628,-0.1610977971403023,0.005694979142198503,0.03827225657047682,0.002887774571475832,0.05078590921633569,-0.1083054526100344,-0.1603245414904538,6.411433148,1879688.517,100.526507702,1523.42238326,99.60074646581258,0.2898990008283793,13.60830675881569,-0.06123686252794602,-0.01309855218984532,0.07561087949897427,-0.3881016139634283,-0.2986704292241947,-0.05824821031401814,5.844242113584386,-0.04314298671379879,-31.20743734315529,99.60074646581307,0.2898990008284175,13.60830675881578,1.364145591794576,1520.127149899823,100.136631970098,5.054474648311038,-7.258510490073459,100.1366319700981,100.1356910600899,-7.258474335097785,-5.073132864882179, 1337.930962, 2.857725524,-7.063917207, 2.857725524, 1379.179417, 7.371507843,-7.063917207, 7.371507843, 2338.252732,55.13760484,1774,40.97745208568207,-1.499436302142052,36.83934611048478,19962.173130203,23243.013025202,-0.4739748796004676,10.67116944840493,355.624408164877,0.9949475382992885,-0.0005654550316462948,0.09307762275003134,-0.03762489117586992,0.7692906223711765,0.02620520629439196,-0.6377899004522405,-0.02700496946781382,-0.7693229286293177,-0.0269816439703462,0.6377575251178679,0.02606840097511621,7.7800675040181,0.16523017296284,0.010574925301468,0.01064612659389,-0.00040983821650114,20945546.41641528,50849.2714096421,3865.873644896534,20945608.13889543,-149.8244854381119,3865.873644896534,0.1395058952755,23243.013025202,-3280.8398950147,6.20981682,9.84848485,9.84848485,0.460471412,3.10285613,3865.06393,177.793656,3.10285613,-3.10696069,0,1,-0.523,0,0.00827242222,0.174,0.348,0,0.173186065,0.432965162,0.432967633,0,0,-0.00920390625,-1,-0.408742733,0,355.650604,-355.650604,360,4.34939605,0.075896961,0.0697084306,0.0779808529,0,0,0,-100,-100,-2.8,-7.87313286,0,0,0,-0,-0.374003385,-0.182738054,-0.155706689,0.0229119296,0.00599719757,0.00349719757,-0.00799626342,-0.00549626342,0.00899346099,0.0044967305,-0.0199190285,-0.00556139276,0,0,51290.5,93.2555,1.29953,13.2719,198.282,0.414317,20.8419,227.281,2470.15,65,65,0.0105745183152719628,-0.000409467424799684579,20945608.6081564464,0.0507859092163356896
33.5,0.04725934767330146,-0.1048025822891634,-0.1608421342979441,0.005585981493313604,0.03799800722526496,0.002171165794087866,0.05135339949357567,-0.1044889915241324,-0.1600696681307283,6.410724309,1879574.62,100.521811206,1523.39220978,99.59499686681771,0.2886253797166241,13.61571969034111,-0.05389482897655107,-0.01237930543249091,0.07331486179114677,-0.3777688369765784,-0.2981694072115101,-0.05189783303448939,5.846542683748233,-0.04302145067152616,-31.21750146466081,99.59499686681821,0.2886253797166625,13.6157196903412,1.325853145665122,1520.0973075224,100.131126932681,5.027141283618366,-7.288332998913687,100.131126932681,100.1301886730375,-7.288296864883579,-5.045847134865458, 1337.930962, 2.857725524,-7.063917207, 2.857725524, 1379.179417, 7.371507843,-7.063917207, 7.371507843, 2338.252732,55.13760484,1774,40.97745208568207,-1.499436302142052,36.83934611048478,19962.679070599,23243.518965599,-0.4722951946665807,10.66037465029812,355.6081178532781,0.9949509215365497,-0.0005412692115736413,0.09298342503236956,-0.03776841842678811,0.7692262461595308,0.02632380037948665,-0.6378590806289366,-0.02708935237516429,-0.7692587505444001,-0.02710264774090508,0.6378264620511158,0.02615005743124938,7.7846975131148,0.16451194663291,0.010602316208284,0.010673701922767,-0.00041182781986057,20945546.55090661,51001.28263209548,3875.887027550706,20945608.64296762,-150.5518280149263,3875.887027550706,0.13992370268872,23243.518965599,-3280.8398950186,6.2095325,9.84848485,9.84848485,0.460461674,3.10276873,3875.08827,177.788648,3.10276873,-3.10676377,0,1,-0.523,0,0.00824310619,0.174,0.348,0,0.173176148,0.432940371,0.432942833,0,0,-0.00920390625,-1,-0.407086312,0,355.634312,-355.634312,360,4.36568756,0.0761812479,0.0700172407,0.0782603469,0,0,0,-100,-100,-2.8,-7.84584713,0,0,0,-0,-0.374379053,-0.182921605,-0.155891398,0.0229257868,0.0060008247,0.0035008247,-0.0080010996,-0.0055010996,0.00900192429,0.00450096215,-0.0198942392,-0.00555447159,0,0,51288.3,93.2514,1.29953,13.2716,198.278,0.412392,20.8522,227.267,2470.09,65,65,0.0106019093877695505,-0.000411456905881730562,20945609.114110712,0.0513533994935756744
33.6,0.04780136078430766,-0.1010167552905205,-0.1606531628721898,0.005166788620777451,0.03767923292042802,0.001567885282639103,0.0518954633786023,-0.1007019518527769,-0.1598814594333798,6.410103271,1879473.643,100.51779818,1523.36213116,99.58996743777905,0.2874302493366967,13.62290426405358,-0.04683235556965126,-0.01152282324480636,0.0710386660553759,-0.3675624748605699,-0.2976259001871188,-0.04580502073643471,5.848767674245027,-0.04290916686258033,-31.22745247420838,99.58996743777955,0.2874302493367353,13.62290426405367,1.288587715530456,1520.067517400533,100.1262440324768,5.000834408416543,-7.31810509368339,100.1262440324768,100.1253082578792,-7.318068974371904,-5.019588005474278, 1337.930962, 2.857725524,-7.063917207, 2.857725524, 1379.179417, 7.371507843,-7.063917207, 7.371507843, 2338.252732,55.13760484,1774,40.97745208568207,-1.499436302142052,36.83934611048478,19963.182333857,23244.022228861,-0.4705530048087714,10.6499607390681,355.5918474626185,0.9949539742984095,-0.0005164548215138806,0.09289250768145071,-0.0379117965660936,0.7691639560463185,0.02644273344320374,-0.637925707716152,-0.02717318535018189,-0.7691966584885195,-0.02722398786609003,0.6378928446077512,0.02623116186893507,7.7891433536985,0.16383727989196,0.010629705694938,0.01070127582192,-0.00041382557419308,20945546.68162014,51153.29087288849,3885.899891022629,20945609.1443579,-151.2821503573286,3885.899891022629,0.14034151010194,23244.022228861,-3280.8398950192,6.20924853,9.84848485,9.84848485,0.460451988,3.10268101,3885.11222,177.783622,3.10268101,-3.10656752,0,1,-0.523,0,0.00821269924,0.174,0.348,0,0.17316662,0.43291655,0.432918861,0,0,-0.00920390625,-1,-0.405386064,0,355.618041,-355.618041,360,4.38195915,0.0764651871,0.0703248457,0.078537545,0,0,0,-100,-100,-2.8,-7.81958801,0,0,0,-0,-0.374740624,-0.183098269,-0.156069205,0.0229382159,0.00600407801,0.00350407801,-0.00800543735,-0.00550543735,0.00900951536,0.00450475768,-0.0198727305,-0.00554846634,0,0,51286.1,93.2475,1.29953,13.2713,198.274,0.410575,20.8621,227.253,2470.04,65,65,0.0106292990380934416,-0.000413454537577515925,20945609.6173866168,0.0518954633786022981
33.7,0.04828997792232888,-0.09726483832296201,-0.1605189067228696,0.004504712413419475,0.03731520538240983,0.001091357211190264,0.0523841258289552,-0.09694882272801902,-0.1597479394622699,6.409566513,1879385.069,100.5144413,1523.3321497,99.58563036722518,0.2863259067862334,13.6298624987826,-0.04004637121423116,-0.01056070254756522,0.0687822348757301,-0.3574892579839002,-0.2970438216343664,-0.03996710279156812,5.850917273709729,-0.04280732975033275,-31.23728336424599,99.58563036722568,0.2863259067862721,13.62986249878269,1.25233632310519,1520.037783596799,100.1219576442845,4.975541055916215,-7.347822709837565,100.1219576442845,100.1210241903438,-7.347786599016973,-4.99434250628865, 1337.930962, 2.857725524,-7.063917207, 2.857725524, 1379.179417, 7.371507843,-7.063917207, 7.371507843, 2338.252732,55.13760484,1774,40.97745208568207,-1.499436302142052,36.83934611048478,19963.683022,23244.522916998,-0.4687534308033855,10.6399245368111,355.5755907605069,0.9949566979997962,-0.0004910509073524815,0.09280484464805076,-0.03805507566934827,0.7691037346113409,0.02656201329037089,-0.6379898011350469,-0.02725653141017298,-0.7691366351128579,-0.02734567214664354,0.6379566921956559,0.02631177730401625,7.7934082029927,0.16321324576711,0.010657093928061,0.010728848459102,-0.00041583146514156,20945546.80865796,51305.29613745307,3895.912296242538,20945609.64316829,-152.015447217469,3895.912296242538,0.14075931751517,23244.522916998,-3280.8398950133,6.2089648,9.84848485,9.84848485,0.460442351,3.10259297,3895.13587,177.778577,3.10259297,-3.10637183,0,1,-0.523,0,0.00818129075,0.174,0.348,0,0.17315798,0.432894951,0.432896996,0,0,-0.00920390625,-1,-0.403654281,0,355.601783,-355.601783,360,4.39821705,0.0767488875,0.0706312903,0.078812581,0,0,0,-100,-100,-2.8,-7.79434251,0,0,0,-0,-0.375088273,-0.18326813,-0.156240195,0.0229493079,0.00600698136,0.00350698136,-0.00800930847,-0.00550930847,0.00901628983,0.00450814491,-0.0198550918,-0.00554354162,0,0,51284,93.2437,1.29953,13.271,198.27,0.408887,20.8715,227.241,2469.99,65,65,0.0106566874329221545,-0.00041546030551870228,20945610.1180862002,0.0523841258289551928
33.8,0.04870385382493082,-0.09355136852165925,-0.1604262619322147,0.003664592979422769,0.03690578018650637,0.0007502332199909665,0.05279804161860648,-0.09323414102179159,-0.159656004522032,6.409110555,1879308.389,100.511713559,1523.30226725,99.58195816912681,0.2853214176659282,13.63659640130777,-0.03353343870546155,-0.009525818788994223,0.06654539136216542,-0.3475558877534226,-0.296428004004025,-0.03438113644937943,5.852991767219915,-0.04271678641820074,-31.24698715313831,99.5819581691273,0.2853214176659671,13.63659640130786,1.217085318543435,1520.008109733115,100.11824242329,4.951247586830952,-7.377482221360059,100.1182424232901,100.1173111266992,-7.37744611280775,-4.970096994384866, 1337.930962, 2.857725524,-7.063917207, 2.857725524, 1379.179417, 7.371507843,-7.063917207, 7.371507843, 2338.252732,55.13760484,1774,40.97745208568207,-1.499436302142052,36.83934611048478,19964.181235705,23245.021130704,-0.4669038497442028,10.63026242305255,355.5593427953612,0.99495909476015,-0.000465117331278524,0.09272040680399382,-0.03819829292040716,0.7690455627551609,0.02668162389123454,-0.638051382981785,-0.02733945917819736,-0.7690786613971852,-0.02746768455232355,0.6380180269269636,0.02639197236040686,7.7974952185347,0.1626450730328,0.010684481067311,0.010756419995045,-0.00041784547729477,20945546.93212077,51457.29843160618,3905.924301591941,20945610.13949946,-152.751712962141,3905.924301591941,0.14117712492839,23245.021130704,-3280.8398950106,6.20868122,9.84848485,9.84848485,0.460432762,3.10250462,3905.15927,177.773515,3.10250462,-3.1061766,0,1,-0.523,0,0.00814900947,0.174,0.348,0,0.173150613,0.432876532,0.432878228,0,0,-0.00920390625,-1,-0.401903187,0,355.585534,-355.585534,360,4.41446621,0.0770324353,0.0709366216,0.079085631,0,0,0,-100,-100,-2.8,-7.77009699,0,0,0,-0,-0.375422187,-0.183431281,-0.156404459,0.0229592012,0.00600957091,0.00350957091,-0.00801276121,-0.00551276121,0.00902233212,0.00451116606,-0.0198417671,-0.00553982137,0,0,51282,93.24,1.29953,13.2707,198.267,0.407346,20.8806,227.228,2469.94,65,65,0.010684074731952993,-0.000417474194306955597,20945610.6163101755,0.0527980416186064755
33.9,0.04902797357048063,-0.08988086736777566,-0.1603614725692167,0.002707656278502303,0.03645149372851542,0.0005484528294257698,0.05312219587482035,-0.08956242807253777,-0.1595918989259622,6.408731967,1879243.096,100.509588299,1523.27248519,99.5789237188082,0.2844225416704154,13.64310795945814,-0.02728977139134869,-0.008451193223289244,0.06432795041078165,-0.3377690295511115,-0.2957838300932275,-0.02904387900056837,5.854991535941094,-0.04263802907182474,-31.25655688968338,99.5789237188087,0.2844225416704544,13.64310795945823,1.1828203835099,1519.978498917552,100.1150733337475,4.927939692247966,-7.407080513925964,100.1150733337476,100.1141440324349,-7.407044401430484,-4.946837157213061, 1337.930962, 2.857725524,-7.063917207, 2.857725524, 1379.179417, 7.371507843,-7.063917207, 7.371507843, 2338.252732,55.13760484,1774,40.97745208568207,-1.499436302142052,36.83934611048478,19964.677074265,23245.51696926,-0.4650132284260753,10.6209703328326,355.5430999892282,0.9949611674488107,-0.0004387290558738167,0.09263916171742628,-0.03834147235054752,0.7689894195722863,0.02680152923836271,-0.6381104782185326,-0.02742203865651109,-0.7690227165179222,-0.02758998907908886,0.6380768738047281,0.02647181704372514,7.801407530743,0.16213610324628,0.010711867265456,0.010783990583546,-0.00041986759431844,20945547.0521079,51609.29776150169,3915.935962933067,20945610.63345067,-153.4909416207011,3915.935962933067,0.14159493234162,23245.51696926,-3280.8398950145,6.20839773,9.84848485,9.84848485,0.460423219,3.10241597,3915.18246,177.768435,3.10241597,-3.10598176,0,1,-0.523,0,0.0081160119,0.174,0.348,0,0.17314479,0.432861976,0.432863265,0,0,-0.00920390625,-1,-0.400144467,0,355.56929,-355.56929,360,4.43071021,0.0773158932,0.071240888,0.0793568999,0,0,0,-100,-100,-2.8,-7.74683716,0,0,0,-0,-0.375742562,-0.183587816,-0.156562091,0.0229680677,0.00601189173,0.00351189173,-0.00801585564,-0.00551585564,0.00902774737,0.00451387368,-0.0198330504,-0.00553738766,0,0,51280,93.2364,1.29953,13.2705,198.263,0.405963,20.8893,227.217,2469.89,65,65,0.0107114610879830742,-0.000419496187641298817,20945611.1121578515,0.053122195874820359
34,0.04925324412215137,-0.08625777051291418,-0.1603105939236199,0.001690493884594458,0.03595359903879707,0.000485445127915458,0.05334749562247862,-0.08593811950448879,-0.1595416782329378,6.408427366,1879188.696,100.508039248,1523.24280437,99.57650028695102,0.2836317676834357,13.6493991459124,-0.02131125462946404,-0.007368944870443456,0.06212982125091671,-0.328135286127921,-0.295116899306991,-0.0239517690339045,5.856917057302886,-0.04257119972342256,-31.26598567770544,99.57650028695151,0.2836317676834748,13.64939914591249,1.149526535951809,1519.948953706318,100.1124256799938,4.905602398283314,-7.436615022905541,100.1124256799938,100.111498213277,-7.436578900272702,-4.924548017259584, 1337.930962, 2.857725524,-7.063917207, 2.857725524, 1379.179417, 7.371507843,-7.063917207, 7.371507843, 2338.252732,55.13760484,1774,40.97745208568207,-1.499436302142052,36.83934611048478,19965.170635499,23246.0105305,-0.4630915005415185,10.61204376124731,355.5268601824346,0.9949629197088884,-0.0004119707675395082,0.09256107349429671,-0.03848462495639023,0.7689352822559534,0.02692167723148909,-0.63816711480243,-0.0275043375077962,-0.7689687777483425,-0.02771253363415252,0.6381332608474426,0.02655137902267691,7.805148241696,0.16168781039833,0.010739252668461,0.010811560371553,-0.00042189779910095,20945547.16871722,51761.29413357694,3925.947333641311,20945611.12511975,-154.2331269383358,3925.947333641311,0.14201273975484,23246.0105305,-3280.8398950184,6.20811429,9.84848485,9.84848485,0.46041372,3.10232701,3925.20552,177.763338,3.10232701,-3.10578728,0,1,-0.523,0,0.00808247142,0.174,0.348,0,0.173140682,0.432851704,0.432852554,0,0,-0.00766992187,-1,-0.398388872,0,355.553049,-355.553049,360,4.44695121,0.0775992987,0.0715441382,0.0796266097,0,0,0,-100,-100,-2.8,-7.72454802,0,0,0,-0,-0.376049602,-0.183737835,-0.156713191,0.0229761012,0.00601399449,0.00351399449,-0.00801865932,-0.00551865932,0.0090326538,0.0045163269,-0.0198290862,-0.00553628088,0,0,51278.1,93.2329,1.29953,13.2702,198.259,0.404744,20.8976,227.205,2469.85,65,65,0.0107388466469987634,-0.000421526268460036403,20945611.6057270914,0.053347495622478619
34.1,0.04937599038454476,-0.08268635652771046,-0.1602599298394674,0.0006641924421854413,0.0354140475961313,0.0005564544348223757,0.05347026584068131,-0.08236549396850203,-0.1594916465831925,6.40819343,1879144.7,100.507040552,1523.2132251,99.574661571257,0.2829484487530536,13.65547193148189,-0.01559347099659991,-0.00630935141570807,0.05995109374464747,-0.3186611542413047,-0.2944327331329196,-0.01910091704110325,5.858768905552736,-0.042516105910952,-31.27526671793753,99.57466157125749,0.2829484487530929,13.65547193148198,1.117188138397823,1519.919476097175,100.11027513887,4.884220074340305,-7.466083739931694,100.11027513887,100.1093493476098,-7.466047600990752,-4.903213940312698, 1337.930962, 2.857725524,-7.063917207, 2.857725524, 1379.179417, 7.371507843,-7.063917207, 7.371507843, 2338.252732,55.13760484,1774,40.97745208568207,-1.499436302142052,36.83934611048478,19965.662015703,23246.5019107,-0.4611489975979906,10.60347777488126,355.5106226320169,0.9949643559594822,-0.0003849319269612648,0.09248610269345188,-0.03862774917233466,0.7688831260396639,0.02704200351112066,-0.6382213237472019,-0.02758641788903013,-0.7689168203961294,-0.0278352538697182,0.6381872191461802,0.02663072046303493,7.8087204294675,0.16129987768506,0.010766637415587,0.010839129499264,-0.00042393607390557,20945547.28204506,51913.28755449682,3935.958464640849,20945611.61460298,-154.9782624317086,3935.958464640849,0.14243054716806,23246.5019107,-3280.8398950124,6.20783089,9.84848485,9.84848485,0.460404264,3.10223776,3935.22848,177.758223,3.10223776,-3.10559313,0,1,-0.523,0,0.00804856835,0.174,0.348,0,0.17313836,0.4328459,0.432846301,0,0,-0.00920390625,-1,-0.396645889,0,355.53681,-355.53681,360,4.46318996,0.0778826648,0.0718464196,0.079894988,0,0,0,-100,-100,-2.8,-7.70321394,0,0,0,-0,-0.37634352,-0.183881444,-0.156857862,0.0229835052,0.0060159325,0.0035159325,-0.00802124333,-0.00552124333,0.00903717583,0.00451858791,-0.0198298754,-0.00553650122,0,0,51276.3,93.2296,1.29953,13.2699,198.255,0.40369,20.9056,227.194,2469.81,65,65,0.0107662315482740349,-0.000423564419089212361,20945612.097114224,0.0534702658406813122
34.2,0.04939737172883943,-0.0791706795363699,-0.1601964326139233,-0.0003263664651553041,0.03483542721545162,0.0007529703989224231,0.0534916659875431,-0.07884860576659208,-0.1594287565986253,6.408026891,1879110.626,100.506566808,1523.1837472,99.57338172543825,0.282369025128844,13.66132830602007,-0.01013172826490383,-0.005300038366418069,0.05779210345047758,-0.3093529682664453,-0.2937365230369952,-0.01448710521174243,5.860547752393215,-0.04247224607540092,-31.28439336346351,99.57338172543875,0.2823690251288835,13.66132830602016,1.085788911282043,1519.890067550229,100.10859779262,4.86377644646093,-7.495485192123434,100.1085977926201,100.1076735193734,-7.495449030733305,-4.882818648821326, 1337.930962, 2.857725524,-7.063917207, 2.857725524, 1379.179417, 7.371507843,-7.063917207, 7.371507843, 2338.252732,55.13760484,1774,40.97745208568207,-1.499436302142052,36.83934611048478,19966.151309583,23246.991204575,-0.4591959417709984,10.59526703002822,355.4943879671528,0.9949654813770467,-0.0003577023207768098,0.09241420631759149,-0.03877083166352339,0.7688329241776178,0.02716243516444173,-0.6382731391163878,-0.02766833386641451,-0.7688668177804879,-0.02795807688892885,0.6382387828534262,0.02670989544262993,7.8121271569998,0.16097032464637,0.010794021639495,0.010866698100232,-0.00042598240052015,20945547.39218615,52065.27803109889,3945.969404443542,20945612.10199506,-155.726341443682,3945.969404443542,0.14284835458129,23246.991204575,-3280.8398950162,6.20754754,9.84848485,9.84848485,0.460394847,3.10214821,3945.25139,177.753092,3.10214821,-3.10539933,0,1,-0.523,0,0.0080144811,0.174,0.348,0,0.173137813,0.432844533,0.432844496,0,0,-0.00920390625,-1,-0.394923492,0,355.520574,-355.520574,360,4.47942582,0.0781659806,0.0721477774,0.0801622585,0,0,0,-100,-100,-2.8,-7.68281865,0,0,0,-0,-0.376624539,-0.18401875,-0.156996212,0.0229904833,0.00601775901,0.00351775901,-0.00802367868,-0.00552367868,0.0090414377,0.00452071885,-0.0198352842,-0.00553801134,0,0,51274.5,93.2263,1.29953,13.2696,198.25,0.4028,20.9132,227.184,2469.78,65,65,0.01079361592447786,-0.000425610621388639043,20945612.5864139944,0.0534916659875431105
34.3,0.04932273672955176,-0.07571450961042801,-0.1601080559562825,-0.001243021749761236,0.03422086771974964,0.00106324148303401,0.05341704473629823,-0.07539122523382244,-0.1593409623425489,6.407924549,1879086.004,100.506593094,1523.15437002,99.5726353852986,0.2818873218375062,13.66697030473401,-0.004921089272307277,-0.004365310624401236,0.05565347310302471,-0.3002168351758243,-0.2930329228162972,-0.01010579590694635,5.862254367310247,-0.04243884304422964,-31.29335918432109,99.57263538529909,0.2818873218375458,13.6669703047341,1.055311952377592,1519.860729031697,100.1073701613704,4.844254616845598,-7.524818398330154,100.1073701613705,100.1064472505414,-7.524782208385599,-4.863345241421916, 1337.930962, 2.857725524,-7.063917207, 2.857725524, 1379.179417, 7.371507843,-7.063917207, 7.371507843, 2338.252732,55.13760484,1774,40.97745208568207,-1.499436302142052,36.83934611048478,19966.638610169,23247.478505168,-0.4572420070371754,10.58740579715733,355.4781581058978,0.9949663018574931,-0.0003303681733304817,0.09234533787794368,-0.03891384839748777,0.7687846479636593,0.02728289423228655,-0.6383225979508217,-0.02775012942341598,-0.7688187412484507,-0.02808092475280173,0.6382879891063311,0.02678894795940552,7.8153714842738,0.16069567693746,0.010821405466365,0.010894266301487,-0.00042803676039801,20945547.49923358,52217.26557034157,3955.980199191099,20945612.58738901,-156.4773571948244,3955.980199191099,0.14326616199451,23247.478505168,-3280.8398950134,6.20726428,9.84848485,9.84848485,0.460385469,3.10205837,3955.27431,177.747945,3.10205837,-3.10520591,0,1,-0.523,0,0.0079803785,0.174,0.348,0,0.173138954,0.432847385,0.432846939,0,0,-0.00920390625,-1,-0.393227973,0,355.504343,-355.504343,360,4.49565688,0.0784492125,0.0724482533,0.0804286318,0,0,0,-100,-100,-2.8,-7.66334524,0,0,0,-0,-0.37689289,-0.184149866,-0.157128354,0.0229972298,0.0060195249,0.0035195249,-0.0080260332,-0.0055260332,0.0090455581,0.00452277905,-0.0198450572,-0.00554073997,0,0,51272.8,93.2232,1.29953,13.2693,198.246,0.402065,20.9204,227.174,2469.75,65,65,0.0108209999017907371,-0.000427664856889305948,20945613.0737194642,0.0534170447362982276
34.4,0.04916093495893915,-0.07232128361849084,-0.1599840536456256,-0.002054656365932336,0.03357392596246461,0.001472850035621394,0.05325525176877957,-0.07199678957473914,-0.1592175179773594,6.407883266,1879070.372,100.507094995,1523.12509251,99.57239769175028,0.2814949061148271,13.67240003754585,4.359705595025076e-05,-0.003525635440235819,0.05353613055113016,-0.2912585655571718,-0.2923258862676374,-0.005952148013438765,5.8638896171653,-0.04241488395407631,-31.30215803658542,99.57239769175078,0.2814949061148668,13.67240003754594,1.025739762970615,1519.831461076197,100.1065692343598,4.82563709016199,-7.554082806887705,100.1065692343598,100.1056475323462,-7.554046582325453,-4.844776219254168, 1337.930962, 2.857725524,-7.063917207, 2.857725524, 1379.179417, 7.371507843,-7.063917207, 7.371507843, 2338.252732,55.13760484,1774,40.97745208568207,-1.499436302142052,36.83934611048478,19967.124008782,23247.963903783,-0.4552959529520882,10.5798879907499,355.4619361384003,0.9949668239612419,-0.0003030088609717638,0.0922794475270383,-0.03905676594668057,0.7687382667863216,0.02740330095336456,-0.6383697401359105,-0.02783183705815183,-0.7687725602279827,-0.02820371772433906,0.6383348778900119,0.02686791052877186,7.8184564824628,0.16047117033409,0.010848789016015,0.010921834223654,-0.00043009913478452,20945547.60327871,52369.25017925771,3965.990892700447,20945613.07087613,-157.2313028296849,3965.990892700447,0.14368396940774,23247.963903783,-3280.839895014,6.20698115,9.84848485,9.84848485,0.460376128,3.10196825,3965.29728,177.742781,3.10196825,-3.1050129,0,1,-0.523,0,0.00794641345,0.174,0.348,0,0.173141634,0.432854086,0.432853273,0,0,-0.00920390625,-1,-0.391563837,0,355.48812,-355.48812,360,4.51188004,0.0787323067,0.0727478851,0.0806942986,0,0,0,-100,-100,-2.8,-7.64477622,0,0,0,-0,-0.377148812,-0.18427491,-0.157254403,0.0230039223,0.00602127665,0.00352127665,-0.00802836887,-0.00552836887,0.00904964552,0.00452482276,-0.0198588334,-0.00554458628,0,0,51271.1,93.2202,1.29953,13.269,198.242,0.401474,20.9273,227.165,2469.72,65,65,0.0108483836000299715,-0.000429727106916713683,20945613.5591219962,0.0532552517687795712
34.5,0.04892360511298636,-0.06899406809977976,-0.1598152187164938,-0.002737328312461903,0.03289846099558613,0.001965327041216716,0.05301792590025513,-0.06866836572261587,-0.1590492169495605,6.407899977,1879063.279,100.508048629,1523.09591331,99.57264431068501,0.2811814893331785,13.67761971923406,0.00476766422268593,-0.002797280635741778,0.05144130476309527,-0.2824836048840211,-0.2916185498813111,-0.002021040165516524,5.865454464715897,-0.04239916488404964,-31.31078413169183,99.5726443106855,0.2811814893332185,13.67761971923415,0.9970542809553552,1519.802263862995,100.1061724991809,4.807905806813137,-7.583278219422414,100.1061724991809,100.1052518545172,-7.583241954227157,-4.827093519235641, 1337.930962, 2.857725524,-7.063917207, 2.857725524, 1379.179417, 7.371507843,-7.063917207, 7.371507843, 2338.252732,55.13760484,1774,40.97745208568207,-1.499436302142052,36.83934611048478,19967.607594959,23248.447489955,-0.4533653334191055,10.5727072034172,355.4457261824099,0.9949670548439181,-0.0002756942543732583,0.09221648225145739,-0.039199542970096,0.7686937482161346,0.02752357669109531,-0.6384146082163509,-0.02791347695151181,-0.7687282423140313,-0.02832637719517957,0.6383794918486212,0.02694680335165336,7.8213852487915,0.16029098018349,0.01087617240204,0.010949401981091,-0.00043216950482436,20945547.7044111,52521.23186491518,3976.001526512121,20945613.55254597,-157.9881714559961,3976.001526512121,0.14410177682096,23248.447489955,-3280.8398950079,6.20669823,9.84848485,9.84848485,0.460366821,3.10187785,3975.32033,177.737601,3.10187785,-3.10482038,0,1,-0.523,0,0.00791271778,0.174,0.348,0,0.173145655,0.432864138,0.432863012,0,0,-0.00920390625,-1,-0.389933772,0,355.471909,-355.471909,360,4.52809119,0.0790151913,0.0730467056,0.0809594234,0,0,0,-100,-100,-2.8,-7.62709352,0,0,0,-0,-0.377392553,-0.184394001,-0.157374479,0.0230107155,0.00602305479,0.00352305479,-0.00803073972,-0.00553073972,0.00905379452,0.00452689726,-0.019876164,-0.00554942498,0,0,51269.5,93.2172,1.29953,13.2688,198.238,0.401013,20.9338,227.155,2469.69,65,65,0.0108757671327833344,-0.000431797352695162504,20945614.0427111574,0.0530179259002551348
34.6,0.04862445852523146,-0.06573553472053761,-0.1595940601726759,-0.003274214565477893,0.03219850852507716,0.002522785190222319,0.05271877859192615,-0.06540862578101739,-0.1588285687022992,6.407971686,1879064.284,100.509430671,1523.06683082,99.57335144967949,0.2809353579132576,13.68263169831362,0.009256596767843739,-0.002192107163321882,0.04937050303468737,-0.2738969689935509,-0.2909131591813069,0.00169290032133069,5.866949965774393,-0.04239033846585567,-31.31923210200701,99.57335144967999,0.2809353579132977,13.68263169831371,0.9692369206229754,1519.773137301799,100.1061579684036,4.791042182927438,-7.612404705140695,100.1061579684036,100.1052382318962,-7.612368393350898,-4.810278554057673, 1337.930962, 2.857725524,-7.063917207, 2.857725524, 1379.179417, 7.371507843,-7.063917207, 7.371507843, 2338.252732,55.13760484,1774,40.97745208568207,-1.499436302142052,36.83934611048478,19968.08945642,23248.929351417,-0.4514562808041814,10.56585674309865,355.4295332173176,0.9949670021756771,-0.0002484826973853581,0.09215638611484026,-0.0393421318200727,0.7686510581204296,0.02764364649891273,-0.6384572471672719,-0.02799505667392773,-0.768685753382738,-0.02844882825066056,0.638421876053235,0.02702563402114716,7.8241609209494,0.16014846742607,0.010903555731945,0.010976969682029,-0.00043424785164659,20945547.80271851,52673.21063438559,3986.012139941453,20945614.03248623,-158.7479561757791,3986.012139941453,0.14451958423418,23248.929351417,-3280.8398950149,6.20641561,9.84848485,9.84848485,0.460357548,3.10178717,3985.34352,177.732405,3.10178717,-3.10462844,0,1,-0.523,0,0.00787939853,0.174,0.348,0,0.17315078,0.43287695,0.432875573,0,0,-0.00766992187,-1,-0.388338689,0,355.455715,-355.455715,360,4.54428535,0.0792977793,0.0733447419,0.0812241404,0,0,0,-100,-100,-2.8,-7.61027855,0,0,0,-0,-0.377624365,-0.184507265,-0.157488707,0.0230177371,0.0060248927,0.0035248927,-0.00803319026,-0.00553319026,0.00905808296,0.00452904148,-0.0198965317,-0.00555511165,0,0,51267.9,93.2144,1.29953,13.2685,198.234,0.400665,20.94,227.147,2469.66,65,65,0.010903150607550316,-0.000433875575430229578,20945614.5245747045,0.0527187785919261548
34.7,0.04827857631437447,-0.06254794804295005,-0.159314916319671,-0.003655379124548197,0.03147816187845093,0.003126550015892162,0.05237289109707939,-0.06221983477777553,-0.1585499120060643,6.408095473,1879072.957,100.511218366,1523.03784331,99.57449587157299,0.2807438180084763,13.68743848295346,0.01351599949785598,-0.001717510633480662,0.04732547309588497,-0.2655031868180515,-0.2902110363396279,0.005195264040921015,5.868377264871076,-0.04238696278209019,-31.32749705954824,99.57449587157349,0.2807438180085164,13.68743848295355,0.9422686185645262,1519.74408112382,100.1065042030699,4.775027156480448,-7.6414625098546,100.1065042030699,100.1055852279258,-7.641426145568089,-4.794312258312624, 1337.930962, 2.857725524,-7.063917207, 2.857725524, 1379.179417, 7.371507843,-7.063917207, 7.371507843, 2338.252732,55.13760484,1774,40.97745208568207,-1.499436302142052,36.83934611048478,19968.569678973,23249.409573971,-0.4495733638480834,10.55932967212153,355.4133629031679,0.9949666740523073,-0.0002214196145506899,0.09209910054063597,-0.03948448022008271,0.7686101608004385,0.02776344129128155,-0.6384977041314605,-0.0280765713869011,-0.7686450577285617,-0.02857100184054447,0.6384620777362646,0.0271043977239085,7.8267866900948,0.16003643248578,0.010930939107299,0.011004537428718,-0.00043633415642532,20945547.8982868,52825.18649472177,3996.022770132276,20945614.51078271,-159.5106501075206,3996.022770132276,0.14493739164741,23249.409573971,-3280.8398950154,6.20613339,9.84848485,9.84848485,0.460348307,3.10169623,3995.36686,177.727194,3.10169623,-3.10443716,0,1,-0.523,0,0.00784653543,0.174,0.348,0,0.173156747,0.432891868,0.432890309,0,0,-0.00920390625,-1,-0.386777805,0,355.439543,-355.439543,360,4.56045685,0.0795799721,0.0736420155,0.0814885509,0,0,0,-100,-100,-2.8,-7.59431226,0,0,0,-0,-0.377844511,-0.184614828,-0.157597213,0.023025084,0.00602681574,0.00352681574,-0.00803575432,-0.00553575432,0.00906257006,0.00453128503,-0.019919371,-0.00556148839,0,0,51266.4,93.2116,1.29953,13.2682,198.23,0.400411,20.9459,227.138,2469.64,65,65,0.0109305341258902986,-0.000435961756367207265,20945615.0047984645,0.0523728910970793909
34.8,0.04790173707977225,-0.05943316470772887,-0.158974005765344,-0.003877380972397604,0.03074146462455797,0.003757770399715178,0.05199604215504749,-0.05910384983294165,-0.1582094659571485,6.408268494,1879088.878,100.513389547,1523.008949,99.57605490500131,0.2805936394580124,13.69204276262803,0.01755156775610711,-0.00137650247888399,0.04530815438903346,-0.2573062528994967,-0.2895125858098441,0.008491822871391292,5.869737589364069,-0.04238754995129566,-31.33557464525907,99.57605490500181,0.2805936394580528,13.69204276262812,0.9161298848292786,1519.715094974141,100.1071903326764,4.759841238679957,-7.670451963726387,100.1071903326764,100.1062719746223,-7.67041554110565,-4.779175139883721, 1337.930962, 2.857725524,-7.063917207, 2.857725524, 1379.179417, 7.371507843,-7.063917207, 7.371507843, 2338.252732,55.13760484,1774,40.97745208568207,-1.499436302142052,36.83934611048478,19969.048346508,23249.888241506,-0.4477195160664461,10.55311884695868,355.3972213910764,0.9949660789012665,-0.0001945367240565577,0.0920445646239744,-0.03962653296068998,0.7685710191453999,0.02788289959949541,-0.6385360281324141,-0.02815800448552489,-0.7686061182189738,-0.02869283653449093,0.6385001460021756,0.02718307788250536,7.8292658117065,0.15994736873315,0.010958322623882,0.011032105317584,-0.00043842840041572,20945547.99119989,52977.15945294464,4006.033452112797,20945614.98751929,-160.2762463993349,4006.033452112797,0.14535519906063,23249.888241506,-3280.8398950191,6.20585167,9.84848485,9.84848485,0.460339096,3.10160501,4005.39041,177.721967,3.10160501,-3.10424666,0,1,-0.523,0,0.00781417968,0.174,0.348,0,0.173163283,0.432908207,0.432906533,0,0,-0.00920390625,-1,-0.385248789,0,355.4234,-355.4234,360,4.57659955,0.0798616622,0.0739385416,0.0817527213,0,0,0,-100,-100,-2.8,-7.57917514,0,0,0,-0,-0.378053257,-0.184716821,-0.157700128,0.0230328209,0.00602884087,0.00352884087,-0.00803845449,-0.00553845449,0.00906729535,0.00453364768,-0.0199440884,-0.00556838948,0,0,51264.9,93.2089,1.29953,13.2679,198.226,0.400232,20.9515,227.13,2469.62,65,65,0.0109579177835765259,-0.000438055876825282214,20945615.4834663607,0.0519960421550474949
34.9,0.04750979028152079,-0.05639264270415653,-0.158569418920128,-0.003942742029144855,0.02999231809140524,0.004397991780919663,0.05160408136972679,-0.05606212941489834,-0.1578053214753233,6.408487982,1879111.641,100.515922645,1522.98014615,99.57800645201365,0.2804714856283397,13.6964474246101,0.02136905915598764,-0.001167918024785108,0.04332062247143398,-0.2493095911531604,-0.2888173339889988,0.01158849137185604,5.871032242104939,-0.0423906129321673,-31.34346106729974,99.57800645201415,0.2804714856283801,13.69644742461019,0.8908008582772675,1519.686178501785,100.1081960713848,4.745464569544071,-7.699373391322294,100.1081960713849,100.1072781887772,-7.699336904599452,-4.764847335527238, 1337.930962, 2.857725524,-7.063917207, 2.857725524, 1379.179417, 7.371507843,-7.063917207, 7.371507843, 2338.252732,55.13760484,1774,40.97745208568207,-1.499436302142052,36.83934611048478,19969.525540978,23250.365435976,-0.4458960297545465,10.54721695762718,355.3811151312954,0.9949652253857119,-0.00016785181902305,0.09199271546239571,-0.0397682335637533,0.7685335947985815,0.02800196890318411,-0.6385722697726394,-0.02823932862046294,-0.7685688964615665,-0.02881427985321331,0.6385361315239538,0.02726164717721182,7.8316016137691,0.15987370787005,0.010985706371845,0.011059673439385,-0.00044053056496442,20945548.08153977,53129.1295160391,4016.044218853287,20945615.46277793,-161.0447382327693,4016.044218853287,0.14577300647386,23250.365435976,-3280.8398950097,6.20557056,9.84848485,9.84848485,0.460329913,3.10151353,4015.41419,177.716725,3.10151353,-3.10405703,0,1,-0.523,0,0.00778235384,0.174,0.348,0,0.17317011,0.432925274,0.432923555,0,0,-0.00920390625,-1,-0.383747945,0,355.407293,-355.407293,360,4.592707,0.0801427372,0.0742343296,0.0820166834,0,0,0,-100,-100,-2.8,-7.56484734,0,0,0,-0,-0.378250875,-0.184813377,-0.157797582,0.0230409798,0.00603097647,0.00353097647,-0.00804130196,-0.00554130196,0.00907227843,0.00453613922,-0.019970082,-0.00557564688,0,0,51263.5,93.2063,1.29953,13.2677,198.222,0.400106,20.9567,227.123,2469.6,65,65,0.0109853016707550186,-0.000440157918206536731,20945615.9606603645,0.0516040813697267869
35,0.04711808829375009,-0.05342745914515692,-0.1581010543925172,-0.003859297966835261,0.02923440554529345,0.005029677702217365,0.05121236126132328,-0.05309575110253533,-0.1573373776965549,6.408751246,1879140.848,100.518796697,1522.95143316,99.58032899293933,0.2803643171476198,13.70065556478613,0.02497426713621387,-0.001086735954680063,0.04136503023151406,-0.2415160306510984,-0.2881239983245427,0.01449128737307516,5.872262592855357,-0.0423947092398316,-31.35115312750074,99.58032899293983,0.2803643171476604,13.70065556478622,0.8662613649623591,1519.657331444303,100.1095017303215,4.731876976500548,-7.728227027156799,100.1095017303216,100.1085841842455,-7.728190470638242,-4.751308669475252, 1337.930962, 2.857725524,-7.063917207, 2.857725524, 1379.179417, 7.371507843,-7.063917207, 7.371507843, 2338.252732,55.13760484,1774,40.97745208568207,-1.499436302142052,36.83934611048478,19970.001342293,23250.841237292,-0.4441026093655289,10.54161656581325,355.365050684796,0.9949641223093871,-0.0001413690679578576,0.0919434884959122,-0.03990952586914056,0.7684978483305097,0.02812060653995362,-0.6386064809259585,-0.02832050703228165,-0.7685333529787877,-0.02893528917775403,0.6385700862340885,0.02734006888014064,7.8337975019869,0.15980805037901,0.011013090435874,0.011087241879376,-0.00044264063149645,20945548.16938639,53281.09669095866,4026.0551013252,20945615.93663852,-161.8161188180238,4026.0551013252,0.14619081388708,23250.841237292,-3280.8398950102,6.20529018,9.84848485,9.84848485,0.460320758,3.10142179,4025.43824,177.711469,3.10142179,-3.10386839,0,1,-0.523,0,0.00775105275,0.174,0.348,0,0.173176958,0.432942395,0.432940697,0,0,-0.00920390625,-1,-0.382270418,0,355.391227,-355.391227,360,4.60877263,0.0804230824,0.0745293825,0.0822804352,0,0,0,-100,-100,-2.8,-7.55130867,0,0,0,-0,-0.378437641,-0.184904631,-0.157889712,0.0230495611,0.00603322261,0.00353322261,-0.00804429682,-0.00554429682,0.00907751943,0.00453875971,-0.01999676,-0.00558309539,0,0,51262.1,93.2038,1.29953,13.2674,198.218,0.400014,20.9616,227.116,2469.59,65,65,0.0110126858721072505,-0.000442267861981880282,20945616.436460413,0.0512123612613232734
35.1,0.04674098773430287,-0.0505383348674185,-0.1575705060008205,-0.003639456954121247,0.02847113317595628,0.00563666786773886,0.05083523859453944,-0.05020543617380445,-0.1568072289818172,6.409055678,1879176.115,100.521991346,1522.92280862,99.58300158870273,0.280259759192738,13.70467049264582,0.02837299660893144,-0.001124491518042392,0.03944354935213923,-0.2339277937926028,-0.2874305808526335,0.01720629284884138,5.873430068683987,-0.04239848045544425,-31.35864823553144,99.58300158870323,0.2802597591927788,13.70467049264591,0.8424909783137114,1519.62855370418,100.1110882259415,4.71905803476775,-7.757012939427229,100.1110882259415,100.1101708802994,-7.75697630749787,-4.738538713819338, 1337.930962, 2.857725524,-7.063917207, 2.857725524, 1379.179417, 7.371507843,-7.063917207, 7.371507843, 2338.252732,55.13760484,1774,40.97745208568207,-1.499436302142052,36.83934611048478,19970.47582835,23251.315723343,-0.4423374769348403,10.53631014096999,355.3490345437255,0.9949627785249704,-0.0001150797752130799,0.09189681784784209,-0.04005035550349978,0.7684637394151882,0.02823878020638272,-0.6386387144317146,-0.02840149512769188,-0.7684994473860055,-0.02905583225011247,0.6386020630179571,0.02741829843127826,7.835856961928,0.1597433751296,0.01104047489535,0.011114810717473,-0.00044475858147979,20945548.25481769,53433.06098463829,4036.066128561311,20945616.40917896,-162.5903813809928,4036.066128561311,0.1466086213003,23251.315723343,-3280.8398950106,6.20501065,9.84848485,9.84848485,0.460311627,3.10132979,4035.46258,177.706197,3.10132979,-3.10368085,0,1,-0.523,0,0.00772024538,0.174,0.348,0,0.173183576,0.43295894,0.432957323,0,0,-0.00920390625,-1,-0.380810441,0,355.37521,-355.37521,360,4.62478995,0.0807025847,0.0748236978,0.0825439432,0,0,0,-100,-100,-2.8,-7.53853871,0,0,0,-0,-0.378613835,-0.18499072,-0.157976654,0.0230585348,0.0060355715,0.0035355715,-0.00804742866,-0.00554742866,0.00908300016,0.00454150008,-0.020023558,-0.00559057741,0,0,51260.7,93.2013,1.29953,13.2671,198.214,0.399936,20.9662,227.109,2469.58,65,65,0.0110400704670155104,-0.000444385689655017767,20945616.9109444171,0.0508352385945394364
35.2,0.04639142809411066,-0.04772566419354276,-0.1569809071809725,-0.003299392763193196,0.0277055873136545,0.006204563630421931,0.05048565300655162,-0.04739157935785929,-0.1562180093218782,6.409398743,1879217.069,100.525486849,1522.89427141,99.5860038808126,0.280146423843723,13.70849573057818,0.03157104199870098,-0.00126976436511117,0.03755831442366286,-0.2265464962389458,-0.2867344808947313,0.01973961604163352,5.874536143700258,-0.04240068662144021,-31.36594441132064,99.5860038808131,0.2801464238437639,13.70849573057827,0.8194690799051544,1519.599845414891,100.1129370845341,4.706987128300829,-7.785730964105299,100.1129370845341,100.1120198061222,-7.785694251232414,-4.726516849458809, 1337.930962, 2.857725524,-7.063917207, 2.857725524, 1379.179417, 7.371507843,-7.063917207, 7.371507843, 2338.252732,55.13760484,1774,40.97745208568207,-1.499436302142052,36.83934611048478,19970.949074972,23251.788969974,-0.4405975213965823,10.53129009379684,355.3330729654585,0.9949612028481566,-8.896353452661636e-05,0.09185263665890681,-0.0401906711967563,0.7684312270056091,0.02835646807341191,-0.6386690237977956,-0.02848224222610668,-0.7684671385691173,-0.02917588728827015,0.6386321154165124,0.02749628518483228,7.8377835581562,0.15967322329665,0.01106785982452,0.011142380028422,-0.00044688439637072,20945548.33790954,53585.0224040142,4046.077327716511,20945616.88047507,-163.3675191432922,4046.077327716511,0.14702642871353,23251.788969974,-3280.8398950142,6.20473206,9.84848485,9.84848485,0.460302521,3.10123755,4045.48724,177.700911,3.10123755,-3.10349452,0,1,-0.523,0,0.00768987742,0.174,0.348,0,0.173189734,0.432974335,0.432972854,0,0,-0.00766992187,-1,-0.379361572,0,355.359247,-355.359247,360,4.64075271,0.0809811347,0.0751172677,0.0828071451,0,0,0,-100,-100,-2.8,-7.52651685,0,0,0,-0,-0.37877974,-0.185071781,-0.158058546,0.0230678441,0.0060380082,0.0035380082,-0.0080506776,-0.0055506776,0.0090886858,0.0045443429,-0.0200499539,-0.00559794713,0,0,51259.4,93.1989,1.29953,13.2669,198.209,0.399854,20.9705,227.102,2469.57,65,65,0.0110674555297298992,-0.000446511382707613885,20945617.3841882236,0.0504856530065516187
35.3,0.04608059303918771,-0.04498954828606998,-0.1563367403558645,-0.002858198587886611,0.02694050661125677,0.006721034569332806,0.05017478830772945,-0.04465428218080472,-0.1555742017035936,6.409777988,1879263.348,100.529264065,1522.86582073,99.58931608927672,0.2800141809507517,13.71213500783677,0.03457416783433587,-0.001508721081194098,0.03571137190834506,-0.2193731579769533,-0.286032621531811,0.02209735568868355,5.875582328427041,-0.04240023483079416,-31.373040276289,99.58931608927722,0.2800141809507928,13.71213500783686,0.7971749196709792,1519.571206994941,100.1150304430393,4.695643510156714,-7.814380651041917,100.1150304430394,100.1141131016138,-7.814343851778609,-4.715222326467192, 1337.930962, 2.857725524,-7.063917207, 2.857725524, 1379.179417, 7.371507843,-7.063917207, 7.371507843, 2338.252732,55.13760484,1774,40.97745208568207,-1.499436302142052,36.83934611048478,19971.421155959,23252.261050957,-0.438878483088773,10.52654880667153,355.317171824231,0.9949594039794007,-6.298970332455276e-05,0.09181087740821618,-0.04033042591873684,0.7684002695054065,0.02847365854774285,-0.6386974629183434,-0.02856269340585564,-0.768436384858467,-0.02929544274723908,0.6386602973441086,0.02757397425523694,7.8395809305366,0.15959185285131,0.01109524529266,0.011169949881967,-0.00044901805754266,20945548.41873576,53736.98095604984,4056.088724128862,20945617.35060062,-164.1475252962337,4056.088724128862,0.14744423612675,23252.261050957,-3280.8398950146,6.20445454,9.84848485,9.84848485,0.460293438,3.10114505,4055.51225,177.695612,3.10114505,-3.10330948,0,1,-0.523,0,0.00765987455,0.174,0.348,0,0.173195235,0.432988087,0.432986788,0,0,-0.00766992187,-1,-0.377916959,0,355.343345,-355.343345,360,4.65665502,0.0812586301,0.0754100795,0.0830699541,0,0,0,-100,-100,-2.8,-7.51522233,0,0,0,-0,-0.378935641,-0.185147954,-0.158135526,0.0230774082,0.00604051159,0.00354051159,-0.00805401545,-0.00555401545,0.00909452704,0.00454726352,-0.0200754804,-0.00560507413,0,0,51258.1,93.1966,1.29953,13.2666,198.205,0.399752,20.9746,227.096,2469.56,65,65,0.0110948411295358519,-0.000448644922528257774,20945617.8562656231,0.0501747883077294579
35.4,0.04581765712394317,-0.04232983067413233,-0.1556436193397578,-0.002337027977529746,0.02617826746473497,0.007176042601072245,0.04991181919382247,-0.04199338848591832,-0.1548814205113358,6.410191036,1879314.601,100.533304461,1522.83745614,99.59291900870761,0.2798543729854632,13.71559224971793,0.03738809208716543,-0.001825692321162448,0.03390463508803165,-0.2124082240758796,-0.2853215845349015,0.02428556806427796,5.876570159205467,-0.04239620154555639,-31.37993503475194,99.59291900870811,0.2798543729855044,13.71559224971802,0.7755876745136028,1519.542639188795,100.1173510464223,4.685006361219859,-7.842961223184059,100.1173510464223,100.116433514753,-7.842924332172311,-4.704634322818794, 1337.930962, 2.857725524,-7.063917207, 2.857725524, 1379.179417, 7.371507843,-7.063917207, 7.371507843, 2338.252732,55.13760484,1774,40.97745208568207,-1.499436302142052,36.83934611048478,19971.892142985,23252.732037981,-0.4371751644716611,10.52207866075023,355.3013364835443,0.9949573904348621,-3.711912240772001e-05,0.09177147221583734,-0.04046957781541305,0.7683708249339934,0.02859034971804028,-0.6387240858109917,-0.02864279138225305,-0.7684071441963281,-0.02941449676493195,0.6386866628262663,0.02765130839501651,7.8412527880038,0.15949436104584,0.011122631364245,0.011197520343015,-0.00045115954620201,20945548.49736808,53888.93664776652,4066.100341380556,20945617.81962731,-164.9303929700691,4066.100341380556,0.14786204353998,23252.732037981,-3280.8398950117,6.20417816,9.84848485,9.84848485,0.460284375,3.10105231,4065.53763,177.690298,3.10105231,-3.10312584,0,1,-0.523,0,0.00763014603,0.174,0.348,0,0.173199914,0.432999784,0.432998705,0,0,-0.00920390625,-1,-0.37646958,0,355.327508,-355.327508,360,4.67249153,0.0815349771,0.0757021165,0.0833322625,0,0,0,-100,-100,-2.8,-7.50463432,0,0,0,-0,-0.379081822,-0.185219378,-0.158207734,0.0230871266,0.00604305538,0.00354305538,-0.00805740717,-0.00555740717,0.00910046256,0.00455023128,-0.0200997355,-0.00561184615,0,0,51256.9,93.1943,1.29953,13.2663,198.201,0.399614,20.9783,227.09,2469.55,65,65,0.0111222273309212888,-0.000450786290328809608,20945618.3272483163,0.0499118191938224681
35.5,0.04560961809229395,-0.03974613370218833,-0.1549080530857022,-0.001758247228002655,0.02542088099299123,0.00756198273915507,0.04970374354611518,-0.03940852087785012,-0.1541461752715404,6.410635586,1879370.49,100.537590096,1522.80917762,99.59679400289828,0.279659971330644,13.71887156259685,0.04001847226215016,-0.002203764870767594,0.03213984622166777,-0.2056515941156682,-0.2845977486235631,0.02631023741000061,5.877501187885048,-0.04238784839964941,-31.38662844645765,99.59679400289878,0.2796599713306854,13.71887156259693,0.7546865043925961,1519.514143094104,100.1198822419167,4.675054846376009,-7.871471549491246,100.1198822419167,100.1189643958317,-7.871434561464588,-4.694732000562835, 1337.930962, 2.857725524,-7.063917207, 2.857725524, 1379.179417, 7.371507843,-7.063917207, 7.371507843, 2338.252732,55.13760484,1774,40.97745208568207,-1.499436302142052,36.83934611048478,19972.362105675,23253.202000668,-0.4354816580776157,10.51787205958473,355.2855716916972,0.9949551704877132,-1.13060048900029e-05,0.09173435312270203,-0.04060809093147821,0.7683428510829994,0.02870654853036944,-0.6387489463774552,-0.0287224783542868,-0.7683793742956886,-0.02953305633729232,0.6387112657611527,0.02772822984127747,7.8428029001337,0.15937677344707,0.011150018099113,0.011225091471806,-0.00045330884329464,20945548.57387616,54040.88948627748,4076.112201358456,20945618.28762474,-165.7161151998007,4076.112201358456,0.1482798509532,23253.202000668,-3280.839895012,6.20390301,9.84848485,9.84848485,0.460275332,3.10095933,4075.5634,177.68497,3.10095933,-3.10294368,0,1,-0.523,0,0.00760058877,0.174,0.348,0,0.173203645,0.433009112,0.43300828,0,0,-0.00920390625,-1,-0.375012487,0,355.311743,-355.311743,360,4.68825748,0.081810093,0.0759933583,0.083593947,0,0,0,-100,-100,-2.8,-7.494732,0,0,0,-0,-0.37921857,-0.185286193,-0.158275309,0.0230968837,0.00604560931,0.00354560931,-0.00806081241,-0.00556081241,0.00910642172,0.00455321086,-0.02012239,-0.00561817129,0,0,51255.7,93.1922,1.29953,13.2661,198.197,0.39943,20.9818,227.084,2469.54,65,65,0.0111496141937424287,-0.000452935467051631215,20945618.7972059287,0.0497037435461151825
35.6,0.04546121255682072,-0.03723789483054869,-0.1541371990583343,-0.001144622439988912,0.02466999972917615,0.007873742119679103,0.04955529810980548,-0.03689911702050486,-0.153375624022793,6.411109414,1879430.686,100.542103616,1522.78098552,99.60092299814673,0.2794256733951705,13.72197721554512,0.0424708943108314,-0.0026253699279217,0.03041854601882221,-0.1991026584568232,-0.2838574262566649,0.02817725018975079,5.878376972146657,-0.04237463145478364,-31.39312079203234,99.60092299814723,0.279425673395212,13.72197721554521,0.7344506051148325,1519.485720175141,100.1226079704991,4.665768167352486,-7.899910131635528,100.1226079704991,100.1216896889171,-7.899873041421305,-4.685494558663578, 1337.930962, 2.857725524,-7.063917207, 2.857725524, 1379.179417, 7.371507843,-7.063917207, 7.371507843, 2338.252732,55.13760484,1774,40.97745208568207,-1.499436302142052,36.83934611048478,19972.83111155,23253.671006549,-0.4337915829554064,10.51392144921821,355.2698815019481,0.9949527521205801,1.450008032848495e-05,0.09169945234457728,-0.04074593571309545,0.7683163056622392,0.02882226974133872,-0.6387720981903251,-0.02880169776273446,-0.7683530327884905,-0.02965113627115933,0.638734159707575,0.02780468207363777,7.8442350869086,0.15923609917913,0.011177405552629,0.011252663324079,-0.00045546592940683,20945548.64832756,54192.83947882402,4086.124324313915,20945618.75466044,-166.5046848889688,4086.124324313915,0.14869765836642,23253.671006549,-3280.8398950091,6.20362917,9.84848485,9.84848485,0.460266308,3.10086612,4085.58958,177.679629,3.10086612,-3.10276305,0,1,-0.523,0,0.00757109139,0.174,0.348,0,0.173206342,0.433015854,0.433015287,0,0,-0.00920390625,-1,-0.373539025,0,355.296051,-355.296051,360,4.70394882,0.082083907,0.0762837819,0.0838548732,0,0,0,-100,-100,-2.8,-7.48549456,0,0,0,-0,-0.37934617,-0.185348539,-0.158338392,0.0231065534,0.00604814034,0.00354814034,-0.00806418712,-0.00556418712,0.00911232746,0.00455616373,-0.0201431923,-0.0056239793,0,0,51254.5,93.19,1.29953,13.2658,198.193,0.399189,20.985,227.079,2469.54,65,65,0.0111770017733874624,-0.000455092433271514138,20945619.266206,0.0495552981098054748
35.7,0.04537491066840357,-0.03480440188777548,-0.1533386142470277,-0.0005185612818040478,0.02392693242495937,0.008108681204315418,0.04946895316304997,-0.0344644648886289,-0.1525773243264738,6.411610367,1879494.872,100.546828243,1522.75288063,99.60528847561082,0.2791479417326004,13.72491361927265,0.04475086425691188,-0.003072850340939737,0.02874205075341152,-0.1927603400540079,-0.2830969945946734,0.02989237346606433,5.879199066650136,-0.042356204075177,-31.39941283259331,99.60528847561132,0.279147941732642,13.72491361927274,0.7148592572064434,1519.457372262803,100.125512755993,4.657125611606096,-7.928275104126682,100.125512755993,100.1245939209472,-7.928237906647992,-4.67690128188775, 1337.930962, 2.857725524,-7.063917207, 2.857725524, 1379.179417, 7.371507843,-7.063917207, 7.371507843, 2338.252732,55.13760484,1774,40.97745208568207,-1.499436302142052,36.83934611048478,19973.299226061,23254.139121055,-0.4320983213427518,10.51021933481786,355.2542692179846,0.9949501429895243,4.035220186637673e-05,0.0916667024977403,-0.04088308929148431,0.7682911464338319,0.0289375346998402,-0.6387935943080363,-0.02888039590974721,-0.7683280773618794,-0.02976875796576226,0.6387553977013896,0.02788061143363636,7.8455532070717,0.15907035305932,0.011204793775844,0.011280235951229,-0.00045763078466494,20945548.72078776,54344.7866328122,4096.13672892163,20945619.22079985,-167.2960947729662,4096.13672892163,0.14911546577965,23254.139121055,-3280.8398950061,6.20335668,9.84848485,9.84848485,0.460257302,3.10077267,4095.6162,177.674274,3.10077267,-3.10258401,0,1,-0.523,0,0.0075415384,0.174,0.348,0,0.173207957,0.433019892,0.433019598,0,0,-0.00766992187,-1,-0.372043027,0,355.280438,-355.280438,360,4.71956226,0.0823563614,0.0765733621,0.0841149005,0,0,0,-100,-100,-2.8,-7.47690128,0,0,0,-0,-0.379464906,-0.185406553,-0.15839712,0.0231160035,0.00605061392,0.00355061392,-0.00806748523,-0.00556748523,0.00911809914,0.00455904957,-0.0201619708,-0.00562922224,0,0,51253.4,93.1879,1.29953,13.2655,198.188,0.398885,20.9879,227.074,2469.54,65,65,0.0112043901209374769,-0.000457257169096494595,20945619.7343139723,0.0494689531630499724
35.8,0.04535098348751173,-0.03244482653422958,-0.152520011349728,9.857297631173975e-05,0.02319266546691656,0.008266543112680859,0.04944497988785099,-0.03210373623226916,-0.1517589894483256,6.412136367,1879562.742,100.551747764,1522.7248641,99.60987346295796,0.278824988016356,13.72768530313692,0.04686380242823862,-0.003528991390189362,0.02711143671161409,-0.1866231401641727,-0.2823130168091863,0.03146123756249974,5.879969015213613,-0.04233241376952818,-31.40550576514902,99.60987346295846,0.2788249880163978,13.72768530313701,0.6958918703954468,1519.429101541986,100.1285816922244,4.649106596788652,-7.956564247062879,100.1285816922244,100.127662188877,-7.956526937340153,-4.668931585269203, 1337.930962, 2.857725524,-7.063917207, 2.857725524, 1379.179417, 7.371507843,-7.063917207, 7.371507843, 2338.252732,55.13760484,1774,40.97745208568207,-1.499436302142052,36.83934611048478,19973.766512591,23254.606407595,-0.43039524797022,10.50675829398246,355.2387373645778,0.9949473503996106,6.630410209529463e-05,0.09163603679484141,-0.04101953555435866,0.7682673313334289,0.02905237000911857,-0.6388134871191025,-0.02895852339808011,-0.7683044658813624,-0.02988594807457772,0.6387750321013635,0.02795596856380301,7.8467611454727,0.15887854626762,0.011232182815656,0.011307809400469,-0.00045980338863584,20945548.7913202,54496.73095584907,4106.14943233729,20945619.68610635,-168.0903373826513,4106.14943233729,0.14953327319287,23254.606407595,-3280.839895013,6.2030856,9.84848485,9.84848485,0.460248311,3.10067899,4105.64326,177.668906,3.10067899,-3.10240661,0,1,-0.523,0,0.00751181416,0.174,0.348,0,0.173208483,0.433021207,0.433021183,0,0,-0.00920390625,-1,-0.370518985,0,355.264905,-355.264905,360,4.73509526,0.0826274122,0.0768620728,0.084373887,0,0,0,-100,-100,-2.8,-7.46893159,0,0,0,-0,-0.379575061,-0.185460375,-0.158451633,0.0231251008,0.00605299515,0.00355299515,-0.0080706602,-0.0055706602,0.00912365534,0.00456182767,-0.0201786333,-0.00563387442,0,0,51252.3,93.1859,1.29953,13.2653,198.184,0.398513,20.9906,227.069,2469.54,65,65,0.0112317792833238721,-0.000459429654069614627,20945620.20159325,0.0494449798878509941
35.9,0.04538763513769584,-0.03015825534080066,-0.15168902698252,0.0006870579299188532,0.02246788574838603,0.008349298826997564,0.04948158252414547,-0.02981601765791909,-0.1509282565658709,6.412685408,1879634,100.556846538,1522.69693748,99.61466154542197,0.2784567061863337,13.73029689348574,0.04881503949096366,-0.003977501885133683,0.02552752567702044,-0.1806891680462002,-0.2815023504876325,0.03288932137558948,5.880688344699555,-0.04230329351752579,-31.4114011874123,99.61466154542246,0.2784567061863756,13.73029689348582,0.6775280235690783,1519.400910527427,100.131800428642,4.641690712505396,-7.984775013572143,100.1318004685306,100.1308801851785,-7.984737586724416,-4.661565055874153, 1337.930962, 2.857725524,-7.063917207, 2.857725524, 1379.179417, 7.371507843,-7.063917207, 7.371507843, 2338.252732,55.13760484,1774,40.97745208568207,-1.499436302142052,36.83934611048478,19974.23303248,23255.072927473,-0.4286759452792534,10.50353098904301,355.2232876823212,0.994944381365846,9.240833580559892e-05,0.09160738922164956,-0.0411552650230763,0.7682448186219414,0.02916680612436496,-0.6388318283065164,-0.02903603636101294,-0.7682821565766303,-0.0300027371016002,0.6387931145283668,0.02803070963610905,7.8478627996802,0.15866064799247,0.011259572714965,0.011335383714987,-0.00046198372023354,20945548.85998625,54648.67245577693,4116.162450253874,20945620.15064127,-168.8874050102095,4116.162450253874,0.1499510806061,23255.072927473,-3280.8398950198,6.20281595,9.84848485,9.84848485,0.460239335,3.10058508,4115.67079,177.663525,3.10058508,-3.10223086,0,1,-0.523,0,0.00748180667,0.174,0.348,0,0.173207946,0.433019866,0.433020103,0,0,-0.00920390625,-1,-0.368962188,0,355.249454,-355.249454,360,4.75054608,0.082897029,0.0771498871,0.0846316937,0,0,0,-100,-100,-2.8,-7.46156506,0,0,0,-0,-0.379676915,-0.185510141,-0.158502067,0.0231337151,0.00605524994,0.00355524994,-0.00807366658,-0.00557366658,0.00912891652,0.00456445826,-0.0201931647,-0.00563793159,0,0,51251.2,93.184,1.29953,13.265,198.18,0.398074,20.9931,227.064,2469.54,65,65,0.0112591693034819577,-0.000461609867076838746,20945620.6681051701,0.0494815825241454663
36,0.04548119067713673,-0.02794371791686951,-0.1508530079420028,0.001229327902747691,0.02175302948053441,0.008360936635940723,0.0495750862380358,-0.02760033876062643,-0.150092473029681,6.413255546,1879708.359,100.562109403,1522.66910263,99.61963677713358,0.278044559934548,13.73275307783068,0.05060981739025294,-0.004403434667830025,0.02399090836370021,-0.1749562658805068,-0.2806622407031651,0.03418195031561531,5.881358557063651,-0.04226904811710998,-31.41710099847646,99.61963677713408,0.2780445599345901,13.73275307783077,0.6597474997531684,1519.372802029475,100.1351551548508,4.634857747793543,-8.01290455138985,100.1351551941741,100.1342340222489,-8.012867002635801,-4.654781480246726, 1337.930962, 2.857725524,-7.063917207, 2.857725524, 1379.179417, 7.371507843,-7.063917207, 7.371507843, 2338.252732,55.13760484,1774,40.97745208568207,-1.499436302142052,36.83934611048478,19974.698845036,23255.538740026,-0.4269343985012751,10.50053016588477,355.2079211464042,0.994941242313493,0.0001187145628146393,0.09158069462595002,-0.04129027452231222,0.7682235668021228,0.02928087590994552,-0.6388486683872058,-0.02911289743423472,-0.7682611078294299,-0.03011915796303024,0.6388096955148223,0.0281047973290382,7.8488620663821,0.15841752120357,0.011286963512815,0.011362958934091,-0.00046417175763309,20945548.92684525,54800.61114070462,4126.175796956447,20945620.61446392,-169.6872896776695,4126.175796956447,0.15036888801932,23255.538740026,-3280.8398950135,6.20254775,9.84848485,9.84848485,0.460230373,3.10049096,4125.6988,177.658132,3.10049096,-3.10205679,0,1,-0.523,0,0.00745141094,0.174,0.348,0,0.173206409,0.433016023,0.433016502,0,0,-0.00920390625,-1,-0.36736882,0,355.234086,-355.234086,360,4.76591374,0.0831651948,0.0774367782,0.0848881891,0,0,0,-100,-100,-2.8,-7.45478148,0,0,0,-0,-0.379770746,-0.185555986,-0.158548559,0.0231417232,0.00605734606,0.00355734606,-0.00807646141,-0.00557646141,0.00913380747,0.00456690373,-0.0202056221,-0.00564140968,0,0,51250.1,93.182,1.29953,13.2648,198.176,0.397566,20.9953,227.059,2469.54,65,65,0.0112865602205006708,-0.000463797786262637359,20945621.1339090466,0.0495750862380358037
36.1,0.04562632973388476,-0.02580021185407889,-0.1500188206128817,0.001710350739817077,0.02104828436927587,0.008307207458459616,0.04972017076207343,-0.02545569707239929,-0.1492585057686352,6.41384491,1879785.545,100.567521782,1522.64136171,99.62478379185742,0.2775914318330548,13.7350585982091,0.05225328726368161,-0.004793538301515077,0.02250190768675253,-0.1694219414834777,-0.2797903955070861,0.03534428151607293,5.881981129430598,-0.04223003653783144,-31.42260742828073,99.62478379185792,0.277591431833097,13.73505859820919,0.6425303145871134,1519.344779111405,100.1386325846413,4.628587730680552,-8.040949764814917,100.1386326234304,100.1377104574905,-8.040912089473595,-4.648560884013612, 1337.930962, 2.857725524,-7.063917207, 2.857725524, 1379.179417, 7.371507843,-7.063917207, 7.371507843, 2338.252732,55.13760484,1774,40.97745208568207,-1.499436302142052,36.83934611048478,19975.164007545,23256.003902541,-0.4251651664923016,10.49774867149966,355.1926380036595,0.994937939533161,0.0001452680378567837,0.09155588889168891,-0.04142456674136118,0.7682035349647063,0.02939461326446492,-0.6388640571903836,-0.02918907651656785,-0.7682412787166644,-0.03023524460531327,0.6388248248219724,0.02817820158020155,7.8497628287728,0.15815083625167,0.011314355244551,0.011390535093361,-0.00046636747819549,20945548.99195454,54952.54701903504,4136.189485375379,20945621.07763159,-170.4899831094663,4136.189485375379,0.15078669543254,23256.003902541,-3280.8398950105,6.20228101,9.84848485,9.84848485,0.460221424,3.10039661,4135.72731,177.652726,3.10039661,-3.1018844,0,1,-0.523,0,0.00742053202,0.174,0.348,0,0.173203961,0.433009902,0.433010599,0,0,-0.00766992187,-1,-0.365736042,0,355.218802,-355.218802,360,4.78119801,0.0834319053,0.0777227202,0.0851432523,0,0,0,-100,-100,-2.8,-7.44856088,0,0,0,-0,-0.379856828,-0.185598046,-0.158591242,0.0231490125,0.00605925403,0.00355925403,-0.00807900538,-0.00557900538,0.00913825941,0.00456912971,-0.0202161279,-0.00564434292,0,0,51249.1,93.1801,1.29953,13.2645,198.171,0.396994,20.9973,227.055,2469.54,65,65,0.0113139520697671542,-0.000465993388955874177,20945621.5990621895,0.0497201707620734262
36.2,0.04581635460570277,-0.02372672462076922,-0.1491926875304485,0.002117933380444398,0.020353649869787,0.008195334527213608,0.04991013849206471,-0.0233810799629062,-0.1484325778518991,6.414451697,1879865.29,100.573069593,1522.61371711,99.63008771405921,0.2771014401265184,13.73721821399976,0.05375051328120861,-0.005136534342048055,0.02106061619795341,-0.1640834959064321,-0.2788850430467083,0.03638130963926332,5.882557507914195,-0.04218675075146996,-31.42792293521308,99.63008771405971,0.2771014401265607,13.73721821399985,0.6258567434553387,1519.316845040095,100.1422199394032,4.622860947709677,-8.068907351283254,100.1422199776898,100.1412967154073,-8.068869544774625,-4.642883551376281, 1337.930962, 2.857725524,-7.063917207, 2.857725524, 1379.179417, 7.371507843,-7.063917207, 7.371507843, 2338.252732,55.13760484,1774,40.97745208568207,-1.499436302142052,36.83934611048478,19975.628575325,23256.468470325,-0.4233635238691648,10.49517944789895,355.1774378302396,0.9949344788976675,0.0001721083306566518,0.09153290896888994,-0.04155814960872608,0.7681846826754692,0.02950805177154226,-0.6388780434490265,-0.02926455123091549,-0.7682226287671438,-0.03035103066046858,0.6388385511420938,0.02825090005253742,7.8505689422561,0.15786296637837,0.01134174794195,0.011418112224791,-0.00046857085840499,20945549.05536944,55104.48009948804,4146.203527137936,20945621.54019958,-171.2954767095071,4146.203527137936,0.15120450284577,23256.468470325,-3280.839895014,6.20201572,9.84848485,9.84848485,0.460212486,3.10030206,4145.75631,177.647308,3.10030206,-3.10171366,0,1,-0.523,0,0.00738908742,0.174,0.348,0,0.173200717,0.433001792,0.433002675,0,0,-0.00766992187,-1,-0.364062016,0,355.203601,-355.203601,360,4.79639931,0.0836971679,0.0780076887,0.0853967762,0,0,0,-100,-100,-2.8,-7.44288355,0,0,0,-0,-0.379935431,-0.185636452,-0.158630249,0.023155484,0.00606094795,0.00356094795,-0.00808126393,-0.00558126393,0.00914221188,0.00457110594,-0.0202248624,-0.00564678159,0,0,51248.1,93.1783,1.29953,13.2642,198.167,0.396364,20.9991,227.051,2469.55,65,65,0.0113413448831075608,-0.000468196651608705024,20945622.0636199042,0.0499101384920647081
36.3,0.04604348297830537,-0.02172225111560796,-0.1483800540960704,0.002442899471502796,0.01966896801081216,0.008033700107793864,0.05013720720652259,-0.02137548219972552,-0.1476201352034424,6.415074162,1879947.338,100.578739256,1522.58617141,99.63553417037305,0.2765797316671428,13.73923668252802,0.05510647579179384,-0.005423316949497492,0.01966690246264235,-0.1589380484746599,-0.2779449694755813,0.03729786769144625,5.88308910672576,-0.04213979215133203,-31.43305017418617,99.63553417037355,0.2765797316671852,13.73923668252811,0.6097073411088494,1519.289003231959,100.1459049318743,4.617657965306755,-8.09677385871754,100.1459049696901,100.1449805118327,-8.096735916562844,-4.637730046484297, 1337.930962, 2.857725524,-7.063917207, 2.857725524, 1379.179417, 7.371507843,-7.063917207, 7.371507843, 2338.252732,55.13760484,1774,40.97745208568207,-1.499436302142052,36.83934611048478,19976.092601717,23256.932496712,-0.4215255726095711,10.492815534831,355.1623196033174,0.9949308659612088,0.0001992683005141811,0.09151169293470363,-0.04169103558479714,0.7681669700719337,0.02962122347511591,-0.638890674873803,-0.02933930714981161,-0.7682051180916142,-0.0304665482201935,0.6388509221467025,0.02832287835844169,7.8512842224042,0.15755686949914,0.011369141633363,0.011445690356922,-0.00047078187382063,20945549.11714336,55256.41039111813,4156.217932618227,20945622.00222124,-172.1037615434616,4156.217932618227,0.15162231025899,23256.932496712,-3280.839895011,6.20175186,9.84848485,9.84848485,0.460203559,3.10020729,4155.78584,177.641878,3.10020729,-3.10154457,0,1,-0.523,0,0.00735700912,0.174,0.348,0,0.173196811,0.432992028,0.432993061,0,0,-0.00766992187,-1,-0.36234592,0,355.188481,-355.188481,360,4.81151865,0.0839610004,0.0782916609,0.08564867,0,0,0,-100,-100,-2.8,-7.43773005,0,0,0,-0,-0.380006823,-0.185671334,-0.158665712,0.0231610546,0.00606240604,0.00356240604,-0.00808320805,-0.00558320805,0.00914561409,0.00457280705,-0.0202320541,-0.00564878949,0,0,51247.1,93.1765,1.29953,13.264,198.163,0.395682,21.0007,227.047,2469.55,65,65,0.0113687386889229618,-0.000470407549749296864,20945622.5276355557,0.0501372072065225868
36.4,0.04629915388028942,-0.01978580776930863,-0.1475854872878808,0.002679165639882504,0.01899396017616111,0.007831519398577742,0.05039281602208381,-0.01943792005720603,-0.1468257453121953,6.415710628,1880031.441,100.584517679,1522.5587273,99.6411092814117,0.2760322584394714,13.74111873764774,0.05632607569299886,-0.005647074422441972,0.01832042862387695,-0.1539825792725935,-0.2769695378209762,0.03809863251042437,5.883577307453032,-0.04208984632368101,-31.43799195339748,99.6411092814122,0.2760322584395141,13.74111873764783,0.5940629576844215,1519.261257196037,100.1496757502247,4.612959645654595,-8.124545742493829,100.1496757876006,100.1487500380106,-8.124507660315777,-4.633081229308454, 1337.930962, 2.857725524,-7.063917207, 2.857725524, 1379.179417, 7.371507843,-7.063917207, 7.371507843, 2338.252732,55.13760484,1774,40.97745208568207,-1.499436302142052,36.83934611048478,19976.556138154,23257.396033144,-0.4196483214904377,10.49065006880837,355.1472817851257,0.9949271059896122,0.0002267733397694931,0.09149218001853657,-0.04182324087000089,0.7681503579025253,0.02973415778457654,-0.6389019981566967,-0.02941333777056041,-0.7681887074220297,-0.03058182674098369,0.6388619844916585,0.02839413003484465,7.8519124333248,0.15723596070529,0.011396536343847,0.011473269514978,-0.00047300049904343,20945549.17732774,55408.33790332653,4166.232710985533,20945622.46374799,-172.9148283267714,4166.232710985533,0.15204011767222,23257.396033144,-3280.8398950177,6.2014894,9.84848485,9.84848485,0.460194641,3.10011231,4165.81588,177.636435,3.10011231,-3.10137709,0,1,-0.523,0,0.00732424491,0.174,0.348,0,0.173192392,0.432980979,0.432982126,0,0,-0.00766992187,-1,-0.36058791,0,355.173442,-355.173442,360,4.82655757,0.0842234296,0.0785746162,0.0858988611,0,0,0,-100,-100,-2.8,-7.43308123,0,0,0,-0,-0.380071267,-0.185702821,-0.158697758,0.0231656587,0.00606361117,0.00356361117,-0.0080848149,-0.0055848149,0.00914842607,0.00457421304,-0.0202379694,-0.00565044106,0,0,51246.1,93.1748,1.29953,13.2637,198.159,0.394957,21.0021,227.044,2469.56,65,65,0.0113961335123208638,-0.000472626057950140479,20945622.9911605865,0.0503928160220838139
36.5,0.04657433670739674,-0.01791644294988649,-0.1468126071627735,0.00282371776637835,0.0183282638208119,0.007598512281957892,0.05066793441833691,-0.0175674417290743,-0.1460530287337772,6.416359475,1880117.362,100.590392249,1522.53138756,99.6467996540506,0.2754655454884922,13.74286907020547,0.05741413937760687,-0.005803334421705414,0.01702067097081894,-0.1492139677400068,-0.2759586884594748,0.0387881327684152,5.884023459316164,-0.04203765704864156,-31.44275119476104,99.64679965405109,0.275465545488535,13.74286907020555,0.5789047506621817,1519.233610476122,100.1535210428205,4.60874715850046,-8.152219423351744,100.1535210797865,100.1525939453559,-8.152181196874608,-4.628918267446942, 1337.930962, 2.857725524,-7.063917207, 2.857725524, 1379.179417, 7.371507843,-7.063917207, 7.371507843, 2338.252732,55.13760484,1774,40.97745208568207,-1.499436302142052,36.83934611048478,19977.019234151,23257.859129143,-0.4177297331431567,10.488676280935,355.1323224157842,0.994923203995399,0.0002546408911904684,0.09147431060548282,-0.04195478456243282,0.7681348075537926,0.02984688053784897,-0.6389120589933742,-0.0294866442609483,-0.7681733581385771,-0.03069689210722697,0.638871783840828,0.02846465628887568,7.8524572770772,0.15690397991188,0.011423932095291,0.011500849720996,-0.00047522670769852,20945549.23597215,55560.26264586763,4176.247870251088,20945622.92482935,-173.7286674181087,4176.247870251088,0.15245792508544,23257.859129143,-3280.8398950179,6.20122831,9.84848485,9.84848485,0.460185732,3.10001713,4175.84646,177.630982,3.10001713,-3.10121117,0,1,-0.523,0,0.00729075923,0.174,0.348,0,0.173187616,0.432969039,0.432970259,0,0,-0.00766992187,-1,-0.358789076,0,355.158482,-355.158482,360,4.84151804,0.0844844898,0.0788565366,0.0861472959,0,0,0,-100,-100,-2.8,-7.42891827,0,0,0,-0,-0.380129021,-0.18573104,-0.158726514,0.0231692498,0.00606455113,0.00356455113,-0.00808606817,-0.00558606817,0.00915061929,0.00457530965,-0.020242903,-0.00565181852,0,0,51245.2,93.173,1.29953,13.2635,198.154,0.394198,21.0033,227.04,2469.57,65,65,0.0114235293752424898,-0.000474852149811120052,20945623.4542445317,0.0506679344183369115
36.6,0.04685983366878357,-0.01611324375236603,-0.1460640509146899,0.002876495497678145,0.01767146774027049,0.007344582776277286,0.05095336468471175,-0.01576313412547226,-0.1453046231487615,6.417019146,1880204.871,100.59635082,1522.50415496,99.65259237422492,0.274886457705696,13.74449231065886,0.05837542389565709,-0.005889936819945235,0.01576694301418158,-0.1446290270555046,-0.2749129223749681,0.03937075898026544,5.88442888022858,-0.04198400035089738,-31.44733089838013,99.65259237422542,0.2748864577057388,13.74449231065895,0.5642141931725603,1519.206066593724,100.1574299038922,4.605001989312001,-8.179791344474262,100.1574299404768,100.1565013311199,-8.179752969523838,-4.625222644280228, 1337.930962, 2.857725524,-7.063917207, 2.857725524, 1379.179417, 7.371507843,-7.063917207, 7.371507843, 2338.252732,55.13760484,1774,40.97745208568207,-1.499436302142052,36.83934611048478,19977.481937382,23258.32183238,-0.4157687394628023,10.48688749388294,355.1174392115802,0.9949191647761753,0.0002828802356331212,0.09145802622110608,-0.04208568779328403,0.7681202810667901,0.02995941323986258,-0.638920902121091,-0.02955923499812604,-0.7681590322855837,-0.03081176586970692,0.6388803649050702,0.02853446553671215,7.8529223842833,0.15656485890372,0.011451328906541,0.011528430993949,-0.00047746047243401,20945549.29312428,55712.18462884951,4186.263417313369,20945623.385513,-174.5452688189689,4186.263417313369,0.15287573249866,23258.32183238,-3280.8398950115,6.20096855,9.84848485,9.84848485,0.46017683,3.09992176,4185.87758,177.625517,3.09992176,-3.10104679,0,1,-0.523,0,0.00725653343,0.174,0.348,0,0.173182643,0.432956609,0.432957862,0,0,-0.00920390625,-1,-0.356951355,0,355.143598,-355.143598,360,4.85640234,0.0847442209,0.0791374069,0.0863939403,0,0,0,-100,-100,-2.8,-7.42522264,0,0,0,-0,-0.38018034,-0.185756114,-0.158752106,0.0231718002,0.0060652187,0.0035652187,-0.00808695827,-0.00558695827,0.00915217697,0.00457608848,-0.0202471664,-0.00565300887,0,0,51244.2,93.1713,1.29953,13.2632,198.15,0.393416,21.0043,227.037,2469.58,65,65,0.0114509262965860163,-0.000477085797959189749,20945623.9169350713,0.0509533646847117536
36.7,0.04714656692107475,-0.01437533935233484,-0.1453414683075381,0.002840195136548665,0.01702314523558069,0.007079515151982662,0.05124002905518442,-0.01402412623360467,-0.1445821787957886,6.417688141,1880293.746,100.602381706,1522.47703223,99.65847500024883,0.2743019724649365,13.7459930140586,0.05921462208205863,-0.005906939986317611,0.01455842008947883,-0.1402245336781647,-0.2738332688231945,0.03985077498915836,5.884794858563179,-0.04192965936556917,-31.45173411173222,99.65847500024933,0.2743019724649795,13.74599301405869,0.549973079101084,1519.178628993495,100.1613918602829,4.601705944234908,-8.207258026084512,100.1613918965125,100.1604617251378,-8.207219498588016,-4.621976163927769, 1337.930962, 2.857725524,-7.063917207, 2.857725524, 1379.179417, 7.371507843,-7.063917207, 7.371507843, 2338.252732,55.13760484,1774,40.97745208568207,-1.499436302142052,36.83934611048478,19977.944293655,23258.78418865,-0.413765227020104,10.48527711835573,355.1026296654354,0.994914992954868,0.000311492538347062,0.0914432695008601,-0.04221597286706037,0.7681067411439035,0.03007177248728107,-0.638928571368766,-0.02963112492797232,-0.7681456925776176,-0.03092646467038282,0.6388877714931602,0.02860357276292223,7.8533113060517,0.15622259176496,0.011478726793519,0.011556013349866,-0.00047970176493422,20945549.34882997,55864.10386272901,4196.279358002015,20945623.84584473,-175.3646221785093,4196.279358002015,0.15329353991189,23258.78418865,-3280.8398950117,6.20071007,9.84848485,9.84848485,0.460167936,3.09982619,4195.90924,177.62004,3.09982619,-3.10088389,0,1,-0.523,0,0.00722156554,0.174,0.348,0,0.173177634,0.432944085,0.432945332,0,0,-0.00766992187,-1,-0.355077439,0,355.128787,-355.128787,360,4.87121298,0.0850026665,0.0794172143,0.0866387799,0,0,0,-100,-100,-2.8,-7.42197616,0,0,0,-0,-0.380225473,-0.185778166,-0.158774655,0.0231733016,0.0060656117,0.0035656117,-0.00808748227,-0.00558748227,0.00915309397,0.00457654698,-0.0202510781,-0.00565410101,0,0,51243.3,93.1697,1.29953,13.263,198.146,0.392621,21.0051,227.033,2469.59,65,65,0.0114783242923260885,-0.000479326974062221694,20945624.3792780377,0.051240029055184419
36.8,0.0474258427520587,-0.01270190116610297,-0.1446455464534109,0.002720002902975388,0.01638288439720709,0.006812694547450441,0.05151923389263048,-0.01234958928456279,-0.1438863832501623,6.418365019,1880383.777,100.608473669,1522.45002201,99.66443555663682,0.2737189644252709,13.74737564751833,0.05993636733255947,-0.005856467884739563,0.01339416504279356,-0.1359972520844011,-0.2727212393852008,0.04023233039824738,5.88512265542145,-0.04187540070529771,-31.45596390357974,99.66443555663732,0.273718964425314,13.74737564751842,0.536163525481363,1519.15130099259,100.1653968593963,4.598841152346377,-8.234616116106341,100.1653968952954,100.1644650777747,-8.234577432092259,-4.619160953500719, 1337.930962, 2.857725524,-7.063917207, 2.857725524, 1379.179417, 7.371507843,-7.063917207, 7.371507843, 2338.252732,55.13760484,1774,40.97745208568207,-1.499436302142052,36.83934611048478,19978.406346992,23259.246241987,-0.4117199949209103,10.48383864935438,355.0878911464551,0.9949106930203699,0.0003404711352521652,0.09142998414756151,-0.0423456624315727,0.7680941511475169,0.03018396958395303,-0.6389351097157926,-0.02970233477580504,-0.768133302397215,-0.03104099985790296,0.6388940465712053,0.02867199873116659,7.853627507284,0.15588111229086,0.011506125769344,0.011583596801954,-0.00048195055594798,20945549.40313328,56016.02035830147,4206.295697120469,20945624.30586856,-176.1867168038807,4206.295697120469,0.15371134732511,23259.246241987,-3280.8398950118,6.20045283,9.84848485,9.84848485,0.460159047,3.09973042,4205.94146,177.614553,3.09973042,-3.10072241,0,1,-0.523,0,0.00718586951,0.174,0.348,0,0.17317274,0.432931851,0.432933054,0,0,-0.00766992187,-1,-0.353170653,0,355.114047,-355.114047,360,4.88595258,0.0852598726,0.0796959493,0.0868818188,0,0,0,-100,-100,-2.8,-7.41916095,0,0,0,-0,-0.380264667,-0.185797316,-0.158794282,0.023173764,0.00606573274,0.00356573274,-0.00808764365,-0.00558764365,0.00915337638,0.00457668819,-0.0202549534,-0.00565518298,0,0,51242.4,93.168,1.29953,13.2627,198.141,0.391824,21.0058,227.03,2469.6,65,65,0.0115057233756298821,-0.000481575648857690271,20945624.8413174711,0.0515192338926304741
36.9,0.0476914667909096,-0.01109214434998626,-0.1439760315656055,0.002584226516643437,0.01575017852209414,0.006553781973336446,0.05178478489969614,-0.01073873825821367,-0.1432169831776375,6.419048393,1880474.757,100.614615917,1522.42312676,99.67046252841872,0.2731440105917216,13.74864457993372,0.06054523926246347,-0.00574226003560474,0.01227313878705161,-0.1319439558201623,-0.2715789233019,0.04051946090152574,5.88541350752712,-0.04182212711904429,-31.4600233421103,99.67046252841922,0.2731440105917649,13.74864457993381,0.5227679726288484,1519.124085729689,100.1694352579633,4.596390065646007,-8.261862441158256,100.1694352935535,100.1685017486916,-8.261823596756129,-4.61675946309219, 1337.930962, 2.857725524,-7.063917207, 2.857725524, 1379.179417, 7.371507843,-7.063917207, 7.371507843, 2338.252732,55.13760484,1774,40.97745208568207,-1.499436302142052,36.83934611048478,19978.868139636,23259.708034637,-0.4096346498896669,10.48256566245768,355.0732209963237,0.9949062693674158,0.0003698023668254222,0.09141811486548568,-0.04247477872520644,0.768082475081604,0.0302960105981909,-0.6389405593668348,-0.02977288992447424,-0.7681218257750686,-0.03115537754496881,0.6388992323374613,0.02873976886230483,7.8538743612287,0.15554418298772,0.011533525844438,0.011611181360705,-0.0004842068153305,20945549.45607648,56167.9341266855,4216.312438487477,20945624.76562675,-177.0115416755507,4216.312438487477,0.15412915473834,23259.708034637,-3280.8398950153,6.20019679,9.84848485,9.84848485,0.460150164,3.09963447,4215.97423,177.609055,3.09963447,-3.10056232,0,1,-0.523,0,0.00714947337,0.174,0.348,0,0.17316808,0.4329202,0.432921341,0,0,-0.00766992187,-1,-0.351234393,0,355.099376,-355.099376,360,4.90062382,0.0855158856,0.0799736047,0.0871230781,0,0,0,-100,-100,-2.8,-7.41675946,0,0,0,-0,-0.380298163,-0.185813682,-0.158811106,0.0231732141,0.00606558879,0.00356573274,-0.00808745172,-0.00558764365,0.00915337638,0.00457668819,-0.0202590954,-0.00565633943,0,0,51241.5,93.1664,1.29953,13.2625,198.137,0.391035,21.0063,227.027,2469.61,65,65,0.0115331235569701863,-0.000483831792194577728,20945625.3030956425,0.0517847848996961443
37,0.04794466984224845,-0.00954533229057861,-0.1433317481336991,0.002470588081956755,0.01512469014194509,0.006310740374037191,0.05203791295352398,-0.009190836373131903,-0.1425728035130863,6.419736933,1880566.493,100.620798089,1522.39634878,99.67654485594996,0.2725833110220055,13.74980407102679,0.06104576484904545,-0.005567943830194988,0.01119419504692232,-0.1280614474671324,-0.2704084773332128,0.04071613526846042,5.885668624904913,-0.04177066931248428,-31.46391547214582,99.67654485595045,0.2725833110220489,13.74980407102687,0.5097691822034721,1519.096986121812,100.1734978121483,4.594335456994026,-8.288994049747036,100.1734978474502,100.1725624969535,-8.288955041187245,-4.614754463715098, 1337.930962, 2.857725524,-7.063917207, 2.857725524, 1379.179417, 7.371507843,-7.063917207, 7.371507843, 2338.252732,55.13760484,1774,40.97745208568207,-1.499436302142052,36.83934611048478,19979.329712108,23260.169607105,-0.4075110527532083,10.4814518096111,355.0586166256021,0.9949017263357343,0.0003994703066994072,0.09140760712278165,-0.04260334318269934,0.7680716774514103,0.03040789942727447,-0.6389449619475132,-0.02984281679167568,-0.76811122724491,-0.03126960167308558,0.6389033704139784,0.0288069096118898,7.8540551436302,0.15521534997328,0.011560927026643,0.011638767034014,-0.00048647051209896,20945549.50770011,56319.84517930257,4226.329584977487,20945625.2251598,-177.8390854676254,4226.329584977487,0.15454696215156,23260.169607105,-3280.8398950154,6.1999419,9.84848485,9.84848485,0.460141285,3.09953834,4226.00755,177.603547,3.09953834,-3.10040356,0,1,-0.523,0,0.00711240961,0.174,0.348,0,0.173163641,0.432909102,0.432910192,0,0,-0.00920390625,-1,-0.349270003,0,355.084771,-355.084771,360,4.91522926,0.0857707506,0.0802501763,0.0873625859,0,0,0,-100,-100,-2.8,-7.41475446,0,0,0,-0,-0.380326197,-0.18582738,-0.158825241,0.0231716853,0.00606518864,0.00356573274,-0.00808691818,-0.00558764365,0.00915337638,0.00457668819,-0.0202637908,-0.00565765038,0,0,51240.7,93.1649,1.29953,13.2622,198.133,0.390264,21.0067,227.025,2469.62,65,65,0.0115605248442361662,-0.000486095373086022553,20945625.7646530792,0.0520379129535239807
37.1,0.04818687919332394,-0.008060746812715297,-0.1427108194541664,0.002362701471816264,0.01450636557522641,0.006089906432991938,0.05228004541351457,-0.007705165294479302,-0.1419519679941426,6.420429366,1880658.795,100.627010257,1522.36969018,99.68267192920105,0.2720426777676543,13.75085826505246,0.0614424095845223,-0.005338006601521145,0.01015618132785434,-0.1243465687577938,-0.2692117482515163,0.04082628913949474,5.885889188580152,-0.04172166310963627,-31.46764330315055,99.68267192920155,0.2720426777676979,13.75085826505255,0.4971502336743979,1519.07000488818,100.1775756734948,4.592660416630785,-8.31600818840788,100.1775757085271,100.1766384769721,-8.315969012021405,-4.613129043821774, 1337.930962, 2.857725524,-7.063917207, 2.857725524, 1379.179417, 7.371507843,-7.063917207, 7.371507843, 2338.252732,55.13760484,1774,40.97745208568207,-1.499436302142052,36.83934611048478,19979.791103195,23260.63099819,-0.40535085252731,10.4804908161164,355.044075597494,0.994897068243653,0.0004294607400029845,0.09139840695331598,-0.04273137607941583,0.7680617231470949,0.03051964035871473,-0.638948358668282,-0.02991213976504489,-0.7681014717230239,-0.03138367657403496,0.6389065020070563,0.02887344540541261,7.8541730295635,0.15489793675382,0.011588329321326,0.011666353827285,-0.00048874161449104,20945549.55804298,56471.75352785568,4236.347138560359,20945625.6845065,-178.6693365692263,4236.347138560359,0.15496476956478,23260.63099819,-3280.8398950155,6.19968811,9.84848485,9.84848485,0.460132409,3.09944203,4236.04143,177.598028,3.09944203,-3.10024608,0,1,-0.523,0,0.007074707,0.174,0.348,0,0.173159395,0.432898486,0.432899529,0,0,-0.00920390625,-1,-0.347278342,0,355.070229,-355.070229,360,4.92977136,0.0860245103,0.0805256619,0.0876003689,0,0,0,-100,-100,-2.8,-7.41312904,0,0,0,-0,-0.380349001,-0.185838522,-0.158836803,0.0231692073,0.00606454002,0.00356573274,-0.00808605336,-0.00558764365,0.00915337638,0.00457668819,-0.0202693093,-0.00565919115,0,0,51239.8,93.1633,1.29953,13.262,198.128,0.38952,21.0069,227.022,2469.63,65,65,0.0115879272428422598,-0.000488366359765337915,20945626.2260285951,0.052280045413514567
37.2,0.04841813450602195,-0.006637669383884993,-0.1421107622318006,0.002249548089436508,0.01389527096770434,0.00589698088226042,0.05251122201377954,-0.006281006344463155,-0.141351993762038,6.42112447,1880751.486,100.633242912,1522.34315293,99.68883358160774,0.2715274168896737,13.75181119249757,0.06173957793876816,-0.0050581907056369,0.009157977836128595,-0.1207961991181392,-0.2679904512329377,0.04085381501240137,5.886076355531029,-0.0416756767528845,-31.47120981057017,99.68883358160824,0.2715274168897174,13.75181119249766,0.4848945204140166,1519.043144570435,100.1816603849568,4.591348348317094,-8.342902281490813,100.1816604197362,100.1807212345388,-8.342862933708972,-4.611866605444533, 1337.930962, 2.857725524,-7.063917207, 2.857725524, 1379.179417, 7.371507843,-7.063917207, 7.371507843, 2338.252732,55.13760484,1774,40.97745208568207,-1.499436302142052,36.83934611048478,19980.252350025,23261.092245025,-0.4031555804572186,10.4796764802785,355.0295956938485,0.9948922994149733,0.0004597602951739787,0.09139046098795564,-0.04285889588288563,0.7680525774848523,0.03063123699783455,-0.6389507903213133,-0.02998088135763637,-0.7680925245495449,-0.03149760589744487,0.6389086679055745,0.02893939879371902,7.8542310948231,0.15459497713214,0.011615732731491,0.011693941743539,-0.00049102009001596,20945549.60714227,56623.65918431075,4246.365100340714,20945626.14370399,-179.5022831031674,4246.365100340714,0.15538257697801,23261.092245025,-3280.839895009,6.19943539,9.84848485,9.84848485,0.460123537,3.09934555,4246.07588,177.5925,3.09934555,-3.10008984,0,1,-0.523,0,0.00703639228,0.174,0.348,0,0.173155339,0.432888347,0.432889341,0,0,-0.00766992187,-1,-0.345260562,0,355.055748,-355.055748,360,4.94425233,0.0862772032,0.0808000615,0.0878364537,0,0,0,-100,-100,-2.8,-7.41186661,0,0,0,-0,-0.380366805,-0.185847221,-0.158845903,0.0231658073,0.00606365005,0.00356573274,-0.00808486673,-0.00558764365,0.00915337638,0.00457668819,-0.0202758988,-0.00566103094,0,0,51239,93.1618,1.29953,13.2617,198.124,0.388811,21.0069,227.019,2469.65,65,65,0.0116153307558351845,-0.000490644719738176976,20945626.68725935,0.0525112220137795363
37.3,0.04863757607548931,-0.005275370842580358,-0.1415285580417145,0.002124436272155914,0.01329155571763545,0.005736860636385946,0.05273058312215132,-0.004917630236337093,-0.1407698628228456,6.421821079,1880844.392,100.639486966,1522.31673885,99.69502008409685,0.2710422112164572,13.75266677386456,0.06194161562419609,-0.004735299182092062,0.008198508017102313,-0.1174072501265613,-0.2667462163669338,0.04080256223520319,5.886231263991276,-0.04163319963774447,-31.47461794066754,99.69502008409735,0.271042211216501,13.75266677386464,0.4729857461887346,1519.016407543261,100.1857438765777,4.590382965846123,-8.369673920544217,100.1857439111186,100.1848027025021,-8.369634397898412,-4.610950860707762, 1337.930962, 2.857725524,-7.063917207, 2.857725524, 1379.179417, 7.371507843,-7.063917207, 7.371507843, 2338.252732,55.13760484,1774,40.97745208568207,-1.499436302142052,36.83934611048478,19980.71348808,23261.553383078,-0.4009267553943608,10.47900267433576,355.015174973667,0.994887424202578,0.0004903554838040661,0.09138371650196953,-0.0429859186604066,0.7680442062571269,0.03074269116997254,-0.6389522972636742,-0.03004906246808127,-0.76808435153899,-0.03161139151296396,0.6389099084656752,0.02900479071309088,7.8542323184839,0.15430914856873,0.011643137257878,0.011721530783523,-0.00049330590550141,20945549.65503346,56775.56216087946,4256.383470596855,20945626.60278774,-180.3379129431123,4256.383470596855,0.15580038439123,23261.553383078,-3280.8398950091,6.1991837,9.84848485,9.84848485,0.460114666,3.09924889,4256.11088,177.586962,3.09924889,-3.0999348,0,1,-0.523,0,0.00699749194,0.174,0.348,0,0.173151487,0.432878718,0.432879659,0,0,-0.00766992187,-1,-0.343218052,0,355.041326,-355.041326,360,4.95867411,0.0865288633,0.0810733769,0.0880708688,0,0,0,-100,-100,-2.8,-7.41095086,0,0,0,-0,-0.380379831,-0.185853585,-0.158852651,0.023161512,0.00606252577,0.00356573274,-0.00808336769,-0.00558764365,0.00915337638,0.00457668819,-0.0202837797,-0.00566323129,0,0,51238.1,93.1602,1.29953,13.2615,198.12,0.388146,21.0069,227.017,2469.66,65,65,0.011642735383999854,-0.00049293041983056098,20945627.1483808309,0.0527305831221513213
37.4,0.04884383740801656,-0.003973104406627945,-0.1409607398672603,0.001984138254249723,0.01269542454096075,0.00561350898011574,0.05293676231839709,-0.003614290087230927,-0.1402021085848463,6.422518076,1880937.35,100.64573374,1522.29044963,99.70122213932825,0.270591023826789,13.75342882418903,0.06205281168406529,-0.004376976731267246,0.007276742561902694,-0.1141766585660307,-0.2654806139336475,0.0406763376122531,5.88635503833702,-0.04159463335219874,-31.47787061674059,99.70122213932875,0.270591023826833,13.75342882418911,0.461407922283087,1518.989796021468,100.1898184612014,4.589748290179473,-8.396320857234976,100.1898184955154,100.1888751964793,-8.396281156356421,-4.610365828964188, 1337.930962, 2.857725524,-7.063917207, 2.857725524, 1379.179417, 7.371507843,-7.063917207, 7.371507843, 2338.252732,55.13760484,1774,40.97745208568207,-1.499436302142052,36.83934611048478,19981.174551222,23262.014446213,-0.3986659462495561,10.47846334617417,355.0008118236198,0.994882447008712,0.0005212321198026228,0.09137812145385943,-0.04311245759028357,0.76803657577441,0.03085400216416814,-0.638952919404211,-0.03011670244577454,-0.7680769190221161,-0.03172503275392158,0.6389102635987107,0.02906964055036756,7.8541795858682,0.15404271737091,0.011670542899075,0.011749120945816,-0.00049559902713825,20945549.70175045,56927.46247000293,4266.402248819272,20945627.06179161,-181.1762137299011,4266.402248819272,0.15621819180446,23262.014446213,-3280.8398950124,6.19893301,9.84848485,9.84848485,0.460105798,3.09915207,4266.14644,177.581414,3.09915207,-3.09978094,0,1,-0.523,0,0.00695803338,0.174,0.348,0,0.173147863,0.432869658,0.432870539,0,0,-0.00766992187,-1,-0.341152383,0,355.026962,-355.026962,360,4.97303832,0.0867795187,0.0813456114,0.0883036448,0,0,0,-100,-100,-2.8,-7.41036583,0,0,0,-0,-0.380388299,-0.185857723,-0.158857154,0.0231563495,0.00606117449,0.00356573274,-0.00808156599,-0.00558764365,0.00915337638,0.00457668819,-0.0202931404,-0.0056658448,0,0,51237.3,93.1587,1.29953,13.2612,198.115,0.387531,21.0067,227.014,2469.67,65,65,0.0116701411259642479,-0.000495223426234297787,20945627.6094269268,0.0529367623183970987
37.5,0.04903535794760989,-0.002730101053070785,-0.1404034899043943,0.001828164123362406,0.01210711888777117,0.005529863824512534,0.05312819912106098,-0.002370216801404854,-0.1396449136625154,6.423214399,1881030.204,100.65197496,1522.26428684,99.70743087612156,0.2701770243283317,13.75410105775244,0.06207740008537765,-0.003991474058507777,0.006391699344465707,-0.1111013791171374,-0.2641951636178135,0.04047890628051368,5.886448793283966,-0.04156028524472104,-31.48097074574195,99.70743087612206,0.2701770243283758,13.75410105775253,0.4501453653445354,1518.963312065391,100.1938768302605,4.589428647299913,-8.422840997958494,100.1938768643569,100.1929314106451,-8.422801115577887,-4.610095834647828, 1337.930962, 2.857725524,-7.063917207, 2.857725524, 1379.179417, 7.371507843,-7.063917207, 7.371507843, 2338.252732,55.13760484,1774,40.97745208568207,-1.499436302142052,36.83934611048478,19981.635571744,23262.475466742,-0.3963748005897207,10.47805252153934,354.9865049992147,0.9948773723015475,0.0005523750401183026,0.09137362451619953,-0.04323852258124445,0.7680296528987621,0.03096516626655921,-0.63895269619346,-0.03018381901929253,-0.7680701938793163,-0.03183852595070387,0.6389097727618379,0.02913396607130843,7.8540756916157,0.1537974968821,0.011697949651621,0.011776712226932,-0.00049789942052377,20945549.74732555,57079.36012433597,4276.421433748696,20945627.52074789,-182.0171728873756,4276.421433748696,0.15663599921768,23262.475466742,-3280.8398950091,6.19868331,9.84848485,9.84848485,0.46009693,3.09905509,4276.18256,177.575857,3.09905509,-3.09962822,0,1,-0.523,0,0.00691804534,0.174,0.348,0,0.173144493,0.432861234,0.432862049,0,0,-0.00766992187,-1,-0.339065242,0,355.012654,-355.012654,360,4.9873462,0.0870291912,0.0816167692,0.0885348145,0,0,0,-100,-100,-2.8,-7.41009583,0,0,0,-0,-0.380392425,-0.185859739,-0.158859517,0.0231503495,0.00605960398,0.00356573274,-0.00807947197,-0.00558764365,0.00915337638,0.00457668819,-0.0203041337,-0.00566891414,0,0,51236.5,93.1572,1.29953,13.261,198.111,0.386971,21.0064,227.012,2469.69,65,65,0.0116975479783031494,-0.000497523704550741357,20945628.070429951,0.0531281991210609747
37.6,0.04921062914118617,-0.001545354338233333,-0.1398527451616413,0.001658280968953109,0.01155960160286309,0.005487758628110341,0.05330338505285708,-0.001184403892587876,-0.1390942154762162,6.423909038,1881122.805,100.658202757,1522.23825191,99.7136378417986,0.269802539219663,13.75468710007856,0.0620192772109327,-0.0035874031274922,0.005543529184134144,-0.1081791264356511,-0.2628913208360438,0.04021389533909678,5.886513405068098,-0.04153036501475841,-31.48392050583639,99.7136378417991,0.2698025392197072,13.75468710007865,0.4391826891782545,1518.936957586088,100.1979120487948,4.589408660013515,-8.449232398628387,100.1979120826799,100.19696441275,-8.449192331575659,-4.610125499076203, 1337.930962, 2.857725524,-7.063917207, 2.857725524, 1379.179417, 7.371507843,-7.063917207, 7.371507843, 2338.252732,55.13760484,1774,40.97745208568207,-1.499436302142052,36.83934611048478,19982.096580375,23262.936475369,-0.3940550469598781,10.47776430706691,354.9722536556413,0.9948722046273142,0.0005837680620817312,0.09137017510384962,-0.04336412000241519,0.7680234050723426,0.03107617653926348,-0.6389516666122766,-0.03025042813564657,-0.7680641435688991,-0.03195186420961162,0.6389084749470058,0.02919778325979739,7.8539233470299,0.15357481939923,0.011725357510104,0.011804304621424,-0.00050020705070311,20945549.79178952,57231.25513673191,4286.44102341376,20945627.97968732,-182.8607776375211,4286.44102341376,0.1570538066309,23262.936475369,-3280.8398950124,6.19843458,9.84848485,9.84848485,0.460088062,3.09895795,4286.21924,177.57029,3.09895795,-3.09947663,0,1,-0.523,0,0.006877558,0.174,0.348,0,0.173141405,0.432853512,0.432854255,0,0,-0.00766992187,-1,-0.336958361,0,354.998401,-354.998401,360,5.00159859,0.0872778955,0.0818868553,0.0887644133,0,0,0,-100,-100,-2.8,-7.4101255,0,0,0,-0,-0.380392419,-0.185859736,-0.158859955,0.0231435434,0.00605782248,0.00356573274,-0.00807709663,-0.00558764365,0.00915337638,0.00457668819,-0.0203168746,-0.00567247139,0,0,51235.7,93.1558,1.29953,13.2607,198.107,0.386471,21.0059,227.01,2469.7,65,65,0.0117249559356409523,-0.000499831219832435844,20945628.5314206518,0.0533033850528570885
37.7,0.04936844391449977,-0.0003991116834459972,-0.1393042453420346,0.001478626763202727,0.0114321775401534,0.005490599791678732,0.05346111310957687,-3.709877095822971e-05,-0.1385457540953993,6.424601019,1881215.01,100.664409565,1522.21234617,99.71983472473804,0.2694690255396459,13.75519181888783,0.06187536732131882,-0.003173585246105892,0.00477035086662525,-0.1054133182168044,-0.2615703349504359,0.03988348740056991,5.886547619319396,-0.04150498723516619,-31.48671666871702,99.71983472473853,0.2694690255396903,13.75519181888792,0.4285043994096581,1518.910734358586,100.201917482037,4.589672842643676,-8.475493250332693,100.2019175157143,100.2009675707896,-8.47545299554023,-4.610439335130183, 1337.930962, 2.857725524,-7.063917207, 2.857725524, 1379.179417, 7.371507843,-7.063917207, 7.371507843, 2338.252732,55.13760484,1774,40.97745208568207,-1.499436302142052,36.83934611048478,19982.557606306,23263.397501304,-0.3917084758750398,10.47759343391784,354.9580573648683,0.9948669481876115,0.000615394344960638,0.09136772808739378,-0.04348925251469165,0.7680178033518043,0.03118702295677342,-0.6389498655403616,-0.03031654358539016,-0.7680587391609329,-0.03206503754425615,0.6389064050493553,0.0292611059387701,7.8537259520926,0.15337552148849,0.011752766467265,0.011831898121981,-0.00050252188220861,20945549.83517156,57383.14752022825,4296.461015165916,20945628.43863909,-183.7070150148429,4296.461015165916,0.15747161404413,23263.397501304,-3280.8398950125,6.19818681,9.84848485,9.84848485,0.460079195,3.09886065,4296.25647,177.564716,3.09886065,-3.09932615,0,1,-0.523,0,0.00683660261,0.174,0.348,0,0.173138619,0.432846548,0.432847214,0,0,-0.00766992187,-1,-0.334833443,0,354.984204,-354.984204,360,5.01579593,0.087525639,0.082155875,0.0889924776,0,0,0,-100,-100,-2.8,-7.41043934,0,0,0,-0,-0.380388495,-0.185857819,-0.158859955,0.0231359641,0.00605583859,0.00356573274,-0.00807445146,-0.00558764365,0.00915337638,0.00457668819,-0.0203314385,-0.00567653763,0,0,51234.9,93.1543,1.29953,13.2605,198.102,0.386033,21.0054,227.008,2469.72,65,65,0.0117523649907441876,-0.00050214593662217821,20945628.9924282432,0.053461113109576873
37.8,0.04950791561675293,0.0007538188960638998,-0.1387531577591675,0.001290717955874185,0.01170691237808625,0.005545755455706761,0.05360049666739426,0.001116890526037284,-0.1379946969521595,6.425289397,1881306.681,100.670588026,1522.18657083,99.72601264866937,0.2691770286912458,13.75562570172296,0.06163923334833576,-0.002759659619947979,0.004135621185621829,-0.1027882380984977,-0.2602333699642596,0.03948912383074458,5.886554827673376,-0.04148415617262324,-31.489374601449,99.72601264866987,0.2691770286912903,13.75562570172304,0.4180954415698578,1518.884644038038,100.2058866702786,4.590206149153213,-8.501621864680251,100.2058867037494,100.2049344277576,-8.501581419181354,-4.611022295350866, 1337.930962, 2.857725524,-7.063917207, 2.857725524, 1379.179417, 7.371507843,-7.063917207, 7.371507843, 2338.252732,55.13760484,1774,40.97745208568207,-1.499436302142052,36.83934611048478,19983.018677197,23263.858572189,-0.3893369021581295,10.47753809572771,354.9439161302021,0.9948616045923551,0.0006472378044921766,0.0913662684174663,-0.04361391879098361,0.7680128382333922,0.0312976932083217,-0.6389473047569715,-0.03038217580456716,-0.7680539711606397,-0.03217803365167118,0.6389035748669,0.0293239445502929,7.8534901182327,0.15319992031016,0.011780176514052,0.011859492719494,-0.00050484387909438,20945549.87749936,57535.03728803386,4306.481405702402,20945628.89763084,-184.5558718790198,4306.481405702402,0.15788942145735,23263.858572189,-3280.8398950124,6.19794,9.84848485,9.84848485,0.460070326,3.09876321,4306.29425,177.559132,3.09876321,-3.09917679,0,1,-0.523,0,0.00679521084,0.174,0.348,0,0.173136152,0.432840381,0.432840965,0,0,-0.00766992187,-1,-0.332692093,0,354.970062,-354.970062,360,5.02993821,0.0877724217,0.0824238334,0.0892190442,0,0,0,-100,-100,-2.8,-7.4110223,0,0,0,-0,-0.38038086,-0.185854088,-0.158859955,0.0231276453,0.00605366116,0.00356573274,-0.00807154821,-0.00558764365,0.00915337638,0.00457668819,-0.0203478599,-0.00568112248,0,0,51234.1,93.1528,1.29953,13.2602,198.098,0.38566,21.0048,227.006,2469.73,65,65,0.0117797751345691468,-0.00050446781898613811,20945629.4534803815,0.0536004966673942485
37.9,0.04962826437440172,0.001946447330351001,-0.1381940384838725,0.001095763839700592,0.01222523953666976,0.005657145296650967,0.05372075582875126,0.002310573868456814,-0.1374355999427805,6.425973251,1881397.681,100.676730969,1522.16092701,99.73216225638505,0.2689260848473882,13.75600411123857,0.06130789924138202,-0.002356175414889972,0.003669924564228211,-0.1002765763609617,-0.2588813677409094,0.0390306606839872,5.88654120695361,-0.04146775535554405,-31.49192094129106,99.73216225638555,0.2689260848474328,13.75600411123865,0.4079430629356848,1518.858688172964,100.2098132251754,4.590995835008526,-8.527616665732589,100.2098132584386,100.2088585975638,-8.527576026643368,-4.611861633782668, 1337.930962, 2.857725524,-7.063917207, 2.857725524, 1379.179417, 7.371507843,-7.063917207, 7.371507843, 2338.252732,55.13760484,1774,40.97745208568207,-1.499436302142052,36.83934611048478,19983.479819298,23264.319714294,-0.3869421340573712,10.47760058284199,354.9298304490526,0.9948561723823236,0.0006792835949265021,0.09136581661935035,-0.04373811295626961,0.7680085232010696,0.03140817264273672,-0.6389439687184326,-0.03044733113794089,-0.7680498530554384,-0.03229083785091409,0.6388999688781614,0.02938630541353658,7.8532252409693,0.15304775828616,0.011807587639662,0.011887088403085,-0.00050717300496868,20945549.91879919,57686.92445351768,4316.502191079443,20945629.35668885,-185.4073349267201,4316.502191079443,0.15830722887058,23264.319714294,-3280.8398950157,6.19769415,9.84848485,9.84848485,0.460061457,3.09866562,4316.33258,177.55354,3.09866562,-3.09902853,0,1,-0.523,0,0.00675341425,0.174,0.348,0,0.173134018,0.432835045,0.432835545,0,0,-0.00920390625,-1,-0.33053584,0,354.955975,-354.955975,360,5.04402493,0.0880182349,0.0826907353,0.0894441495,0,0,0,-100,-100,-2.8,-7.41186163,0,0,0,-0,-0.380369692,-0.185848632,-0.158859955,0.0231186208,0.006051299,0.00356573274,-0.00806839866,-0.00558764365,0.00915337638,0.00457668819,-0.0203661276,-0.00568622283,0,0,51233.3,93.1514,1.29953,13.26,198.094,0.385352,21.0041,227.004,2469.75,65,65,0.011807186356294179,-0.00050679683054608753,20945629.9146033265,0.053720755828751264
38,0.04972889243028943,0.003196545336996976,-0.13762124376584,0.0008964709426045275,0.01284505957893771,0.005824493287341917,0.05382129278156412,0.003561722873199192,-0.1368628189559913,6.426651666,1881487.877,100.68283128,1522.13541574,99.73827402086371,0.2687146620838288,13.75634407676217,0.06088119954956817,-0.001973847599485351,0.003374759538292693,-0.09784864458341502,-0.2575150216317552,0.03850666921954923,5.886513516588767,-0.04145554611872236,-31.49438463378622,99.73827402086421,0.2687146620838735,13.75634407676226,0.3980374077297719,1518.832868230377,100.2136906734994,4.592032052442162,-8.553476166627052,100.2136907065521,100.212733608657,-8.553435331122584,-4.61294750120333, 1337.930962, 2.857725524,-7.063917207, 2.857725524, 1379.179417, 7.371507843,-7.063917207, 7.371507843, 2338.252732,55.13760484,1774,40.97745208568207,-1.499436302142052,36.83934611048478,19983.941057734,23264.780952723,-0.384525951587616,10.47778579093426,354.9158013676357,0.9948506482377857,0.0007115176961339102,0.09136641583726884,-0.04386182422777595,0.7680048864190686,0.03151844372200852,-0.638939824572999,-0.03051201187654674,-0.7680464130074798,-0.03240343255000623,0.6388955542578181,0.02944819077341699,7.8529416661594,0.15291816999224,0.011834999831538,0.011914685160111,-0.00050950922302113,20945549.95909619,57838.80903019918,4326.523366711249,20945629.81583822,-186.2613907015693,4326.523366711249,0.1587250362838,23264.780952723,-3280.8398950222,6.1974493,9.84848485,9.84848485,0.460052586,3.09856789,4326.37145,177.54794,3.09856789,-3.09888141,0,1,-0.523,0,0.00671124391,0.174,0.348,0,0.173132227,0.432830568,0.432830981,0,0,-0.00766992187,-1,-0.328366123,0,354.941945,-354.941945,360,5.05805504,0.0882630605,0.0829565845,0.0896678284,0,0,0,-100,-100,-2.8,-7.4129475,0,0,0,-0,-0.380355132,-0.185841517,-0.158859955,0.0231089241,0.00604876088,0.00356573274,-0.0080650145,-0.00558764365,0.00915337638,0.00457668819,-0.020386182,-0.00569182201,0,0,51232.5,93.15,1.29953,13.2597,198.089,0.385107,21.0033,227.002,2469.77,65,65,0.0118345986433244701,-0.000509132934507583327,20945630.3758221865,0.0538212927815641257
38.1,0.0498095573739989,0.00450885854062203,-0.1370293270333053,0.0006974414414698129,0.01345201378261001,0.006043879773757763,0.05390186504861266,0.004875083023744627,-0.1362709069752403,6.427323722,1881577.133,100.688881805,1522.11003798,99.74433849454101,0.2685401777910954,13.75666178649019,0.06036108104315119,-0.001622817995109049,0.003230991163121644,-0.09547694104328741,-0.2561348082580568,0.03791511060884212,5.88647814457543,-0.04144717373515183,-31.49679246799202,99.74433849454151,0.2685401777911403,13.75666178649028,0.3883715125552626,1518.807185619083,100.2175123631552,4.593307845948502,-8.57919894639447,100.2175123959931,100.216552810035,-8.579157911684396,-4.614272940599568, 1337.930962, 2.857725524,-7.063917207, 2.857725524, 1379.179417, 7.371507843,-7.063917207, 7.371507843, 2338.252732,55.13760484,1774,40.97745208568207,-1.499436302142052,36.83934611048478,19984.402416773,23265.242311768,-0.3820900791470623,10.47809978711929,354.90183049279,0.9948450281248524,0.0007439265973087096,0.09136811937568362,-0.04398503692769524,0.7680019627318694,0.03162848580660505,-0.638934831780262,-0.03057621649033258,-0.7680436858538833,-0.0325157970442932,0.6388902904964566,0.02950959904407793,7.8526492566937,0.15280969241001,0.011862413075326,0.011942282976124,-0.00051185249604445,20945549.99841465,57990.69103174141,4336.544927356266,20945630.27510324,-187.1180256020962,4336.544927356266,0.15914284369702,23265.242311768,-3280.8398950123,6.19720546,9.84848485,9.84848485,0.460043712,3.09847002,4336.41085,177.542332,3.09847002,-3.09873544,0,1,-0.523,0,0.00666872992,0.174,0.348,0,0.173130784,0.432826961,0.432827287,0,0,-0.00766992187,-1,-0.326184235,0,354.927973,-354.927973,360,5.07202694,0.0885068702,0.0832213835,0.0898901134,0,0,0,-100,-100,-2.8,-7.41427294,0,0,0,-0,-0.380337277,-0.185832794,-0.158859955,0.0230985876,0.00604605531,0.00356573274,-0.00806140708,-0.00558764365,0.00915337638,0.00457668819,-0.020407915,-0.00569788987,0,0,51231.7,93.1485,1.29953,13.2595,198.085,0.384923,21.0025,227,2469.78,65,65,0.011862011981261876,-0.000511476093682260266,20945630.8371612281,0.0539018650486126558
38.2,0.04987055774072793,0.005878144809870129,-0.1364133702562028,0.0005049990813103021,0.01396428580420329,0.006308500713796315,0.05396277110171908,0.0062454120102454,-0.1356549455257043,6.42798849,1881665.314,100.694875299,1522.08479463,99.75034648810656,0.2683990853593041,13.75697091875136,0.05975088804954609,-0.001312027691178969,0.003207143726992712,-0.09313910982287155,-0.2547410187759958,0.03725389852581865,5.88644048028431,-0.04144218099447505,-31.49916618447094,99.75034648810706,0.2683990853593491,13.75697091875144,0.3789409260595518,1518.781641709747,100.2212714314632,4.594818772001993,-8.604783628956612,100.2212714640806,100.2203093396004,-8.60474239226361,-4.615833506878001, 1337.930962, 2.857725524,-7.063917207, 2.857725524, 1379.179417, 7.371507843,-7.063917207, 7.371507843, 2338.252732,55.13760484,1774,40.97745208568207,-1.499436302142052,36.83934611048478,19984.863920145,23265.703815137,-0.3796361466348221,10.47854863960501,354.887919964222,0.9948393082169495,0.0007764972056930853,0.09137098052402638,-0.04410773083096942,0.7679997871199672,0.03173827533684328,-0.6389289499570546,-0.03063993993857665,-0.7680417065628715,-0.03262790770860058,0.638884137246273,0.02957052512829945,7.852356438161,0.15272031451721,0.011889827354826,0.011969881834814,-0.00051420278644905,20945550.03677832,58142.57047194631,4346.56686709724,20945630.73450762,-187.977225887058,4346.56686709724,0.15956065111025,23265.703815137,-3280.8398950155,6.19696268,9.84848485,9.84848485,0.460034836,3.09837202,4346.45079,177.536717,3.09837202,-3.09859066,0,1,-0.523,0,0.00662590072,0.174,0.348,0,0.173129686,0.432824215,0.432824456,0,0,-0.00766992187,-1,-0.323991256,0,354.914062,-354.914062,360,5.0859385,0.0887496268,0.0834851331,0.0901110338,0,0,0,-100,-100,-2.8,-7.41583351,0,0,0,-0,-0.380316193,-0.185822492,-0.158859955,0.0230876424,0.00604319041,0.00356573274,-0.00805758721,-0.00558764365,0.00915337638,0.00457668819,-0.0204311739,-0.00570438376,0,0,51230.9,93.1471,1.29953,13.2592,198.081,0.384794,21.0016,226.998,2469.8,65,65,0.0118894263538567527,-0.000513826270502493881,20945631.2986441478,0.0539627711017190773
38.3,0.04991288297517742,0.007292450876409658,-0.1357692346851291,0.0003266462583991503,0.01433230423285872,0.00660951102553591,0.05400500033652322,0.007660756353969938,-0.135010795474441,6.428645024,1881752.281,100.700804418,1522.05968657,99.75628918101667,0.2682870172105112,13.75728175347723,0.05905471638239579,-0.001048736649241627,0.003266641528263392,-0.09081943214513899,-0.2533337836839974,0.03652131828325579,5.886404587988791,-0.04144002743485428,-31.50152101992859,99.75628918101717,0.2682870172105563,13.75728175347732,0.3697431079504576,1518.756237852134,100.2249608226831,4.596562298121869,-8.630228864317816,100.2249608550732,100.223996141804,-8.630187422860947,-4.617626665932747, 1337.930962, 2.857725524,-7.063917207, 2.857725524, 1379.179417, 7.371507843,-7.063917207, 7.371507843, 2338.252732,55.13760484,1774,40.97745208568207,-1.499436302142052,36.83934611048478,19985.325591229,23266.165486221,-0.3771656389411397,10.47913756598423,354.8740723943238,0.9948334855502486,0.0008092169993281813,0.0913750451429766,-0.04422988178280993,0.7679983899204404,0.03184778637755754,-0.6389221445827064,-0.03070317399845396,-0.7680405054547386,-0.03273973854986964,0.6388770600256148,0.02963096075273403,7.8520696899204,0.15264755885439,0.011917242651933,0.011997481717954,-0.00051656005627301,20945550.0742106,58294.44736475167,4356.589179320681,20945631.19407474,-188.8389776791082,4356.589179320681,0.15997845852347,23266.165486221,-3280.8398950089,6.19672099,9.84848485,9.84848485,0.460025957,3.09827389,4356.49124,177.531094,3.09827389,-3.0984471,0,1,-0.523,0,0.00658278222,0.174,0.348,0,0.173128916,0.43282229,0.432822451,0,0,-0.00766992187,-1,-0.321787977,0,354.900213,-354.900213,360,5.09978709,0.0889912847,0.083747832,0.0903306143,0,0,0,-100,-100,-2.8,-7.41762667,0,0,0,-0,-0.380291916,-0.18581063,-0.158859955,0.0230761168,0.00604017357,0.00356573274,-0.00805356475,-0.00558764365,0.00915337638,0.00457668819,-0.0204557676,-0.00571125031,0,0,51230.1,93.1457,1.29953,13.259,198.076,0.384716,21.0008,226.996,2469.81,65,65,0.0119168417429566728,-0.000516183427031080338,20945631.7602943219,0.0540050003365232234
38.4,0.04993829941041721,0.0087361864081071,-0.135093727152508,0.0001703367116173311,0.01453488938270848,0.006936855073806643,0.05403031905783633,0.009105525487598493,-0.1343352633698571,6.429292371,1881837.893,100.706661733,1522.03471468,99.76215817290232,0.2681989686695143,13.75760093406507,0.0582768877011608,-0.0008382041211969504,0.003373488980656703,-0.08850911398404548,-0.251913088917104,0.03571629653109515,5.886373128596286,-0.0414401122975741,-31.50386542969171,99.76215817290282,0.2681989686695596,13.75760093406515,0.3607767417248728,1518.730975390288,100.2285733399401,4.598537115644984,-8.655533311539973,100.2285733720955,100.2276060197104,-8.655491662523886,-4.619651107428483, 1337.930962, 2.857725524,-7.063917207, 2.857725524, 1379.179417, 7.371507843,-7.063917207, 7.371507843, 2338.252732,55.13760484,1774,40.97745208568207,-1.499436302142052,36.83934611048478,19985.787453193,23266.627348185,-0.3746798373418466,10.47987040294828,354.8602907840638,0.994827558414027,0.0008420743898962575,0.09138034703762683,-0.04435146250932796,0.7679977938309304,0.0319569914478826,-0.6389143905464193,-0.03076590758157217,-0.7680401052062175,-0.03285126204201187,0.6388690337652352,0.02969089478872044,7.8517934075092,0.15258858624369,0.011944658946593,0.012025082605353,-0.00051892426718676,20945550.11073466,58446.32172422983,4366.61185669993,20945631.65382779,-189.7032669664914,4366.61185669993,0.1603962659367,23266.627348185,-3280.8398950153,6.19648046,9.84848485,9.84848485,0.460017074,3.09817563,4366.53222,177.525464,3.09817563,-3.09830483,0,1,-0.523,0,0.0065393968,0.174,0.348,0,0.173128444,0.432821111,0.432821202,0,0,-0.00766992187,-1,-0.319574828,0,354.88643,-354.88643,360,5.11356971,0.0892317915,0.0840094767,0.0905488735,0,0,0,-100,-100,-2.8,-7.41965111,0,0,0,-0,-0.380264466,-0.185797218,-0.158859955,0.0230640351,0.0060370112,0.00356573274,-0.00804934826,-0.00558764365,0.00915337638,0.00457668819,-0.0204814744,-0.00571842764,0,0,51229.3,93.1443,1.29953,13.2587,198.072,0.38468,21,226.994,2469.83,65,65,0.011944258128463503,-0.000518547524965158211,20945632.2221349217,0.0540303190578363263
38.5,0.04994936091783332,0.01019270813103289,-0.1343846865272307,4.371457298715027e-05,0.01457333279898553,0.007280016112255678,0.0540412811321854,0.01056307588534492,-0.1336261879141818,6.429929571,1881922.011,100.712439776,1522.0098798,99.76794548892221,0.2681295066429357,13.75793171457384,0.05742156710064616,-0.000683526011015706,0.003496208582138394,-0.08620569221114494,-0.2504787836987526,0.03483853410075954,5.886347464514398,-0.0414417993443706,-31.50620167238667,99.76794548892271,0.268129506642981,13.75793171457392,0.3520410656219497,1518.705855676537,100.2321017171056,4.600742470720514,-8.680695622915847,100.2321017490184,100.2311317070169,-8.680653763525799,-4.621906075809775, 1337.930962, 2.857725524,-7.063917207, 2.857725524, 1379.179417, 7.371507843,-7.063917207, 7.371507843, 2338.252732,55.13760484,1774,40.97745208568207,-1.499436302142052,36.83934611048478,19986.249529131,23267.08942413,-0.3721797583245753,10.48074936306063,354.846578423681,0.9948215265065639,0.000875059229596002,0.09138690582123907,-0.04447244354346176,0.7679980125091417,0.03206586253441739,-0.638905673767902,-0.03082812703017423,-0.7680405194503453,-0.03296245014151769,0.6388600444275319,0.02975031355059083,7.8515300421866,0.15254031454571,0.011972076216768,0.012052684474827,-0.00052129538049316,20945550.14637363,58598.19356458787,4376.634891184533,20945632.11378985,-190.5700796030869,4376.634891184533,0.16081407334992,23267.08942413,-3280.8398950119,6.19624113,9.84848485,9.84848485,0.460008188,3.09807726,4376.5737,177.519827,3.09807726,-3.09816388,0,1,-0.523,0,0.00649576219,0.174,0.348,0,0.173128229,0.432820572,0.432820603,0,0,-0.00766992187,-1,-0.317351833,0,354.872717,-354.872717,360,5.12728308,0.0894710898,0.084270061,0.0907658232,0,0,0,-100,-100,-2.8,-7.42190608,0,0,0,-0,-0.380233852,-0.18578226,-0.158859955,0.023051417,0.00603370839,0.00356573274,-0.00804494452,-0.00558764365,0.00915337638,0.00457668819,-0.0205080517,-0.00572584803,0,0,51228.6,93.1428,1.29953,13.2585,198.068,0.384679,20.9993,226.992,2469.85,65,65,0.0119716754883063374,-0.000520918525635354567,20945632.6841890253,0.0540412811321853981
38.6,0.0499493461891005,0.01164626709129865,-0.1336410004730899,-4.656937058104309e-05,0.01446469098535485,0.007628643953801527,0.05404116526929027,0.01201765833326474,-0.1328824567232663,6.430555663,1882004.493,100.718131083,1521.98518284,99.77364355335725,0.2680729880472796,13.75827452105758,0.05649252378422531,-0.0005856129882659822,0.003610106035818461,-0.08391188590810117,-0.2490305823559486,0.03388852625971203,5.886327881169172,-0.04144444188669951,-31.50852693702954,99.77364355335774,0.2680729880473251,13.75827452105766,0.3435352934672882,1518.680880085026,100.2355386980884,4.60317758519499,-8.705714428822475,100.2355387297508,100.2345659474651,-8.705672356224563,-4.62439079120249, 1337.930962, 2.857725524,-7.063917207, 2.857725524, 1379.179417, 7.371507843,-7.063917207, 7.371507843, 2338.252732,55.13760484,1774,40.97745208568207,-1.499436302142052,36.83934611048478,19986.711842056,23267.551737052,-0.3696660959748151,10.48177502196938,354.8329387863108,0.9948153909046656,0.0009081633821739868,0.09139472678036251,-0.04459279419456617,0.7679990504558948,0.03217437218063383,-0.6388959912711812,-0.03088981639884587,-0.7680417526598671,-0.03307327537716907,0.638850089078834,0.02980920107770738,7.851280419912,0.15249954289648,0.011999494438436,0.012080287302191,-0.0005236733571239,20945550.18115053,58750.06290016907,4386.658273997255,20945632.57398393,-191.4394013070851,4386.658273997255,0.16123188076314,23267.551737052,-3280.8398950151,6.19600308,9.84848485,9.84848485,0.459999296,3.09797876,4386.61568,177.514183,3.09797876,-3.09802431,0,1,-0.523,0,0.00645189051,0.174,0.348,0,0.173128213,0.432820531,0.432820519,0,0,-0.00766992187,-1,-0.315118569,0,354.859076,-354.859076,360,5.14092373,0.089709119,0.0845295762,0.0909814668,0,0,0,-100,-100,-2.8,-7.42439079,0,0,0,-0,-0.380200086,-0.185765762,-0.158859955,0.0230382754,0.0060302686,0.00356573274,-0.00804035813,-0.00558764365,0.00915337638,0.00457668819,-0.0205352458,-0.00573344064,0,0,51227.8,93.1414,1.29953,13.2582,198.063,0.384704,20.9985,226.99,2469.86,65,65,0.0119990937984341735,-0.000523296390001060118,20945633.1464796439,0.0540411652692902658
38.7,0.04994213387876086,0.01308328763595865,-0.1328625656365581,-9.539347774834941e-05,0.01423528389851021,0.00797304364258892,0.05403385016196769,0.01345569691843513,-0.1321039665039257,6.431169698,1882085.2,100.723728256,1521.96062471,99.77924514499932,0.2680237749206267,13.7586276709127,0.05549301851950883,-0.0005432857802570301,0.003698100836615481,-0.08163418598077499,-0.2475680631442167,0.03286750015284028,5.886313865170436,-0.04144740666769595,-31.51083472561164,99.77924514499982,0.2680237749206723,13.75862767091278,0.33525816580844,1518.656050025254,100.2388771137406,4.605841207788684,-8.730588322917891,100.2388771451446,100.2379015718416,-8.730546034263387,-4.62710400060632, 1337.930962, 2.857725524,-7.063917207, 2.857725524, 1379.179417, 7.371507843,-7.063917207, 7.371507843, 2338.252732,55.13760484,1774,40.97745208568207,-1.499436302142052,36.83934611048478,19987.174414899,23268.014309895,-0.3671391735948001,10.48294647017086,354.8193754215284,0.9948091539018693,0.000941381278941502,0.09140380217154123,-0.04471248350085546,0.7680009038177243,0.03228249455354925,-0.6388853501533587,-0.03095095773472033,-0.7680438009501845,-0.03318371191545866,0.6388391748566471,0.02986753941370158,7.851044150654,0.15246307400389,0.012026913585597,0.012107891061271,-0.00052605815763137,20945550.21508831,58901.92974545577,4396.681995638998,20945633.03443298,-192.311217658018,4396.681995638998,0.16164968817637,23268.014309895,-3280.8398950116,6.19576635,9.84848485,9.84848485,0.4599904,3.09788016,4396.65815,177.508533,3.09788016,-3.0978862,0,1,-0.523,0,0.00640778739,0.174,0.348,0,0.173128329,0.432820823,0.432820785,0,0,-0.00766992187,-1,-0.312874165,0,354.845512,-354.845512,360,5.15448809,0.0899458172,0.0847880111,0.0911957985,0,0,0,-100,-100,-2.8,-7.427104,0,0,0,-0,-0.380163184,-0.185747732,-0.158859955,0.0230246165,0.00602669336,0.00356573274,-0.00803559114,-0.00558764365,0.00915337638,0.00457668819,-0.0205628018,-0.00574113426,0,0,51227,93.14,1.29953,13.258,198.059,0.384747,20.9978,226.989,2469.88,65,65,0.0120265130328293338,-0.0005256810786411851,20945633.6090297252,0.0540338501619676906
38.8,0.04993203222446677,0.01449303151471752,-0.1320502052488871,-9.951854070133053e-05,0.01391507218075906,0.008304526022181133,0.05402364410241307,0.0148664531383178,-0.1312915406384068,6.431770739,1882163.995,100.729224012,1521.93620641,99.78474334583998,0.2679764356931873,13.75898812237287,0.05442579214922283,-0.0005534609298999404,0.00375045224248538,-0.07938141906940643,-0.2460906672424432,0.03177729974505458,5.886304390544927,-0.04145009556111767,-31.51311626025725,99.78474334584048,0.267976435693233,13.75898812237296,0.3272076451602571,1518.631366955756,100.2421099496262,4.608731309382522,-8.75531584757864,100.2421099807644,100.2411315658128,-8.75527334001125,-4.630043673196237, 1337.930962, 2.857725524,-7.063917207, 2.857725524, 1379.179417, 7.371507843,-7.063917207, 7.371507843, 2338.252732,55.13760484,1774,40.97745208568207,-1.499436302142052,36.83934611048478,19987.637270413,23268.477165404,-0.364598909072276,10.48426156436105,354.8058918543826,0.9948028187691189,0.0009747103915711589,0.0914141133874866,-0.04483148111696725,0.7680035617495331,0.03239020640568212,-0.6388737658838112,-0.03101153137066481,-0.7680466534423896,-0.03329373652032265,0.6388273172674619,0.02992530889788541,7.8508200550529,0.1524278285286,0.012054333630313,0.012135495723939,-0.00052844974217645,20945550.24820972,59053.79411507361,4406.706045900963,20945633.49515973,-193.1855140922926,4406.706045900963,0.16206749558959,23268.477165404,-3280.839895018,6.19553102,9.84848485,9.84848485,0.459981499,3.09778144,4406.70109,177.502876,3.09778144,-3.09774958,0,1,-0.523,0,0.00636345141,0.174,0.348,0,0.173128504,0.43282126,0.432821215,0,0,-0.00766992187,-1,-0.310617313,0,354.832027,-354.832027,360,5.16797265,0.0901811227,0.0850453518,0.0914088033,0,0,0,-100,-100,-2.8,-7.43004367,0,0,0,-0,-0.380123173,-0.185728182,-0.158859955,0.0230104379,0.00602298212,0.00356573274,-0.00803064282,-0.00558764365,0.00915337638,0.00457668819,-0.0205904725,-0.00574885991,0,0,51226.2,93.1386,1.29953,13.2577,198.055,0.384799,20.9971,226.987,2469.9,65,65,0.0120539331635401859,-0.000528072551740899261,20945634.0718620121,0.0540236441024130667
38.9,0.04992358184602523,0.01586775414176883,-0.1312055574363906,-5.775336925328469e-05,0.01353328774056316,0.008615633435756661,0.05401508777677471,0.01624218216931967,-0.1304468174738886,6.432357868,1882240.744,100.734611228,1521.911929,99.79013149182447,0.2679259247504291,13.75935216067057,0.05329312568598521,-0.0006114004335534551,0.003763737935923217,-0.07716345509135891,-0.244597700658451,0.0306202455652296,5.886298177959846,-0.04145196436410266,-31.5153617493071,99.79013149182497,0.2679259247504749,13.75935216067065,0.3193807488580453,1518.606832397735,100.2452304008049,4.61184491591302,-8.779895479749733,100.245230431671,100.244249124746,-8.77985275041457,-4.633206833229352, 1337.930962, 2.857725524,-7.063917207, 2.857725524, 1379.179417, 7.371507843,-7.063917207, 7.371507843, 2338.252732,55.13760484,1774,40.97745208568207,-1.499436302142052,36.83934611048478,19988.100431085,23268.940326076,-0.3620447969874372,10.4857172214029,354.7924914940242,0.994796389484828,0.001008151570537851,0.09142563349942517,-0.04494975810233641,0.7680070080216285,0.03249748787187059,-0.6388612603157686,-0.03107151624334984,-0.768050293870718,-0.03340332934729161,0.6388145381971592,0.02998248848116937,7.850606555083,0.15239094708711,0.012081754542751,0.012163101260162,-0.0005308480705126,20945550.28053729,59205.65602379711,4416.730413882988,20945633.95618669,-194.0622758973768,4416.730413882988,0.16248530300282,23268.940326076,-3280.8398950146,6.19529714,9.84848485,9.84848485,0.459972592,3.09768262,4416.74451,177.497214,3.09768262,-3.09761452,0,1,-0.523,0,0.00631887375,0.174,0.348,0,0.173128658,0.432821645,0.432821613,0,0,-0.0061359375,-1,-0.308346308,0,354.818626,-354.818626,360,5.181374,0.0904149762,0.0853015825,0.0916204562,0,0,0,-100,-100,-2.8,-7.43320683,0,0,0,-0,-0.380080091,-0.185707133,-0.158859955,0.0229957291,0.00601913209,0.00356573274,-0.00802550946,-0.00558764365,0.00915337638,0.00457668819,-0.020618027,-0.00575655313,0,0,51225.4,93.1371,1.29953,13.2575,198.05,0.384852,20.9965,226.985,2469.91,65,65,0.0120813541607304106,-0.000530470769074842339,20945634.5349990055,0.0540150877767747173
39,0.04992134990402641,0.01720248568882123,-0.1303309458496171,2.905114348354983e-05,0.01311543962589053,0.008900260866510159,0.05401274841941422,0.01757791396541319,-0.1295721209309168,6.432930197,1882315.316,100.739882979,1521.88779364,99.79540313152884,0.267867735034562,13.75971596213651,0.05209694323629233,-0.000711001072322498,0.003739421435355439,-0.0749901615813684,-0.243088341048816,0.02939899136052946,5.886293905340889,-0.04145253824912767,-31.51756141146025,99.79540313152934,0.2678677350346079,13.7597159621366,0.3117734994524629,1518.5824479483,100.2482319122691,4.615178058807793,-8.804325617535641,100.2482319428579,100.2472476941585,-8.804282663588861,-4.636589510489472, 1337.930962, 2.857725524,-7.063917207, 2.857725524, 1379.179417, 7.371507843,-7.063917207, 7.371507843, 2338.252732,55.13760484,1774,40.97745208568207,-1.499436302142052,36.83934611048478,19988.563919086,23269.403814078,-0.3594759088176091,10.4873097099955,354.7791775546582,0.9947898704711561,0.001041709217630282,0.09143832978640738,-0.04506728758848078,0.7680112226219339,0.03260432306314296,-0.6388478597115107,-0.03113089024304708,-0.7680547021852306,-0.0335124745346693,0.6388008639353012,0.0300390560736803,7.8504019951907,0.15234987689932,0.012109176291254,0.012190707638069,-0.00053325310196644,20945550.31209319,59357.51548655657,4426.755088016637,20945634.41753602,-194.9414882046985,4426.755088016637,0.16290311041604,23269.403814078,-3280.8398950111,6.19506477,9.84848485,9.84848485,0.459963679,3.0975837,4426.78838,177.491546,3.0975837,-3.09748107,0,1,-0.523,0,0.00627403819,0.174,0.348,0,0.173128711,0.432821778,0.43282178,0,0,-0.00766992187,-1,-0.3060591,0,354.805311,-354.805311,360,5.19468892,0.0906473216,0.0855566849,0.091830723,0,0,0,-100,-100,-2.8,-7.43658951,0,0,0,-0,-0.380033993,-0.185684609,-0.158859955,0.022980471,0.00601513828,0.00356573274,-0.00802018437,-0.00558764365,0.00915337638,0.00457668819,-0.0206452578,-0.00576415598,0,0,51224.6,93.1357,1.29953,13.2572,198.046,0.384898,20.9959,226.983,2469.93,65,65,0.0121087759927411519,-0.000532875689987016127,20945634.9984628931,0.0540127484194142179
39.1,0.049929731503292,0.01849457270462336,-0.1294292420458951,0.0001581494867280073,0.01268162533293359,0.009153695346875804,0.05402102121251319,0.01887099488203119,-0.1286703228674906,6.433486862,1882387.586,100.745032564,1521.86380159,99.80055199591624,0.2677980206664756,13.76007600863307,0.05083893280788399,-0.0008451029439657254,0.003682291106670732,-0.07287064951110267,-0.2415616505699693,0.02811639364588092,5.88629036027103,-0.04145142367505992,-31.51970621434483,99.80055199591673,0.2677980206665217,13.76007600863316,0.3043809652656647,1518.558215292708,100.2511082055777,4.618725815579895,-8.828604568021511,100.2511082358854,100.250120996346,-8.828561386639796,-4.64018678088776, 1337.930962, 2.857725524,-7.063917207, 2.857725524, 1379.179417, 7.371507843,-7.063917207, 7.371507843, 2338.252732,55.13760484,1774,40.97745208568207,-1.499436302142052,36.83934611048478,19989.027756136,23269.86765113,-0.3568909110779053,10.48903490868804,354.7659529903677,0.9947832663621241,0.001075391280151662,0.09145216597947624,-0.04518404531387942,0.7680161831790676,0.03271070044088032,-0.6388335929916812,-0.03118963059590739,-0.7680598559754174,-0.03362116057528004,0.638786323423843,0.03009498892507988,7.8502048781431,0.15230244137375,0.012136598842406,0.01221831482402,-0.00053566479541394,20945550.34289914,59509.37251844634,4436.780056091638,20945634.87922945,-195.8231359809433,4436.780056091638,0.16332091782926,23269.86765113,-3280.8398950109,6.19483395,9.84848485,9.84848485,0.459954759,3.09748468,4436.83269,177.485872,3.09748468,-3.09734928,0,1,-0.523,0,0.00622892147,0.174,0.348,0,0.173128587,0.432821467,0.43282152,0,0,-0.00766992187,-1,-0.303753362,0,354.792086,-354.792086,360,5.20791446,0.0908781072,0.0858106392,0.0920395607,0,0,0,-100,-100,-2.8,-7.44018678,0,0,0,-0,-0.379984943,-0.185660643,-0.158859955,0.0229646361,0.00601099349,0.00356573274,-0.00801465799,-0.00558764365,0.00915337638,0.00457668819,-0.0206719866,-0.00577161866,0,0,51223.8,93.1343,1.29953,13.257,198.042,0.384932,20.9953,226.982,2469.95,65,65,0.0121361986261624491,-0.000535287273366527724,20945635.4622753933,0.05402102121251319
39.2,0.04995277089141629,0.01974310274093121,-0.1285037267887806,0.0003251542451514886,0.01224595078585507,0.009372595682918686,0.05404395048154553,0.02012051230516256,-0.1277447043636435,6.434027032,1882457.43,100.750053522,1521.83995423,99.80557198008198,0.2677136884312326,13.76042934973214,0.04952066546493761,-0.00100580090390251,0.003598984660509785,-0.0708128095282845,-0.2400165949946472,0.02677540403064141,5.886286533985804,-0.0414483167425421,-31.5217883286421,99.80557198008248,0.2677136884312788,13.76042934973223,0.2971973616717553,1518.534136215015,100.2538532935229,4.622482411142443,-8.852730536876534,100.2538533235473,100.252863045029,-8.852687125265815,-4.64399286778114, 1337.930962, 2.857725524,-7.063917207, 2.857725524, 1379.179417, 7.371507843,-7.063917207, 7.371507843, 2338.252732,55.13760484,1774,40.97745208568207,-1.499436302142052,36.83934611048478,19989.491963413,23270.331858403,-0.3542880999575145,10.49088851195838,354.7528204444081,0.9947765818184455,0.001109209071261756,0.09146710406160684,-0.04530001002350452,0.7680218661043026,0.03281661297234045,-0.6388184903317272,-0.03124771427349305,-0.768065731612729,-0.03372938047003522,0.6387709468532701,0.03015026403250766,7.8500140140971,0.15224689198073,0.012164022161115,0.012245922782687,-0.00053808310925458,20945550.37297635,59661.22713473414,4446.805305284352,20945635.34128815,-196.7072040185958,4446.805305284352,0.16373872524249,23270.331858403,-3280.8398950106,6.19460475,9.84848485,9.84848485,0.459945833,3.09738556,4446.87744,177.480193,3.09738556,-3.09721918,0,1,-0.523,0,0.00618349384,0.174,0.348,0,0.173128213,0.432820533,0.432820655,0,0,-0.00766992187,-1,-0.301426568,0,354.778952,-354.778952,360,5.22104797,0.0911072871,0.0860634243,0.0922469182,0,0,0,-100,-100,-2.8,-7.44399287,0,0,0,-0,-0.379933022,-0.185635274,-0.158859955,0.0229481893,0.00600668855,0.00356573274,-0.00800891807,-0.00558764365,0.00915337638,0.00457668819,-0.0206980685,-0.00577890071,0,0,51223.1,93.1328,1.29953,13.2567,198.037,0.384948,20.9947,226.98,2469.96,65,65,0.0121636220259103613,-0.000537705477621495281,20945635.9264576845,0.054043950481545526
39.3,0.04999401128150584,0.0209483113095296,-0.1275579553428997,0.0005243566127156506,0.01181679522883424,0.009554931602138385,0.05408507951581511,0.0213267016103019,-0.1267988210055246,6.434549908,1882524.733,100.754939649,1521.81625306,99.81045713621896,0.2676124584350212,13.76077372796126,0.04814369940269891,-0.001184746731564656,0.003496739821574835,-0.06882310500354549,-0.2384520685599714,0.0253789888105027,5.886281663527148,-0.04144300811812027,-31.52380133072683,99.81045713621945,0.2676124584350676,13.76077372796135,0.2902161855141781,1518.510212606514,100.2564614853734,4.626441352253968,-8.876701620257441,100.2564615151141,100.2554681505703,-8.876657975660562,-4.648001276419517, 1337.930962, 2.857725524,-7.063917207, 2.857725524, 1379.179417, 7.371507843,-7.063917207, 7.371507843, 2338.252732,55.13760484,1774,40.97745208568207,-1.499436302142052,36.83934611048478,19989.956561461,23270.796456454,-0.3516654500476086,10.49286617733456,354.7397822128682,0.9947698213947445,0.001143176934214569,0.09148310556167377,-0.04541516373624469,0.7680282474127527,0.03292205808238483,-0.6388025821531199,-0.03130511841929757,-0.7680723050723681,-0.03383713167823812,0.6387547646538088,0.03020485856594636,7.8498285916145,0.15218194259534,0.012191446210692,0.012273531477133,-0.00054050800138192,20945550.40234537,59813.07935087138,4456.83082218723,20945635.80373268,-197.593676925193,4456.83082218723,0.16415653265571,23270.796456454,-3280.839895017,6.19437719,9.84848485,9.84848485,0.459936899,3.09728636,4456.9226,177.474509,3.09728636,-3.09709082,0,1,-0.523,0,0.00613771997,0.174,0.348,0,0.173127528,0.432818819,0.432819025,0,0,-0.00766992187,-1,-0.29907607,0,354.765913,-354.765913,360,5.23408716,0.091334821,0.0863150179,0.0924527379,0,0,0,-100,-100,-2.8,-7.44800128,0,0,0,-0,-0.379878316,-0.185608545,-0.158859955,0.0229310889,0.00600221253,0.00356573274,-0.00800295004,-0.00558764365,0.00915337638,0.00457668819,-0.0207233949,-0.00578597187,0,0,51222.3,93.1314,1.29953,13.2565,198.033,0.384942,20.9941,226.978,2469.98,65,65,0.0121910461553069588,-0.00054013026064964856,20945636.3910303377,0.0540850795158151071
39.4,0.05005637849700852,0.02211104298675224,-0.1265956301101213,0.0007490804353649633,0.01139763997398766,0.009699897339386258,0.05414733421192516,0.02249040726777893,-0.1258363755148127,6.435054725,1882589.383,100.759684995,1521.79269974,99.81520167595576,0.2674928952676652,13.76110759330553,0.04670966126148102,-0.001373433457116935,0.003382444778448956,-0.06690656948615015,-0.236866923413187,0.02393007601659357,5.886275232559874,-0.04143538474248752,-31.52574020515473,99.81520167595626,0.2674928952677116,13.76110759330562,0.2834303594929039,1518.486446471453,100.2589273854646,4.630595571926337,-8.900515799481568,100.2589274149226,100.2579309185345,-8.900471919184726,-4.652204938354167, 1337.930962, 2.857725524,-7.063917207, 2.857725524, 1379.179417, 7.371507843,-7.063917207, 7.371507843, 2338.252732,55.13760484,1774,40.97745208568207,-1.499436302142052,36.83934611048478,19990.421570171,23271.261465165,-0.3490206741284199,10.4949636152475,354.7268402220976,0.9947629894577042,0.001177311777543446,0.09150013235603233,-0.04552949188765766,0.7680353032323634,0.03302703742579583,-0.6387858984987294,-0.03136182077838208,-0.7680795524428999,-0.03394441588900853,0.6387378068710462,0.03025875029713396,7.8496481855515,0.15210678707452,0.012218870952933,0.012301140868896,-0.00054293942915323,20945550.43102609,59964.92918250426,4466.85659283844,20945636.26658293,-198.482539112214,4466.85659283844,0.16457434006894,23271.261465165,-3280.8398950134,6.19415131,9.84848485,9.84848485,0.459927957,3.09718708,4466.96816,177.46882,3.09718708,-3.09696423,0,1,-0.523,0,0.00609155992,0.174,0.348,0,0.173126478,0.432816195,0.432816497,0,0,-0.0061359375,-1,-0.296699184,0,354.75297,-354.75297,360,5.2470301,0.0915606753,0.0865653969,0.0926569568,0,0,0,-100,-100,-2.8,-7.45220494,0,0,0,-0,-0.379820922,-0.185580502,-0.158859955,0.0229132876,0.00599755302,0.00356573274,-0.00799673736,-0.00558764365,0.00915337638,0.00457668819,-0.0207478957,-0.00579281249,0,0,51221.4,93.1299,1.29953,13.2562,198.029,0.38491,20.9936,226.976,2469.99,65,65,0.0122184709761609649,-0.000542561579808131193,20945636.8560132422,0.0541473342119251633
39.5,0.05014210044294057,0.02323231101084575,-0.1256204826457375,0.000992040969564269,0.01098819974556839,0.009807810394826592,0.05423294254438371,0.02361264243991856,-0.1248610997616163,6.435540749,1882651.271,100.764283866,1521.76929602,99.81979997967157,0.2673544117543685,13.76143003785119,0.04522030197606774,-0.001563456210963404,0.003262006158202269,-0.06506694852004813,-0.2352600021311799,0.02243152707682853,5.886266943002746,-0.04142542860175291,-31.52760120579444,99.81979997967207,0.267354411754415,13.76143003785128,0.2768323690573969,1518.462839929637,100.2612458877572,4.63493756632959,-8.924170938788757,100.2612459169352,100.2602462442196,-8.924126820126798,-4.656596348342221, 1337.930962, 2.857725524,-7.063917207, 2.857725524, 1379.179417, 7.371507843,-7.063917207, 7.371507843, 2338.252732,55.13760484,1774,40.97745208568207,-1.499436302142052,36.83934611048478,19990.887008693,23271.726903683,-0.3463512906692796,10.49717662923221,354.7139960189941,0.9947560901488509,0.001211632513627955,0.09151814704261511,-0.04564298335808883,0.7680430100421501,0.03313155651021348,-0.6387684687420054,-0.03141780011428772,-0.7680874501651018,-0.03405123864379423,0.6387201028755782,0.03031191801613061,7.8494727194263,0.15202110125773,0.012246296348195,0.012328750918067,-0.00054537734935767,20945550.45903769,60116.77664548515,4476.882602751121,20945636.72985804,-199.373774783453,4476.882602751121,0.16499214748216,23271.726903683,-3280.8398950131,6.19392713,9.84848485,9.84848485,0.459919007,3.09708771,4477.01411,177.463126,3.09708771,-3.09683942,0,1,-0.523,0,0.00604497039,0.174,0.348,0,0.173125024,0.43281256,0.432812966,0,0,-0.00766992187,-1,-0.294293262,0,354.740125,-354.740125,360,5.25987525,0.0917848232,0.0868145379,0.0928595083,0,0,0,-100,-100,-2.8,-7.45659635,0,0,0,-0,-0.379760942,-0.185551196,-0.158859955,0.0228947336,0.00599269652,0.00356573274,-0.00799026202,-0.00558764365,0.00915337638,0.00457668819,-0.020771539,-0.0057994137,0,0,51220.6,93.1284,1.29953,13.256,198.024,0.384851,20.993,226.974,2470.01,65,65,0.0122458964488475781,-0.000544999391882052746,20945637.3214255571,0.054232942544383711
39.6,0.05025266182875267,0.02431297540340651,-0.1246361662037227,0.001245686372367691,0.01058563869396636,0.009880002218022918,0.05434338928843644,0.02469426710137875,-0.1238766473091749,6.436007279,1882710.297,100.768730826,1521.74604382,99.82424661029387,0.2671972478026063,13.76174068126644,0.04367752817105419,-0.001746746133116345,0.00314001143134135,-0.06330692761344636,-0.2336301715908669,0.02088612843083693,5.886256669324384,-0.04141321287091929,-31.52938163258205,99.82424661029437,0.267197247802653,13.76174068126653,0.2704143803264279,1518.439395215696,100.2634121686068,4.639459512714311,-8.947664786401198,100.2634121975092,100.2624093054019,-8.947620426761857,-4.661167682268239, 1337.930962, 2.857725524,-7.063917207, 2.857725524, 1379.179417, 7.371507843,-7.063917207, 7.371507843, 2338.252732,55.13760484,1774,40.97745208568207,-1.499436302142052,36.83934611048478,19991.352895442,23272.192790433,-0.3436546956522282,10.49950111739988,354.7012507730564,0.994749127382955,0.001246159434996731,0.09153711298107992,-0.04575563039760206,0.7680513446994602,0.03323562420207651,-0.6387503215574619,-0.03147303659702275,-0.768095975059803,-0.03415760884225762,0.6387016813341362,0.0303643419192595,7.8493023997657,0.15192503081968,0.012273722355481,0.012356361583373,-0.00054782171818431,20945550.48639857,60268.62175588416,4486.90883694199,20945637.19357644,-200.2673679233194,4486.90883694199,0.16540995489538,23272.192790433,-3280.8398950161,6.19370469,9.84848485,9.84848485,0.459910048,3.09698826,4487.06043,177.457428,3.09698826,-3.09671642,0,1,-0.523,0,0.00599790593,0.174,0.348,0,0.173123139,0.432807846,0.432808362,0,0,-0.00766992187,-1,-0.291855765,0,354.727379,-354.727379,360,5.27262144,0.0920072441,0.0870624176,0.0930603235,0,0,0,-100,-100,-2.8,-7.46116768,0,0,0,-0,-0.379698483,-0.185520679,-0.158859955,0.0228753725,0.00598762876,0.00356573274,-0.00798350501,-0.00558764365,0.00915337638,0.00457668819,-0.0207943307,-0.00580577712,0,0,51219.8,93.1269,1.29953,13.2557,198.02,0.384765,20.9925,226.972,2470.02,65,65,0.0122733225323866015,-0.000547443653052969337,20945637.7872856893,0.0543433892884364472
39.7,0.05038879167038229,0.02535354029043834,-0.1236461594321552,0.001502506505299989,0.01018570854549638,0.009918704456947524,0.05447940352250977,0.02573578535833685,-0.1228864971106052,6.436453649,1882766.361,100.773020689,1521.72294518,99.82853632929658,0.2670224271684329,13.76203953422448,0.04208341270933769,-0.001915775375061241,0.003019635966655443,-0.06162839543657839,-0.2319763564588454,0.0192965976875925,5.886244405903197,-0.04139889576280392,-31.53107957374278,99.82853632929708,0.2670224271684797,13.76203953422456,0.2641683330481585,1518.41611467497,100.2654216794695,4.64415336236441,-8.970994978886027,100.2654217081016,100.2644155550211,-8.970950375713382,-4.665910890096288, 1337.930962, 2.857725524,-7.063917207, 2.857725524, 1379.179417, 7.371507843,-7.063917207, 7.371507843, 2338.252732,55.13760484,1774,40.97745208568207,-1.499436302142052,36.83934611048478,19991.819247965,23272.65914296,-0.340928235497871,10.50193304719074,354.6886052890184,0.9947421048721121,0.001280913561865941,0.09155699410201824,-0.04586742845979111,0.7680602843220712,0.03333925214778764,-0.6387314850725991,-0.0315275121469671,-0.7681051042105069,-0.03426353816364867,0.6386825703622858,0.03041600395317483,7.8491376378813,0.15181916658417,0.012301148932511,0.012383972822248,-0.00055027249119054,20945550.5131263,60420.46453000044,4496.93527995921,20945637.65775568,-201.1633022852984,4496.93527995921,0.16582776230861,23272.65914296,-3280.8398950093,6.19348398,9.84848485,9.84848485,0.459901081,3.09688875,4497.10711,177.451725,3.09688875,-3.09659524,0,1,-0.523,0,0.00595032022,0.174,0.348,0,0.173120807,0.432802019,0.432802646,0,0,-0.0061359375,-1,-0.289384327,0,354.714732,-354.714732,360,5.28526785,0.0922279241,0.0873090129,0.0932593331,0,0,0,-100,-100,-2.8,-7.46591089,0,0,0,-0,-0.379633656,-0.185489004,-0.158859955,0.0228551485,0.00598233511,0.00356573274,-0.00797644681,-0.00558764365,0.00915337638,0.00457668819,-0.0208163124,-0.00581191443,0,0,51219,93.1254,1.29953,13.2555,198.016,0.384654,20.9919,226.97,2470.04,65,65,0.0123007491845186518,-0.000549894318867898764,20945638.2536112107,0.0544794035225097673
39.8,0.05055047985851549,0.02635405743468931,-0.1226536815872225,0.001755300251421325,0.009783703505048964,0.009926932123123004,0.05464097519712984,0.02673724897830468,-0.1218938687253209,6.436879222,1882819.371,100.777148519,1521.70000224,99.8326641130392,0.2668316950639831,13.76232686129196,0.04044018924757165,-0.002063732148285563,0.002902732704548328,-0.06003270306089803,-0.230297570687905,0.01766559899490657,5.886230215487964,-0.04138271241764148,-31.53269365182342,99.8326641130397,0.26683169506403,13.76232686129205,0.2580860071468656,1518.393000756131,100.267270140728,4.649010907127053,-8.994159048723219,100.2672701690961,100.2662607149946,-8.994114199520567,-4.670817762399354, 1337.930962, 2.857725524,-7.063917207, 2.857725524, 1379.179417, 7.371507843,-7.063917207, 7.371507843, 2338.252732,55.13760484,1774,40.97745208568207,-1.499436302142052,36.83934611048478,19992.286083058,23273.12597806,-0.3381692781911946,10.50446841482374,354.6760600288367,0.9947350261659955,0.001315915991531676,0.09157775458316883,-0.04597837595670581,0.7680698060876735,0.03344245414040343,-0.6387119871252944,-0.03158121072169223,-0.7681148147633219,-0.03436904043385868,0.6386627977826858,0.03046688810196745,7.8489789713435,0.15170450896233,0.012328576035797,0.012411584590913,-0.00055272962327322,20945550.53923769,60572.30498437292,4506.961915909582,20945638.12241256,-202.0615613813934,4506.961915909582,0.16624556972183,23273.12597806,-3280.8398950122,6.19326503,9.84848485,9.84848485,0.459892105,3.09678916,4507.15413,177.446019,3.09678916,-3.09647587,0,1,-0.523,0,0.00590216733,0.174,0.348,0,0.17311803,0.432795074,0.432795813,0,0,-0.00766992187,-1,-0.286876807,0,354.702186,-354.702186,360,5.29781404,0.092446855,0.0875543013,0.0934564686,0,0,0,-100,-100,-2.8,-7.47081776,0,0,0,-0,-0.379566573,-0.185456227,-0.158859955,0.0228340056,0.00597680096,0.00356573274,-0.00796906795,-0.00558764365,0.00915337638,0.00457668819,-0.0208375593,-0.00581784657,0,0,51218.2,93.1239,1.29953,13.2552,198.011,0.384518,20.9914,226.968,2470.05,65,65,0.0123281763617794724,-0.000552351344211078339,20945638.7204189152,0.0546409751971298416
39.9,0.05073701840267147,0.02731411486849788,-0.121661619562432,0.001997396835170149,0.009375178841246135,0.009908363782046818,0.05482739637979537,0.02769824601992177,-0.120901649351071,6.437283395,1882869.239,100.781109629,1521.67721728,99.83662516809038,0.2666274396558332,13.76260305845625,0.03875023620357876,-0.002184665304713146,0.002790039547598155,-0.05852089142324957,-0.2285929456466625,0.01599576293913902,5.886214184455834,-0.04136496517850576,-31.53422280075782,99.83662516809088,0.2666274396558803,13.76260305845634,0.252159064749497,1518.370056000811,100.2689535373192,4.654023821413411,-9.017154434789498,100.2689535654301,100.2679407718338,-9.01710933712185,-4.675879972359974, 1337.930962, 2.857725524,-7.063917207, 2.857725524, 1379.179417, 7.371507843,-7.063917207, 7.371507843, 2338.252732,55.13760484,1774,40.97745208568207,-1.499436302142052,36.83934611048478,19992.753416687,23273.593311683,-0.335375280116887,10.5071031991513,354.6636151417822,0.9947278947000951,0.001351187276069128,0.091599358475896,-0.04608847394708751,0.7680798870038276,0.03354524545917518,-0.6386918555620054,-0.03163411853561122,-0.7681250836972748,-0.03447413096539046,0.6386423914242119,0.03051698060714807,7.8488269938022,0.15158242325118,0.01235600362072,0.012439196844447,-0.00055519306864089,20945550.56474868,60724.14313579017,4516.988728485201,20945638.58756303,-202.962128471976,4516.988728485201,0.16666337713505,23273.593311683,-3280.8398950152,6.19304782,9.84848485,9.84848485,0.459883119,3.09668951,4517.20147,177.440309,3.09668951,-3.09635831,0,1,-0.523,0,0.00585340287,0.174,0.348,0,0.173114816,0.432787041,0.432787887,0,0,-0.0061359375,-1,-0.284331332,0,354.68974,-354.68974,360,5.31025984,0.0926640342,0.0877982612,0.093651664,0,0,0,-100,-100,-2.8,-7.47587997,0,0,0,-0,-0.379497347,-0.185422404,-0.158859955,0.0228118894,0.00597101206,0.00356573274,-0.00796134941,-0.00558764365,0.00915337638,0.00457668819,-0.0208581763,-0.00582360281,0,0,51217.3,93.1224,1.29953,13.255,198.007,0.384361,20.9909,226.966,2470.06,65,65,0.0123556040195728321,-0.000554814683276871976,20945639.1877247654,0.0548273963797953692
40,0.05094706272509091,0.02823288622196498,-0.1206724670462904,0.002222831056577082,0.008956422768201045,0.00986721838751183,0.05503732254967997,0.02861795015765866,-0.1199123329843464,6.437665594,1882915.88,100.784899577,1521.65459266,99.84041494470056,0.2664126005099696,13.76286855428916,0.03701605505260819,-0.002273598217424122,0.002681446240593743,-0.05709387166249513,-0.2268617537939433,0.01428970726739766,5.886196388019809,-0.04134601259489668,-31.53566608898455,99.84041494470105,0.2664126005100168,13.76286855428925,0.2463790717299986,1518.347283030639,100.2704681164196,4.659183683709081,-9.039978495382176,100.2704681442807,100.2694519743277,-9.039933146878589,-4.681089097281022, 1337.930962, 2.857725524,-7.063917207, 2.857725524, 1379.179417, 7.371507843,-7.063917207, 7.371507843, 2338.252732,55.13760484,1774,40.97745208568207,-1.499436302142052,36.83934611048478,19993.22126396,23274.061158956,-0.3325438465712771,10.50983331733393,354.651270501377,0.9947207138455652,0.001386746849968573,0.09162176934543861,-0.04619772577001861,0.7680905036887955,0.03364764220579503,-0.6386711185273729,-0.03168622420572144,-0.7681358876053974,-0.0345788258940273,0.6386213794125003,0.03056627011371249,7.8486822982829,0.15145458753059,0.012383431641595,0.012466809536859,-0.00055766278079045,20945550.5896744,60875.97900129898,4527.015700989778,20945639.05322223,-203.8649865572515,4527.015700989778,0.16708118454828,23274.061158956,-3280.8398950115,6.19283237,9.84848485,9.84848485,0.459874123,3.09658979,4527.24912,177.434595,3.09658979,-3.09624257,0,1,-0.523,0,0.00580398503,0.174,0.348,0,0.17311119,0.432777975,0.432778922,0,0,-0.00766992187,-1,-0.281746329,0,354.677395,-354.677395,360,5.32260539,0.0928794641,0.0880408719,0.0938448569,0,0,0,-100,-100,-2.8,-7.4810891,0,0,0,-0,-0.379426095,-0.18538759,-0.158859955,0.0227887481,0.00596495482,0.00356573274,-0.00795327309,-0.00558764365,0.00915337638,0.00457668819,-0.0208782938,-0.00582921963,0,0,51216.5,93.1209,1.29953,13.2547,198.003,0.384187,20.9904,226.964,2470.08,65,65,0.0123830321122424016,-0.000557284289547099634,20945639.6555438899,0.0550373225496799678
